{
"type": "FeatureCollection",
"name": "texas_cotton_area",
"crs": { "type": "name", "properties": { "name": "urn:ogc:def:crs:OGC:1.3:CRS84" } },
"features": [
{ "type": "Feature", "properties": { "cotton": 1 }, "geometry": { "type": "MultiPolygon", "coordinates": [ [ [ [ -97.1000435, 33.8182829 ], [ -97.1000435, 33.7808838 ], [ -97.0550379, 33.7808838 ], [ -97.0550379, 33.8182829 ], [ -97.1000435, 33.8182829 ] ] ], [ [ [ -94.1296742, 33.2932116 ], [ -94.1296742, 33.2555845 ], [ -94.039663, 33.2555845 ], [ -94.039663, 33.2932116 ], [ -94.1296742, 33.2932116 ] ] ], [ [ [ -94.1296742, 32.9162127 ], [ -94.1746798, 32.9162127 ], [ -94.1746798, 32.878424 ], [ -94.1296742, 32.878424 ], [ -94.1296742, 32.8406192 ], [ -94.0846686, 32.8406192 ], [ -94.0846686, 32.878424 ], [ -94.039663, 32.878424 ], [ -94.039663, 32.9917418 ], [ -94.1296742, 32.9917418 ], [ -94.1296742, 32.9162127 ] ] ], [ [ [ -94.219685399999989, 32.878424 ], [ -94.219685399999989, 32.8406192 ], [ -94.1746798, 32.8406192 ], [ -94.1746798, 32.878424 ], [ -94.219685399999989, 32.878424 ] ] ], [ [ [ -94.1746798, 32.8027982 ], [ -94.1746798, 32.7649611 ], [ -94.1296742, 32.7649611 ], [ -94.1296742, 32.6892388 ], [ -94.0846686, 32.6892388 ], [ -94.0846686, 32.727108 ], [ -94.039663, 32.727108 ], [ -94.039663, 32.7649611 ], [ -94.0846686, 32.7649611 ], [ -94.0846686, 32.8027982 ], [ -94.1746798, 32.8027982 ] ] ], [ [ [ -94.0846686, 32.1954802 ], [ -94.219685399999989, 32.1954802 ], [ -94.219685399999989, 32.1573869 ], [ -94.1746798, 32.1573869 ], [ -94.1746798, 32.1192777 ], [ -94.1296742, 32.1192777 ], [ -94.1296742, 32.0811525 ], [ -94.0846686, 32.0811525 ], [ -94.0846686, 32.1192777 ], [ -94.039663, 32.1192777 ], [ -94.039663, 32.2335575 ], [ -94.0846686, 32.2335575 ], [ -94.0846686, 32.1954802 ] ] ], [ [ [ -94.264691, 32.0811525 ], [ -94.264691, 32.0430115 ], [ -94.1746798, 32.0430115 ], [ -94.1746798, 32.0811525 ], [ -94.264691, 32.0811525 ] ] ], [ [ [ -94.0846686, 32.0811525 ], [ -94.0846686, 32.0430115 ], [ -94.039663, 32.0430115 ], [ -94.039663, 32.0811525 ], [ -94.0846686, 32.0811525 ] ] ], [ [ [ -94.5797301, 32.0430115 ], [ -94.5797301, 32.0048546 ], [ -94.5347245, 32.0048546 ], [ -94.5347245, 32.0430115 ], [ -94.5797301, 32.0430115 ] ] ], [ [ [ -94.444713299999989, 32.0430115 ], [ -94.444713299999989, 32.0048546 ], [ -94.3997077, 32.0048546 ], [ -94.3997077, 32.0430115 ], [ -94.444713299999989, 32.0430115 ] ] ], [ [ [ -106.4612074, 32.0048546 ], [ -106.4612074, 31.9666817 ], [ -106.4162018, 31.9666817 ], [ -106.4162018, 32.0048546 ], [ -106.4612074, 32.0048546 ] ] ], [ [ [ -106.3261906, 32.0048546 ], [ -106.3261906, 31.9666817 ], [ -106.281185, 31.9666817 ], [ -106.281185, 32.0048546 ], [ -106.3261906, 32.0048546 ] ] ], [ [ [ -106.1461682, 32.0048546 ], [ -106.1461682, 31.9666817 ], [ -106.1011626, 31.9666817 ], [ -106.1011626, 32.0048546 ], [ -106.1461682, 32.0048546 ] ] ], [ [ [ -105.4260787, 32.0048546 ], [ -105.4260787, 31.9666817 ], [ -105.3810731, 31.9666817 ], [ -105.3810731, 32.0048546 ], [ -105.4260787, 32.0048546 ] ] ], [ [ [ -94.4897189, 32.0048546 ], [ -94.4897189, 31.8902884 ], [ -94.3997077, 31.8902884 ], [ -94.3997077, 31.928493 ], [ -94.444713299999989, 31.928493 ], [ -94.444713299999989, 32.0048546 ], [ -94.4897189, 32.0048546 ] ] ], [ [ [ -94.3997077, 32.0048546 ], [ -94.3997077, 31.9666817 ], [ -94.3547021, 31.9666817 ], [ -94.3547021, 32.0048546 ], [ -94.3997077, 32.0048546 ] ] ], [ [ [ -106.3711962, 31.9666817 ], [ -106.3711962, 31.928493 ], [ -106.3261906, 31.928493 ], [ -106.3261906, 31.9666817 ], [ -106.3711962, 31.9666817 ] ] ], [ [ [ -106.2361794, 31.9666817 ], [ -106.281185, 31.9666817 ], [ -106.281185, 31.928493 ], [ -106.1911738, 31.928493 ], [ -106.1911738, 32.0048546 ], [ -106.2361794, 32.0048546 ], [ -106.2361794, 31.9666817 ] ] ], [ [ [ -105.6511067, 31.9666817 ], [ -105.6511067, 31.928493 ], [ -105.606101099999989, 31.928493 ], [ -105.606101099999989, 31.9666817 ], [ -105.6511067, 31.9666817 ] ] ], [ [ [ -105.5160899, 31.9666817 ], [ -105.5160899, 31.928493 ], [ -105.471084300000015, 31.928493 ], [ -105.471084300000015, 31.9666817 ], [ -105.5160899, 31.9666817 ] ] ], [ [ [ -103.2658101, 31.9666817 ], [ -103.2658101, 31.8902884 ], [ -103.1307933, 31.8902884 ], [ -103.1307933, 31.928493 ], [ -103.1757989, 31.928493 ], [ -103.1757989, 31.9666817 ], [ -103.2658101, 31.9666817 ] ] ], [ [ [ -94.3547021, 31.9666817 ], [ -94.3547021, 31.928493 ], [ -94.3096965, 31.928493 ], [ -94.3096965, 31.9666817 ], [ -94.3547021, 31.9666817 ] ] ], [ [ [ -106.506213, 31.928493 ], [ -106.506213, 31.8902884 ], [ -106.4162018, 31.8902884 ], [ -106.4162018, 31.928493 ], [ -106.506213, 31.928493 ] ] ], [ [ [ -106.3261906, 31.928493 ], [ -106.3261906, 31.8902884 ], [ -106.281185, 31.8902884 ], [ -106.281185, 31.928493 ], [ -106.3261906, 31.928493 ] ] ], [ [ [ -94.939774899999989, 31.928493 ], [ -94.939774899999989, 31.8902884 ], [ -94.8947693, 31.8902884 ], [ -94.8947693, 31.928493 ], [ -94.939774899999989, 31.928493 ] ] ], [ [ [ -106.4162018, 31.8902884 ], [ -106.4162018, 31.852068 ], [ -106.3711962, 31.852068 ], [ -106.3711962, 31.8902884 ], [ -106.4162018, 31.8902884 ] ] ], [ [ [ -105.9211402, 31.8902884 ], [ -105.9211402, 31.852068 ], [ -105.8761347, 31.852068 ], [ -105.8761347, 31.8902884 ], [ -105.9211402, 31.8902884 ] ] ], [ [ [ -104.6609836, 31.8902884 ], [ -104.6609836, 31.852068 ], [ -104.615978, 31.852068 ], [ -104.615978, 31.8902884 ], [ -104.6609836, 31.8902884 ] ] ], [ [ [ -94.7147469, 31.8902884 ], [ -94.7597525, 31.8902884 ], [ -94.7597525, 31.7755796 ], [ -94.6247357, 31.7755796 ], [ -94.6247357, 31.8138317 ], [ -94.4897189, 31.8138317 ], [ -94.4897189, 31.852068 ], [ -94.5347245, 31.852068 ], [ -94.5347245, 31.928493 ], [ -94.5797301, 31.928493 ], [ -94.5797301, 31.8902884 ], [ -94.6247357, 31.8902884 ], [ -94.6247357, 31.9666817 ], [ -94.7147469, 31.9666817 ], [ -94.7147469, 31.8902884 ] ], [ [ -94.6697413, 31.8902884 ], [ -94.6697413, 31.852068 ], [ -94.7147469, 31.852068 ], [ -94.7147469, 31.8902884 ], [ -94.6697413, 31.8902884 ] ] ], [ [ [ -106.3261906, 31.852068 ], [ -106.3261906, 31.8138317 ], [ -106.281185, 31.8138317 ], [ -106.281185, 31.852068 ], [ -106.3261906, 31.852068 ] ] ], [ [ [ -106.3711962, 31.8138317 ], [ -106.3711962, 31.7755796 ], [ -106.3261906, 31.7755796 ], [ -106.3261906, 31.8138317 ], [ -106.3711962, 31.8138317 ] ] ], [ [ [ -93.9946574, 31.7755796 ], [ -93.9946574, 31.7373117 ], [ -93.9496518, 31.7373117 ], [ -93.9496518, 31.7755796 ], [ -93.9946574, 31.7755796 ] ] ], [ [ [ -106.056157, 31.8902884 ], [ -106.2361794, 31.8902884 ], [ -106.2361794, 31.852068 ], [ -106.1461682, 31.852068 ], [ -106.1461682, 31.8138317 ], [ -106.1911738, 31.8138317 ], [ -106.1911738, 31.7755796 ], [ -106.1461682, 31.7755796 ], [ -106.1461682, 31.7373117 ], [ -106.056157, 31.7373117 ], [ -106.056157, 31.6990279 ], [ -105.9661458, 31.6990279 ], [ -105.9661458, 31.7373117 ], [ -106.0111514, 31.7373117 ], [ -106.0111514, 31.7755796 ], [ -106.056157, 31.7755796 ], [ -106.056157, 31.852068 ], [ -105.9661458, 31.852068 ], [ -105.9661458, 31.8902884 ], [ -106.0111514, 31.8902884 ], [ -106.0111514, 31.9666817 ], [ -106.056157, 31.9666817 ], [ -106.056157, 31.8902884 ] ] ], [ [ [ -94.8497637, 31.7755796 ], [ -94.8497637, 31.6990279 ], [ -94.8047581, 31.6990279 ], [ -94.8047581, 31.6607283 ], [ -94.7147469, 31.6607283 ], [ -94.7147469, 31.6990279 ], [ -94.6247357, 31.6990279 ], [ -94.6247357, 31.6607283 ], [ -94.5797301, 31.6607283 ], [ -94.5797301, 31.6990279 ], [ -94.5347245, 31.6990279 ], [ -94.5347245, 31.7755796 ], [ -94.5797301, 31.7755796 ], [ -94.5797301, 31.7373117 ], [ -94.7597525, 31.7373117 ], [ -94.7597525, 31.7755796 ], [ -94.8497637, 31.7755796 ] ] ], [ [ [ -105.2460563, 31.7373117 ], [ -105.2460563, 31.6990279 ], [ -105.2010507, 31.6990279 ], [ -105.2010507, 31.7373117 ], [ -105.2460563, 31.7373117 ] ] ], [ [ [ -104.7509948, 31.7373117 ], [ -104.7509948, 31.6990279 ], [ -104.7059892, 31.6990279 ], [ -104.7059892, 31.7373117 ], [ -104.7509948, 31.7373117 ] ] ], [ [ [ -104.6609836, 31.7373117 ], [ -104.6609836, 31.6990279 ], [ -104.615978, 31.6990279 ], [ -104.615978, 31.7373117 ], [ -104.6609836, 31.7373117 ] ] ], [ [ [ -94.264691, 31.7373117 ], [ -94.264691, 31.6607283 ], [ -94.219685399999989, 31.6607283 ], [ -94.219685399999989, 31.6990279 ], [ -94.1746798, 31.6990279 ], [ -94.1746798, 31.622413 ], [ -94.1296742, 31.622413 ], [ -94.1296742, 31.7373117 ], [ -94.264691, 31.7373117 ] ] ], [ [ [ -94.219685399999989, 31.9666817 ], [ -94.264691, 31.9666817 ], [ -94.264691, 31.928493 ], [ -94.1746798, 31.928493 ], [ -94.1746798, 31.8902884 ], [ -94.3096965, 31.8902884 ], [ -94.3096965, 31.852068 ], [ -94.264691, 31.852068 ], [ -94.264691, 31.7755796 ], [ -94.1296742, 31.7755796 ], [ -94.1296742, 31.7373117 ], [ -94.039663, 31.7373117 ], [ -94.039663, 31.8138317 ], [ -93.9946574, 31.8138317 ], [ -93.9946574, 31.852068 ], [ -93.9496518, 31.852068 ], [ -93.9496518, 31.7755796 ], [ -93.9046462, 31.7755796 ], [ -93.9046462, 31.7373117 ], [ -93.9496518, 31.7373117 ], [ -93.9496518, 31.6990279 ], [ -93.8596406, 31.6990279 ], [ -93.8596406, 31.8138317 ], [ -93.9046462, 31.8138317 ], [ -93.9046462, 31.928493 ], [ -93.9496518, 31.928493 ], [ -93.9496518, 31.8902884 ], [ -93.9946574, 31.8902884 ], [ -93.9946574, 31.9666817 ], [ -94.0846686, 31.9666817 ], [ -94.0846686, 32.0048546 ], [ -94.219685399999989, 32.0048546 ], [ -94.219685399999989, 31.9666817 ] ], [ [ -94.0846686, 31.9666817 ], [ -94.0846686, 31.852068 ], [ -94.1296742, 31.852068 ], [ -94.1296742, 31.9666817 ], [ -94.0846686, 31.9666817 ] ], [ [ -94.1296742, 31.852068 ], [ -94.1296742, 31.8138317 ], [ -94.1746798, 31.8138317 ], [ -94.1746798, 31.852068 ], [ -94.1296742, 31.852068 ] ] ], [ [ [ -104.7059892, 31.6990279 ], [ -104.7059892, 31.6607283 ], [ -104.6609836, 31.6607283 ], [ -104.6609836, 31.6990279 ], [ -104.7059892, 31.6990279 ] ] ], [ [ [ -94.039663, 31.6990279 ], [ -94.039663, 31.622413 ], [ -93.9946574, 31.622413 ], [ -93.9946574, 31.6607283 ], [ -93.9496518, 31.6607283 ], [ -93.9496518, 31.6990279 ], [ -94.039663, 31.6990279 ] ] ], [ [ [ -106.1011626, 31.6607283 ], [ -106.1011626, 31.622413 ], [ -106.056157, 31.622413 ], [ -106.056157, 31.6607283 ], [ -106.1011626, 31.6607283 ] ] ], [ [ [ -105.8761347, 31.6607283 ], [ -105.8761347, 31.622413 ], [ -105.7411179, 31.622413 ], [ -105.7411179, 31.6607283 ], [ -105.8761347, 31.6607283 ] ] ], [ [ [ -105.606101099999989, 31.6607283 ], [ -105.606101099999989, 31.622413 ], [ -105.5610955, 31.622413 ], [ -105.5610955, 31.6607283 ], [ -105.606101099999989, 31.6607283 ] ] ], [ [ [ -105.5160899, 31.6607283 ], [ -105.5160899, 31.622413 ], [ -105.471084300000015, 31.622413 ], [ -105.471084300000015, 31.6607283 ], [ -105.5160899, 31.6607283 ] ] ], [ [ [ -104.615978, 31.6607283 ], [ -104.6609836, 31.6607283 ], [ -104.6609836, 31.5840818 ], [ -104.5709724, 31.5840818 ], [ -104.5709724, 31.6990279 ], [ -104.615978, 31.6990279 ], [ -104.615978, 31.6607283 ] ] ], [ [ [ -94.444713299999989, 31.8138317 ], [ -94.4897189, 31.8138317 ], [ -94.4897189, 31.7755796 ], [ -94.444713299999989, 31.7755796 ], [ -94.444713299999989, 31.6990279 ], [ -94.4897189, 31.6990279 ], [ -94.4897189, 31.6607283 ], [ -94.5347245, 31.6607283 ], [ -94.5347245, 31.622413 ], [ -94.6697413, 31.622413 ], [ -94.6697413, 31.6607283 ], [ -94.7147469, 31.6607283 ], [ -94.7147469, 31.5840818 ], [ -94.6697413, 31.5840818 ], [ -94.6697413, 31.5457349 ], [ -94.6247357, 31.5457349 ], [ -94.6247357, 31.5840818 ], [ -94.5347245, 31.5840818 ], [ -94.5347245, 31.5073723 ], [ -94.3997077, 31.5073723 ], [ -94.3997077, 31.5457349 ], [ -94.3096965, 31.5457349 ], [ -94.3096965, 31.5840818 ], [ -94.444713299999989, 31.5840818 ], [ -94.444713299999989, 31.622413 ], [ -94.3547021, 31.622413 ], [ -94.3547021, 31.7373117 ], [ -94.3997077, 31.7373117 ], [ -94.3997077, 31.7755796 ], [ -94.3547021, 31.7755796 ], [ -94.3547021, 31.8138317 ], [ -94.3997077, 31.8138317 ], [ -94.3997077, 31.852068 ], [ -94.444713299999989, 31.852068 ], [ -94.444713299999989, 31.8138317 ] ], [ [ -94.444713299999989, 31.5840818 ], [ -94.444713299999989, 31.5457349 ], [ -94.4897189, 31.5457349 ], [ -94.4897189, 31.5840818 ], [ -94.444713299999989, 31.5840818 ] ] ], [ [ [ -103.3108157, 31.622413 ], [ -103.3108157, 31.5840818 ], [ -103.2658101, 31.5840818 ], [ -103.2658101, 31.622413 ], [ -103.3108157, 31.622413 ] ] ], [ [ [ -94.3096965, 31.622413 ], [ -94.3096965, 31.5840818 ], [ -94.264691, 31.5840818 ], [ -94.264691, 31.622413 ], [ -94.3096965, 31.622413 ] ] ], [ [ [ -94.219685399999989, 31.622413 ], [ -94.219685399999989, 31.5073723 ], [ -94.1296742, 31.5073723 ], [ -94.1296742, 31.5840818 ], [ -94.1746798, 31.5840818 ], [ -94.1746798, 31.622413 ], [ -94.219685399999989, 31.622413 ] ] ], [ [ [ -94.0846686, 31.5840818 ], [ -94.0846686, 31.5457349 ], [ -94.039663, 31.5457349 ], [ -94.039663, 31.5840818 ], [ -94.0846686, 31.5840818 ] ] ], [ [ [ -105.1110395, 31.5457349 ], [ -105.1110395, 31.4689938 ], [ -105.0660339, 31.4689938 ], [ -105.0660339, 31.5457349 ], [ -105.1110395, 31.5457349 ] ] ], [ [ [ -104.5259668, 31.5457349 ], [ -104.5259668, 31.5073723 ], [ -104.4809612, 31.5073723 ], [ -104.4809612, 31.5457349 ], [ -104.5259668, 31.5457349 ] ] ], [ [ [ -93.8596406, 31.5457349 ], [ -93.8596406, 31.5073723 ], [ -93.814635, 31.5073723 ], [ -93.814635, 31.5457349 ], [ -93.8596406, 31.5457349 ] ] ], [ [ [ -94.5797301, 31.5073723 ], [ -94.5797301, 31.4689938 ], [ -94.5347245, 31.4689938 ], [ -94.5347245, 31.5073723 ], [ -94.5797301, 31.5073723 ] ] ], [ [ [ -93.9946574, 31.5073723 ], [ -94.039663, 31.5073723 ], [ -94.039663, 31.4689938 ], [ -93.9496518, 31.4689938 ], [ -93.9496518, 31.5457349 ], [ -93.9946574, 31.5457349 ], [ -93.9946574, 31.5073723 ] ] ], [ [ [ -94.0846686, 31.4689938 ], [ -94.0846686, 31.4305997 ], [ -94.039663, 31.4305997 ], [ -94.039663, 31.4689938 ], [ -94.0846686, 31.4689938 ] ] ], [ [ [ -93.9046462, 31.4689938 ], [ -93.9046462, 31.4305997 ], [ -93.8596406, 31.4305997 ], [ -93.8596406, 31.4689938 ], [ -93.9046462, 31.4689938 ] ] ], [ [ [ -93.769629400000014, 31.4689938 ], [ -93.769629400000014, 31.4305997 ], [ -93.724623799999989, 31.4305997 ], [ -93.724623799999989, 31.4689938 ], [ -93.769629400000014, 31.4689938 ] ] ], [ [ [ -94.3096965, 31.5073723 ], [ -94.3547021, 31.5073723 ], [ -94.3547021, 31.4305997 ], [ -94.3096965, 31.4305997 ], [ -94.3096965, 31.3921898 ], [ -94.219685399999989, 31.3921898 ], [ -94.219685399999989, 31.4305997 ], [ -94.264691, 31.4305997 ], [ -94.264691, 31.5457349 ], [ -94.3096965, 31.5457349 ], [ -94.3096965, 31.5073723 ] ] ], [ [ [ -104.615978, 31.4689938 ], [ -104.615978, 31.3921898 ], [ -104.5709724, 31.3921898 ], [ -104.5709724, 31.4689938 ], [ -104.615978, 31.4689938 ] ] ], [ [ [ -94.6247357, 31.4305997 ], [ -94.6247357, 31.3537642 ], [ -94.5797301, 31.3537642 ], [ -94.5797301, 31.3921898 ], [ -94.5347245, 31.3921898 ], [ -94.5347245, 31.4305997 ], [ -94.6247357, 31.4305997 ] ] ], [ [ [ -93.9946574, 31.4305997 ], [ -93.9946574, 31.3921898 ], [ -93.9496518, 31.3921898 ], [ -93.9496518, 31.4305997 ], [ -93.9946574, 31.4305997 ] ] ], [ [ [ -104.5709724, 31.3921898 ], [ -104.5709724, 31.3537642 ], [ -104.5259668, 31.3537642 ], [ -104.5259668, 31.3921898 ], [ -104.5709724, 31.3921898 ] ] ], [ [ [ -94.8047581, 31.5840818 ], [ -94.8497637, 31.5840818 ], [ -94.8497637, 31.5073723 ], [ -94.8947693, 31.5073723 ], [ -94.8947693, 31.4689938 ], [ -94.8497637, 31.4689938 ], [ -94.8497637, 31.3921898 ], [ -94.8947693, 31.3921898 ], [ -94.8947693, 31.3153228 ], [ -94.8497637, 31.3153228 ], [ -94.8497637, 31.2383931 ], [ -94.7597525, 31.2383931 ], [ -94.7597525, 31.2768658 ], [ -94.8047581, 31.2768658 ], [ -94.8047581, 31.3537642 ], [ -94.6697413, 31.3537642 ], [ -94.6697413, 31.4305997 ], [ -94.7147469, 31.4305997 ], [ -94.7147469, 31.5073723 ], [ -94.6697413, 31.5073723 ], [ -94.6697413, 31.5457349 ], [ -94.7147469, 31.5457349 ], [ -94.7147469, 31.5840818 ], [ -94.7597525, 31.5840818 ], [ -94.7597525, 31.622413 ], [ -94.8047581, 31.622413 ], [ -94.8047581, 31.5840818 ] ], [ [ -94.7597525, 31.5073723 ], [ -94.7597525, 31.4689938 ], [ -94.8047581, 31.4689938 ], [ -94.8047581, 31.5073723 ], [ -94.7597525, 31.5073723 ] ] ], [ [ [ -94.5347245, 31.3921898 ], [ -94.5347245, 31.3537642 ], [ -94.4897189, 31.3537642 ], [ -94.4897189, 31.3921898 ], [ -94.5347245, 31.3921898 ] ] ], [ [ [ -94.039663, 31.3921898 ], [ -94.039663, 31.3153228 ], [ -93.9946574, 31.3153228 ], [ -93.9946574, 31.3921898 ], [ -94.039663, 31.3921898 ] ] ], [ [ [ -93.8596406, 31.3921898 ], [ -93.8596406, 31.2768658 ], [ -93.814635, 31.2768658 ], [ -93.814635, 31.3921898 ], [ -93.8596406, 31.3921898 ] ] ], [ [ [ -105.5160899, 31.3153228 ], [ -105.5160899, 31.2768658 ], [ -105.471084300000015, 31.2768658 ], [ -105.471084300000015, 31.3153228 ], [ -105.5160899, 31.3153228 ] ] ], [ [ [ -94.6697413, 31.3153228 ], [ -94.7597525, 31.3153228 ], [ -94.7597525, 31.2768658 ], [ -94.7147469, 31.2768658 ], [ -94.7147469, 31.2383931 ], [ -94.6697413, 31.2383931 ], [ -94.6697413, 31.2768658 ], [ -94.6247357, 31.2768658 ], [ -94.6247357, 31.3537642 ], [ -94.6697413, 31.3537642 ], [ -94.6697413, 31.3153228 ] ] ], [ [ [ -94.3997077, 31.3153228 ], [ -94.3997077, 31.2768658 ], [ -94.3547021, 31.2768658 ], [ -94.3547021, 31.3153228 ], [ -94.3997077, 31.3153228 ] ] ], [ [ [ -94.219685399999989, 31.3153228 ], [ -94.219685399999989, 31.2768658 ], [ -94.1746798, 31.2768658 ], [ -94.1746798, 31.3153228 ], [ -94.219685399999989, 31.3153228 ] ] ], [ [ [ -93.9946574, 31.3153228 ], [ -93.9946574, 31.2383931 ], [ -93.9496518, 31.2383931 ], [ -93.9496518, 31.3153228 ], [ -93.9946574, 31.3153228 ] ] ], [ [ [ -105.471084300000015, 31.2768658 ], [ -105.471084300000015, 31.2383931 ], [ -105.3810731, 31.2383931 ], [ -105.3810731, 31.2768658 ], [ -105.471084300000015, 31.2768658 ] ] ], [ [ [ -94.939774899999989, 31.2768658 ], [ -94.939774899999989, 31.2383931 ], [ -94.8947693, 31.2383931 ], [ -94.8947693, 31.2768658 ], [ -94.939774899999989, 31.2768658 ] ] ], [ [ [ -94.5797301, 31.2768658 ], [ -94.6247357, 31.2768658 ], [ -94.6247357, 31.1999047 ], [ -94.5347245, 31.1999047 ], [ -94.5347245, 31.3537642 ], [ -94.5797301, 31.3537642 ], [ -94.5797301, 31.2768658 ] ] ], [ [ [ -94.1296742, 31.2768658 ], [ -94.1296742, 31.2383931 ], [ -94.0846686, 31.2383931 ], [ -94.0846686, 31.2768658 ], [ -94.1296742, 31.2768658 ] ] ], [ [ [ -93.769629400000014, 31.2768658 ], [ -93.769629400000014, 31.2383931 ], [ -93.724623799999989, 31.2383931 ], [ -93.724623799999989, 31.2768658 ], [ -93.769629400000014, 31.2768658 ] ] ], [ [ [ -104.3459444, 31.2383931 ], [ -104.3459444, 31.1999047 ], [ -104.2559332, 31.1999047 ], [ -104.2559332, 31.2383931 ], [ -104.3459444, 31.2383931 ] ] ], [ [ [ -95.0747917, 31.2383931 ], [ -95.1197973, 31.2383931 ], [ -95.1197973, 31.1614007 ], [ -95.0297861, 31.1614007 ], [ -95.0297861, 31.2383931 ], [ -94.9847805, 31.2383931 ], [ -94.9847805, 31.2768658 ], [ -95.0747917, 31.2768658 ], [ -95.0747917, 31.2383931 ] ] ], [ [ [ -94.7597525, 31.2383931 ], [ -94.7597525, 31.1999047 ], [ -94.7147469, 31.1999047 ], [ -94.7147469, 31.2383931 ], [ -94.7597525, 31.2383931 ] ] ], [ [ [ -94.264691, 31.2383931 ], [ -94.264691, 31.1999047 ], [ -94.219685399999989, 31.1999047 ], [ -94.219685399999989, 31.2383931 ], [ -94.264691, 31.2383931 ] ] ], [ [ [ -93.6796182, 31.2383931 ], [ -93.6796182, 31.1999047 ], [ -93.6346126, 31.1999047 ], [ -93.6346126, 31.2383931 ], [ -93.6796182, 31.2383931 ] ] ], [ [ [ -105.3360675, 31.1999047 ], [ -105.3360675, 31.1614007 ], [ -105.291061899999988, 31.1614007 ], [ -105.291061899999988, 31.1999047 ], [ -105.3360675, 31.1999047 ] ] ], [ [ [ -104.2109276, 31.1999047 ], [ -104.2559332, 31.1999047 ], [ -104.2559332, 31.1614007 ], [ -104.165922, 31.1614007 ], [ -104.165922, 31.2383931 ], [ -104.2109276, 31.2383931 ], [ -104.2109276, 31.1999047 ] ] ], [ [ [ -94.7147469, 31.1999047 ], [ -94.7147469, 31.1614007 ], [ -94.6697413, 31.1614007 ], [ -94.6697413, 31.1999047 ], [ -94.7147469, 31.1999047 ] ] ], [ [ [ -94.4897189, 31.1999047 ], [ -94.4897189, 31.122881 ], [ -94.444713299999989, 31.122881 ], [ -94.444713299999989, 31.1614007 ], [ -94.3997077, 31.1614007 ], [ -94.3997077, 31.1999047 ], [ -94.4897189, 31.1999047 ] ] ], [ [ [ -93.769629400000014, 31.1999047 ], [ -93.769629400000014, 31.1614007 ], [ -93.724623799999989, 31.1614007 ], [ -93.724623799999989, 31.1999047 ], [ -93.769629400000014, 31.1999047 ] ] ], [ [ [ -104.4809612, 31.1614007 ], [ -104.4809612, 31.122881 ], [ -104.4359556, 31.122881 ], [ -104.4359556, 31.1614007 ], [ -104.4809612, 31.1614007 ] ] ], [ [ [ -94.3997077, 31.1614007 ], [ -94.3997077, 31.122881 ], [ -94.3547021, 31.122881 ], [ -94.3547021, 31.1614007 ], [ -94.3997077, 31.1614007 ] ] ], [ [ [ -93.8596406, 31.1614007 ], [ -93.8596406, 31.122881 ], [ -93.769629400000014, 31.122881 ], [ -93.769629400000014, 31.1614007 ], [ -93.8596406, 31.1614007 ] ] ], [ [ [ -93.6796182, 31.1614007 ], [ -93.6796182, 31.122881 ], [ -93.6346126, 31.122881 ], [ -93.6346126, 31.1614007 ], [ -93.6796182, 31.1614007 ] ] ], [ [ [ -106.6412298, 31.928493 ], [ -106.6862354, 31.928493 ], [ -106.6862354, 31.8902884 ], [ -106.6412298, 31.8902884 ], [ -106.6412298, 31.8138317 ], [ -106.5962242, 31.8138317 ], [ -106.5962242, 31.7755796 ], [ -106.506213, 31.7755796 ], [ -106.506213, 31.7373117 ], [ -106.4162018, 31.7373117 ], [ -106.4162018, 31.6990279 ], [ -106.3711962, 31.6990279 ], [ -106.3711962, 31.622413 ], [ -106.3261906, 31.622413 ], [ -106.3261906, 31.5457349 ], [ -106.281185, 31.5457349 ], [ -106.281185, 31.5073723 ], [ -106.2361794, 31.5073723 ], [ -106.2361794, 31.4305997 ], [ -106.1461682, 31.4305997 ], [ -106.1461682, 31.3921898 ], [ -106.0111514, 31.3921898 ], [ -106.0111514, 31.3537642 ], [ -105.9661458, 31.3537642 ], [ -105.9661458, 31.2768658 ], [ -105.8761347, 31.2768658 ], [ -105.8761347, 31.2383931 ], [ -105.8311291, 31.2383931 ], [ -105.8311291, 31.1999047 ], [ -105.7861235, 31.1999047 ], [ -105.7861235, 31.1614007 ], [ -105.7411179, 31.1614007 ], [ -105.7411179, 31.122881 ], [ -105.6961123, 31.122881 ], [ -105.6961123, 31.0843456 ], [ -105.606101099999989, 31.0843456 ], [ -105.606101099999989, 31.0072281 ], [ -105.5610955, 31.0072281 ], [ -105.5610955, 30.9686459 ], [ -105.5160899, 30.9686459 ], [ -105.5160899, 30.9300481 ], [ -105.471084300000015, 30.9300481 ], [ -105.471084300000015, 30.8914347 ], [ -105.4260787, 30.8914347 ], [ -105.4260787, 30.8528057 ], [ -105.3810731, 30.8528057 ], [ -105.3810731, 30.8141612 ], [ -105.3360675, 30.8141612 ], [ -105.3360675, 30.8914347 ], [ -105.3810731, 30.8914347 ], [ -105.3810731, 30.9300481 ], [ -105.4260787, 30.9300481 ], [ -105.4260787, 30.9686459 ], [ -105.471084300000015, 30.9686459 ], [ -105.471084300000015, 31.00722810000001 ], [ -105.5160899, 31.0072281 ], [ -105.5160899, 31.122881 ], [ -105.606101099999989, 31.122881 ], [ -105.606101099999989, 31.1999047 ], [ -105.6961123, 31.1999047 ], [ -105.6961123, 31.2383931 ], [ -105.6511067, 31.2383931 ], [ -105.6511067, 31.2768658 ], [ -105.7411179, 31.2768658 ], [ -105.7411179, 31.3153228 ], [ -105.6961123, 31.3153228 ], [ -105.6961123, 31.3921898 ], [ -105.8311291, 31.3921898 ], [ -105.8311291, 31.4305997 ], [ -105.7861235, 31.4305997 ], [ -105.7861235, 31.5457349 ], [ -105.9211402, 31.5457349 ], [ -105.9211402, 31.6607283 ], [ -105.9661458, 31.6607283 ], [ -105.9661458, 31.622413 ], [ -106.056157, 31.622413 ], [ -106.056157, 31.5840818 ], [ -106.1011626, 31.5840818 ], [ -106.1011626, 31.622413 ], [ -106.1461682, 31.622413 ], [ -106.1461682, 31.6607283 ], [ -106.1911738, 31.6607283 ], [ -106.1911738, 31.6990279 ], [ -106.281185, 31.6990279 ], [ -106.281185, 31.7373117 ], [ -106.3711962, 31.7373117 ], [ -106.3711962, 31.7755796 ], [ -106.4162018, 31.7755796 ], [ -106.4162018, 31.852068 ], [ -106.506213, 31.852068 ], [ -106.506213, 31.8902884 ], [ -106.5512186, 31.8902884 ], [ -106.5512186, 31.928493 ], [ -106.5962242, 31.928493 ], [ -106.5962242, 31.9666817 ], [ -106.5512186, 31.9666817 ], [ -106.5512186, 32.0048546 ], [ -106.6412298, 32.0048546 ], [ -106.6412298, 31.928493 ] ], [ [ -106.1461682, 31.622413 ], [ -106.1461682, 31.5840818 ], [ -106.1911738, 31.5840818 ], [ -106.1911738, 31.622413 ], [ -106.1461682, 31.622413 ] ], [ [ -106.056157, 31.5457349 ], [ -106.056157, 31.5073723 ], [ -106.1461682, 31.5073723 ], [ -106.1461682, 31.5457349 ], [ -106.056157, 31.5457349 ] ] ], [ [ [ -105.291061899999988, 31.852068 ], [ -105.2010507, 31.852068 ], [ -105.2010507, 31.8138317 ], [ -105.1560451, 31.8138317 ], [ -105.1560451, 31.7755796 ], [ -105.2010507, 31.7755796 ], [ -105.2010507, 31.7373117 ], [ -105.1110395, 31.7373117 ], [ -105.1110395, 31.6990279 ], [ -105.0660339, 31.6990279 ], [ -105.0660339, 31.5457349 ], [ -104.9760227, 31.5457349 ], [ -104.9760227, 31.4689938 ], [ -104.9310171, 31.4689938 ], [ -104.9310171, 31.4305997 ], [ -104.8860115, 31.4305997 ], [ -104.8860115, 31.3537642 ], [ -104.841006, 31.3537642 ], [ -104.841006, 31.2768658 ], [ -104.8860115, 31.2768658 ], [ -104.8860115, 31.2383931 ], [ -104.7960004, 31.2383931 ], [ -104.7960004, 31.2768658 ], [ -104.7509948, 31.2768658 ], [ -104.7509948, 31.1999047 ], [ -104.7960004, 31.1999047 ], [ -104.7960004, 31.122881 ], [ -104.841006, 31.122881 ], [ -104.841006, 31.1999047 ], [ -104.8860115, 31.1999047 ], [ -104.8860115, 30.9686459 ], [ -104.841006, 30.9686459 ], [ -104.841006, 30.9300481 ], [ -104.7960004, 30.9300481 ], [ -104.7960004, 30.9686459 ], [ -104.7509948, 30.9686459 ], [ -104.7509948, 31.0072281 ], [ -104.615978, 31.0072281 ], [ -104.615978, 30.9300481 ], [ -104.5709724, 30.9300481 ], [ -104.5709724, 30.9686459 ], [ -104.5259668, 30.9686459 ], [ -104.5259668, 31.0072281 ], [ -104.4809612, 31.0072281 ], [ -104.4809612, 31.0457947 ], [ -104.3009388, 31.0457947 ], [ -104.3009388, 31.0072281 ], [ -104.2109276, 31.0072281 ], [ -104.2109276, 31.0457947 ], [ -104.2559332, 31.0457947 ], [ -104.2559332, 31.0843456 ], [ -104.3009388, 31.0843456 ], [ -104.3009388, 31.122881 ], [ -104.3459444, 31.122881 ], [ -104.3459444, 31.0843456 ], [ -104.4809612, 31.0843456 ], [ -104.4809612, 31.122881 ], [ -104.5259668, 31.122881 ], [ -104.5259668, 31.0843456 ], [ -104.615978, 31.0843456 ], [ -104.615978, 31.1614007 ], [ -104.6609836, 31.1614007 ], [ -104.6609836, 31.1999047 ], [ -104.5709724, 31.1999047 ], [ -104.5709724, 31.2383931 ], [ -104.615978, 31.2383931 ], [ -104.615978, 31.2768658 ], [ -104.5709724, 31.2768658 ], [ -104.5709724, 31.3537642 ], [ -104.615978, 31.3537642 ], [ -104.615978, 31.3921898 ], [ -104.6609836, 31.3921898 ], [ -104.6609836, 31.4689938 ], [ -104.7059892, 31.4689938 ], [ -104.7059892, 31.5073723 ], [ -104.5709724, 31.5073723 ], [ -104.5709724, 31.5457349 ], [ -104.7509948, 31.5457349 ], [ -104.7509948, 31.6990279 ], [ -104.7960004, 31.6990279 ], [ -104.7960004, 31.7755796 ], [ -104.7059892, 31.7755796 ], [ -104.7059892, 31.8138317 ], [ -104.7509948, 31.8138317 ], [ -104.7509948, 31.852068 ], [ -104.7059892, 31.852068 ], [ -104.7059892, 31.928493 ], [ -104.615978, 31.928493 ], [ -104.615978, 31.9666817 ], [ -104.5709724, 31.9666817 ], [ -104.5709724, 32.0048546 ], [ -105.291061899999988, 32.0048546 ], [ -105.291061899999988, 31.852068 ] ], [ [ -104.8860115, 31.9666817 ], [ -104.8860115, 31.852068 ], [ -104.9310171, 31.852068 ], [ -104.9310171, 31.9666817 ], [ -104.8860115, 31.9666817 ] ], [ [ -104.7960004, 31.8902884 ], [ -104.7960004, 31.852068 ], [ -104.841006, 31.852068 ], [ -104.841006, 31.8902884 ], [ -104.7960004, 31.8902884 ] ], [ [ -104.7960004, 31.6990279 ], [ -104.7960004, 31.622413 ], [ -104.841006, 31.622413 ], [ -104.841006, 31.6990279 ], [ -104.7960004, 31.6990279 ] ] ], [ [ [ -94.8497637, 31.1614007 ], [ -94.8497637, 31.122881 ], [ -94.8047581, 31.122881 ], [ -94.8047581, 31.0843456 ], [ -94.7597525, 31.0843456 ], [ -94.7597525, 31.1614007 ], [ -94.8497637, 31.1614007 ] ] ], [ [ [ -94.6697413, 31.1614007 ], [ -94.6697413, 31.0843456 ], [ -94.6247357, 31.0843456 ], [ -94.6247357, 31.1614007 ], [ -94.6697413, 31.1614007 ] ] ], [ [ [ -105.1110395, 31.3921898 ], [ -105.1560451, 31.3921898 ], [ -105.1560451, 31.3537642 ], [ -105.1110395, 31.3537642 ], [ -105.1110395, 31.3153228 ], [ -105.1560451, 31.3153228 ], [ -105.1560451, 31.1999047 ], [ -105.2010507, 31.1999047 ], [ -105.2010507, 31.122881 ], [ -105.2460563, 31.122881 ], [ -105.2460563, 31.0072281 ], [ -105.1560451, 31.0072281 ], [ -105.1560451, 31.0457947 ], [ -105.1110395, 31.0457947 ], [ -105.1110395, 31.0072281 ], [ -105.0210283, 31.0072281 ], [ -105.0210283, 31.122881 ], [ -105.0660339, 31.122881 ], [ -105.0660339, 31.1999047 ], [ -104.9760227, 31.1999047 ], [ -104.9760227, 31.3153228 ], [ -104.9310171, 31.3153228 ], [ -104.9310171, 31.3921898 ], [ -104.9760227, 31.3921898 ], [ -104.9760227, 31.4305997 ], [ -105.0210283, 31.4305997 ], [ -105.0210283, 31.3921898 ], [ -105.0660339, 31.3921898 ], [ -105.0660339, 31.4305997 ], [ -105.1110395, 31.4305997 ], [ -105.1110395, 31.3921898 ] ], [ [ -105.0210283, 31.2768658 ], [ -105.0210283, 31.2383931 ], [ -105.0660339, 31.2383931 ], [ -105.0660339, 31.1999047 ], [ -105.1110395, 31.1999047 ], [ -105.1110395, 31.2768658 ], [ -105.0210283, 31.2768658 ] ], [ [ -105.0660339, 31.122881 ], [ -105.0660339, 31.0843456 ], [ -105.1110395, 31.0843456 ], [ -105.1110395, 31.122881 ], [ -105.0660339, 31.122881 ] ], [ [ -105.1560451, 31.0843456 ], [ -105.1560451, 31.0457947 ], [ -105.2010507, 31.0457947 ], [ -105.2010507, 31.0843456 ], [ -105.1560451, 31.0843456 ] ] ], [ [ [ -94.939774899999989, 31.122881 ], [ -94.939774899999989, 31.0843456 ], [ -94.8497637, 31.0843456 ], [ -94.8497637, 31.122881 ], [ -94.939774899999989, 31.122881 ] ] ], [ [ [ -94.5797301, 31.122881 ], [ -94.5797301, 31.0843456 ], [ -94.5347245, 31.0843456 ], [ -94.5347245, 31.122881 ], [ -94.5797301, 31.122881 ] ] ], [ [ [ -93.9946574, 31.122881 ], [ -94.039663, 31.122881 ], [ -94.039663, 31.0843456 ], [ -93.9496518, 31.0843456 ], [ -93.9496518, 31.1614007 ], [ -93.9946574, 31.1614007 ], [ -93.9946574, 31.122881 ] ] ], [ [ [ -95.0297861, 31.0843456 ], [ -95.0297861, 31.0457947 ], [ -94.9847805, 31.0457947 ], [ -94.9847805, 31.0843456 ], [ -95.0297861, 31.0843456 ] ] ], [ [ [ -94.8497637, 31.0843456 ], [ -94.8497637, 31.0457947 ], [ -94.8047581, 31.0457947 ], [ -94.8047581, 31.0843456 ], [ -94.8497637, 31.0843456 ] ] ], [ [ [ -94.7147469, 31.0843456 ], [ -94.7147469, 31.0457947 ], [ -94.6697413, 31.0457947 ], [ -94.6697413, 31.0843456 ], [ -94.7147469, 31.0843456 ] ] ], [ [ [ -94.219685399999989, 31.0843456 ], [ -94.219685399999989, 31.0072281 ], [ -94.1296742, 31.0072281 ], [ -94.1296742, 31.0457947 ], [ -94.1746798, 31.0457947 ], [ -94.1746798, 31.0843456 ], [ -94.219685399999989, 31.0843456 ] ] ], [ [ [ -94.0846686, 31.0843456 ], [ -94.0846686, 31.0457947 ], [ -94.039663, 31.0457947 ], [ -94.039663, 31.0843456 ], [ -94.0846686, 31.0843456 ] ] ], [ [ [ -93.9496518, 31.0843456 ], [ -93.9496518, 31.00722810000001 ], [ -93.8596406, 31.0072281 ], [ -93.8596406, 31.0457947 ], [ -93.9046462, 31.0457947 ], [ -93.9046462, 31.0843456 ], [ -93.9496518, 31.0843456 ] ] ], [ [ [ -93.8596406, 31.0843456 ], [ -93.8596406, 31.0457947 ], [ -93.814635, 31.0457947 ], [ -93.814635, 31.0072281 ], [ -93.769629400000014, 31.0072281 ], [ -93.769629400000014, 31.0843456 ], [ -93.8596406, 31.0843456 ] ] ], [ [ [ -93.6346126, 31.0843456 ], [ -93.6346126, 31.0457947 ], [ -93.589607, 31.0457947 ], [ -93.589607, 31.0843456 ], [ -93.6346126, 31.0843456 ] ] ], [ [ [ -105.3810731, 31.0457947 ], [ -105.3810731, 31.0072281 ], [ -105.3360675, 31.0072281 ], [ -105.3360675, 31.0457947 ], [ -105.3810731, 31.0457947 ] ] ], [ [ [ -104.9760227, 31.0457947 ], [ -104.9760227, 31.0072281 ], [ -104.9310171, 31.0072281 ], [ -104.9310171, 31.0457947 ], [ -104.9760227, 31.0457947 ] ] ], [ [ [ -94.8047581, 31.0457947 ], [ -94.8047581, 31.0072281 ], [ -94.7597525, 31.0072281 ], [ -94.7597525, 31.0457947 ], [ -94.8047581, 31.0457947 ] ] ], [ [ [ -94.5797301, 31.0457947 ], [ -94.5797301, 31.0072281 ], [ -94.5347245, 31.00722810000001 ], [ -94.5347245, 31.0457947 ], [ -94.5797301, 31.0457947 ] ] ], [ [ [ -94.3547021, 31.0457947 ], [ -94.3547021, 31.0072281 ], [ -94.3096965, 31.0072281 ], [ -94.3096965, 31.0457947 ], [ -94.3547021, 31.0457947 ] ] ], [ [ [ -105.0210283, 31.0072281 ], [ -105.0210283, 30.9686459 ], [ -104.9760227, 30.9686459 ], [ -104.9760227, 31.0072281 ], [ -105.0210283, 31.0072281 ] ] ], [ [ [ -104.4359556, 31.0072281 ], [ -104.4359556, 30.9686459 ], [ -104.39095, 30.9686459 ], [ -104.39095, 31.0072281 ], [ -104.4359556, 31.0072281 ] ] ], [ [ [ -94.9847805, 31.0072281 ], [ -94.9847805, 30.9686459 ], [ -94.8947693, 30.9686459 ], [ -94.8947693, 31.0072281 ], [ -94.9847805, 31.0072281 ] ] ], [ [ [ -94.7597525, 31.0072281 ], [ -94.7597525, 30.9686459 ], [ -94.7147469, 30.9686459 ], [ -94.7147469, 31.0072281 ], [ -94.7597525, 31.0072281 ] ] ], [ [ [ -94.5347245, 31.00722810000001 ], [ -94.5347245, 30.9686459 ], [ -94.4897189, 30.9686459 ], [ -94.4897189, 31.00722810000001 ], [ -94.5347245, 31.00722810000001 ] ] ], [ [ [ -94.264691, 31.0072281 ], [ -94.264691, 30.9686459 ], [ -94.219685399999989, 30.9686459 ], [ -94.219685399999989, 31.0072281 ], [ -94.264691, 31.0072281 ] ] ], [ [ [ -93.6796182, 31.00722810000001 ], [ -93.6796182, 30.9686459 ], [ -93.5446014, 30.9686459 ], [ -93.5446014, 31.0072281 ], [ -93.6796182, 31.00722810000001 ] ] ], [ [ [ -104.9310171, 30.9686459 ], [ -104.9310171, 30.9300481 ], [ -104.8860115, 30.9300481 ], [ -104.8860115, 30.9686459 ], [ -104.9310171, 30.9686459 ] ] ], [ [ [ -95.0297861, 30.9686459 ], [ -95.0297861, 30.9300481 ], [ -94.9847805, 30.9300481 ], [ -94.9847805, 30.9686459 ], [ -95.0297861, 30.9686459 ] ] ], [ [ [ -94.7147469, 30.9686459 ], [ -94.7147469, 30.9300481 ], [ -94.6697413, 30.9300481 ], [ -94.6697413, 30.9686459 ], [ -94.7147469, 30.9686459 ] ] ], [ [ [ -94.3997077, 30.9686459 ], [ -94.3997077, 30.8914347 ], [ -94.3547021, 30.8914347 ], [ -94.3547021, 30.9686459 ], [ -94.3997077, 30.9686459 ] ] ], [ [ [ -94.3096965, 30.9686459 ], [ -94.3096965, 30.8914347 ], [ -94.264691, 30.8914347 ], [ -94.264691, 30.9686459 ], [ -94.3096965, 30.9686459 ] ] ], [ [ [ -94.1296742, 30.9686459 ], [ -94.1746798, 30.9686459 ], [ -94.1746798, 30.9300481 ], [ -94.1296742, 30.9300481 ], [ -94.1296742, 30.8528057 ], [ -94.0846686, 30.8528057 ], [ -94.0846686, 30.8914347 ], [ -94.039663, 30.8914347 ], [ -94.039663, 30.9300481 ], [ -94.0846686, 30.9300481 ], [ -94.0846686, 31.00722810000001 ], [ -94.1296742, 31.0072281 ], [ -94.1296742, 30.9686459 ] ] ], [ [ [ -93.9946574, 30.9686459 ], [ -93.9946574, 30.8528057 ], [ -93.9496518, 30.8528057 ], [ -93.9496518, 30.8914347 ], [ -93.9046462, 30.8914347 ], [ -93.9046462, 30.9686459 ], [ -93.9946574, 30.9686459 ] ] ], [ [ [ -93.814635, 30.9686459 ], [ -93.814635, 30.9300481 ], [ -93.769629400000014, 30.9300481 ], [ -93.769629400000014, 30.9686459 ], [ -93.814635, 30.9686459 ] ] ], [ [ [ -104.9760227, 30.9300481 ], [ -104.9760227, 30.8141612 ], [ -104.841006, 30.8141612 ], [ -104.841006, 30.8528057 ], [ -104.9310171, 30.8528057 ], [ -104.9310171, 30.9300481 ], [ -104.9760227, 30.9300481 ] ] ], [ [ [ -94.8497637, 30.9300481 ], [ -94.939774899999989, 30.9300481 ], [ -94.939774899999989, 30.8914347 ], [ -94.8497637, 30.8914347 ], [ -94.8497637, 30.8141612 ], [ -94.7147469, 30.8141612 ], [ -94.7147469, 30.8528057 ], [ -94.8047581, 30.8528057 ], [ -94.8047581, 30.8914347 ], [ -94.7597525, 30.8914347 ], [ -94.7597525, 30.9686459 ], [ -94.8047581, 30.9686459 ], [ -94.8047581, 31.0072281 ], [ -94.8497637, 31.0072281 ], [ -94.8497637, 30.9300481 ] ] ], [ [ [ -94.6247357, 30.9300481 ], [ -94.6697413, 30.9300481 ], [ -94.6697413, 30.8914347 ], [ -94.5797301, 30.8914347 ], [ -94.5797301, 31.0072281 ], [ -94.6247357, 31.0072281 ], [ -94.6247357, 30.9300481 ] ] ], [ [ [ -105.1110395, 30.8914347 ], [ -105.1110395, 30.8528057 ], [ -105.0660339, 30.8528057 ], [ -105.0660339, 30.8914347 ], [ -105.1110395, 30.8914347 ] ] ], [ [ [ -104.5259668, 30.8914347 ], [ -104.5259668, 30.8528057 ], [ -104.4809612, 30.8528057 ], [ -104.4809612, 30.8914347 ], [ -104.5259668, 30.8914347 ] ] ], [ [ [ -94.9847805, 30.8914347 ], [ -94.9847805, 30.8141612 ], [ -94.939774899999989, 30.8141612 ], [ -94.939774899999989, 30.8914347 ], [ -94.9847805, 30.8914347 ] ] ], [ [ [ -94.5797301, 30.8914347 ], [ -94.5797301, 30.8528057 ], [ -94.4897189, 30.8528057 ], [ -94.4897189, 30.8914347 ], [ -94.5797301, 30.8914347 ] ] ], [ [ [ -94.444713299999989, 30.8914347 ], [ -94.444713299999989, 30.8528057 ], [ -94.3997077, 30.8528057 ], [ -94.3997077, 30.8914347 ], [ -94.444713299999989, 30.8914347 ] ] ], [ [ [ -93.814635, 30.8914347 ], [ -93.814635, 30.8141612 ], [ -93.769629400000014, 30.8141612 ], [ -93.769629400000014, 30.8914347 ], [ -93.814635, 30.8914347 ] ] ], [ [ [ -93.724623799999989, 30.8914347 ], [ -93.724623799999989, 30.8528057 ], [ -93.6346126, 30.8528057 ], [ -93.6346126, 30.8914347 ], [ -93.724623799999989, 30.8914347 ] ] ], [ [ [ -104.5709724, 30.8528057 ], [ -104.5709724, 30.8141612 ], [ -104.5259668, 30.8141612 ], [ -104.5259668, 30.8528057 ], [ -104.5709724, 30.8528057 ] ] ], [ [ [ -103.5358437, 30.8528057 ], [ -103.5358437, 30.8141612 ], [ -103.4908381, 30.8141612 ], [ -103.4908381, 30.8528057 ], [ -103.5358437, 30.8528057 ] ] ], [ [ [ -105.3360675, 31.0072281 ], [ -105.3360675, 30.9686459 ], [ -105.291061899999988, 30.9686459 ], [ -105.291061899999988, 30.8914347 ], [ -105.2460563, 30.8914347 ], [ -105.2460563, 30.7755011 ], [ -105.2010507, 30.7755011 ], [ -105.2010507, 30.7368255 ], [ -105.1110395, 30.7368255 ], [ -105.1110395, 30.7755011 ], [ -105.1560451, 30.7755011 ], [ -105.1560451, 30.8141612 ], [ -105.2010507, 30.8141612 ], [ -105.2010507, 30.9300481 ], [ -105.2460563, 30.9300481 ], [ -105.2460563, 31.0072281 ], [ -105.3360675, 31.0072281 ] ] ], [ [ [ -104.3459444, 30.8914347 ], [ -104.3009388, 30.8914347 ], [ -104.3009388, 30.8528057 ], [ -104.4809612, 30.8528057 ], [ -104.4809612, 30.7755011 ], [ -104.4359556, 30.7755011 ], [ -104.4359556, 30.7368255 ], [ -104.39095, 30.7368255 ], [ -104.39095, 30.8141612 ], [ -104.3459444, 30.8141612 ], [ -104.3459444, 30.6207055 ], [ -104.3009388, 30.6207055 ], [ -104.3009388, 30.6594277 ], [ -104.2559332, 30.6594277 ], [ -104.2559332, 30.6207055 ], [ -104.2109276, 30.6207055 ], [ -104.2109276, 30.5819678 ], [ -104.165922, 30.5819678 ], [ -104.165922, 30.7368255 ], [ -104.1209164, 30.7368255 ], [ -104.1209164, 30.6981343 ], [ -104.075910799999988, 30.6981343 ], [ -104.075910799999988, 30.7755011 ], [ -104.0309052, 30.7755011 ], [ -104.0309052, 30.8141612 ], [ -104.1209164, 30.8141612 ], [ -104.1209164, 30.7755011 ], [ -104.165922, 30.7755011 ], [ -104.165922, 30.8914347 ], [ -104.2559332, 30.8914347 ], [ -104.2559332, 30.9300481 ], [ -104.3459444, 30.9300481 ], [ -104.3459444, 30.8914347 ] ] ], [ [ [ -103.670860499999989, 30.8141612 ], [ -103.670860499999989, 30.7755011 ], [ -103.6258549, 30.7755011 ], [ -103.6258549, 30.8141612 ], [ -103.670860499999989, 30.8141612 ] ] ], [ [ [ -94.3096965, 30.8141612 ], [ -94.3096965, 30.7755011 ], [ -94.264691, 30.7755011 ], [ -94.264691, 30.8141612 ], [ -94.3096965, 30.8141612 ] ] ], [ [ [ -93.9496518, 30.8141612 ], [ -93.9496518, 30.7755011 ], [ -93.814635, 30.7755011 ], [ -93.814635, 30.8141612 ], [ -93.9496518, 30.8141612 ] ] ], [ [ [ -93.724623799999989, 30.8141612 ], [ -93.724623799999989, 30.7368255 ], [ -93.6796182, 30.7368255 ], [ -93.6796182, 30.7755011 ], [ -93.589607, 30.7755011 ], [ -93.589607, 30.8141612 ], [ -93.724623799999989, 30.8141612 ] ] ], [ [ [ -105.0210283, 30.7755011 ], [ -105.0210283, 30.7368255 ], [ -104.9760227, 30.7368255 ], [ -104.9760227, 30.7755011 ], [ -105.0210283, 30.7755011 ] ] ], [ [ [ -103.6258549, 30.7755011 ], [ -103.6258549, 30.7368255 ], [ -103.5808493, 30.7368255 ], [ -103.5808493, 30.7755011 ], [ -103.6258549, 30.7755011 ] ] ], [ [ [ -103.4908381, 30.7755011 ], [ -103.5358437, 30.7755011 ], [ -103.5358437, 30.6981343 ], [ -103.4908381, 30.6981343 ], [ -103.4908381, 30.7368255 ], [ -103.4458325, 30.7368255 ], [ -103.4458325, 30.7755011 ], [ -103.4008269, 30.7755011 ], [ -103.4008269, 30.8141612 ], [ -103.4908381, 30.8141612 ], [ -103.4908381, 30.7755011 ] ] ], [ [ [ -95.2098085, 30.7755011 ], [ -95.2098085, 30.7368255 ], [ -95.1648029, 30.7368255 ], [ -95.1648029, 30.7755011 ], [ -95.2098085, 30.7755011 ] ] ], [ [ [ -94.7147469, 30.7755011 ], [ -94.7147469, 30.7368255 ], [ -94.6697413, 30.7368255 ], [ -94.6697413, 30.7755011 ], [ -94.7147469, 30.7755011 ] ] ], [ [ [ -94.264691, 30.7755011 ], [ -94.264691, 30.6981343 ], [ -94.219685399999989, 30.6981343 ], [ -94.219685399999989, 30.6594277 ], [ -94.1746798, 30.6594277 ], [ -94.1746798, 30.7368255 ], [ -94.219685399999989, 30.7368255 ], [ -94.219685399999989, 30.7755011 ], [ -94.264691, 30.7755011 ] ] ], [ [ [ -94.039663, 30.7755011 ], [ -94.0846686, 30.7755011 ], [ -94.0846686, 30.6981343 ], [ -94.039663, 30.6981343 ], [ -94.039663, 30.7368255 ], [ -93.9496518, 30.7368255 ], [ -93.9496518, 30.7755011 ], [ -93.9946574, 30.7755011 ], [ -93.9946574, 30.8141612 ], [ -94.039663, 30.8141612 ], [ -94.039663, 30.7755011 ] ] ], [ [ [ -104.9760227, 30.7368255 ], [ -104.9760227, 30.6981343 ], [ -104.9310171, 30.6981343 ], [ -104.9310171, 30.7368255 ], [ -104.9760227, 30.7368255 ] ] ], [ [ [ -103.7158661, 30.7368255 ], [ -103.7158661, 30.6981343 ], [ -103.670860499999989, 30.6981343 ], [ -103.670860499999989, 30.7368255 ], [ -103.7158661, 30.7368255 ] ] ], [ [ [ -95.299819700000015, 30.7368255 ], [ -95.299819700000015, 30.6594277 ], [ -95.2548141, 30.6594277 ], [ -95.2548141, 30.6207055 ], [ -95.2098085, 30.6207055 ], [ -95.2098085, 30.6594277 ], [ -95.1648029, 30.6594277 ], [ -95.1648029, 30.6981343 ], [ -95.2098085, 30.6981343 ], [ -95.2098085, 30.7368255 ], [ -95.299819700000015, 30.7368255 ] ] ], [ [ [ -95.1197973, 30.7368255 ], [ -95.1197973, 30.6594277 ], [ -95.0747917, 30.6594277 ], [ -95.0747917, 30.6981343 ], [ -95.0297861, 30.6981343 ], [ -95.0297861, 30.7368255 ], [ -95.1197973, 30.7368255 ] ] ], [ [ [ -94.7597525, 30.7368255 ], [ -94.7597525, 30.6981343 ], [ -94.7147469, 30.6981343 ], [ -94.7147469, 30.7368255 ], [ -94.7597525, 30.7368255 ] ] ], [ [ [ -94.5347245, 30.7368255 ], [ -94.6247357, 30.7368255 ], [ -94.6247357, 30.6981343 ], [ -94.4897189, 30.6981343 ], [ -94.4897189, 30.6594277 ], [ -94.444713299999989, 30.6594277 ], [ -94.444713299999989, 30.7755011 ], [ -94.4897189, 30.7755011 ], [ -94.4897189, 30.8141612 ], [ -94.5347245, 30.8141612 ], [ -94.5347245, 30.7368255 ] ] ], [ [ [ -94.3997077, 30.7368255 ], [ -94.3997077, 30.6981343 ], [ -94.3547021, 30.6981343 ], [ -94.3547021, 30.7368255 ], [ -94.3997077, 30.7368255 ] ] ], [ [ [ -93.9046462, 30.7368255 ], [ -93.9046462, 30.6981343 ], [ -93.8596406, 30.6981343 ], [ -93.8596406, 30.7368255 ], [ -93.9046462, 30.7368255 ] ] ], [ [ [ -93.769629400000014, 30.7368255 ], [ -93.769629400000014, 30.6594277 ], [ -93.724623799999989, 30.6594277 ], [ -93.724623799999989, 30.7368255 ], [ -93.769629400000014, 30.7368255 ] ] ], [ [ [ -105.0660339, 30.6981343 ], [ -105.0660339, 30.6594277 ], [ -105.0210283, 30.6594277 ], [ -105.0210283, 30.6207055 ], [ -104.9760227, 30.6207055 ], [ -104.9760227, 30.5819678 ], [ -104.9310171, 30.5819678 ], [ -104.9310171, 30.5432147 ], [ -104.841006, 30.5432147 ], [ -104.841006, 30.5819678 ], [ -104.8860115, 30.5819678 ], [ -104.8860115, 30.6207055 ], [ -104.9310171, 30.6207055 ], [ -104.9310171, 30.6594277 ], [ -104.9760227, 30.6594277 ], [ -104.9760227, 30.6981343 ], [ -105.0660339, 30.6981343 ] ] ], [ [ [ -104.4359556, 30.6981343 ], [ -104.4359556, 30.6594277 ], [ -104.39095, 30.6594277 ], [ -104.39095, 30.6981343 ], [ -104.4359556, 30.6981343 ] ] ], [ [ [ -94.3547021, 30.6981343 ], [ -94.3547021, 30.6594277 ], [ -94.264691, 30.6594277 ], [ -94.264691, 30.6981343 ], [ -94.3547021, 30.6981343 ] ] ], [ [ [ -104.7960004, 30.8141612 ], [ -104.841006, 30.8141612 ], [ -104.841006, 30.7755011 ], [ -104.8860115, 30.7755011 ], [ -104.8860115, 30.6981343 ], [ -104.841006, 30.6981343 ], [ -104.841006, 30.6594277 ], [ -104.8860115, 30.6594277 ], [ -104.8860115, 30.6207055 ], [ -104.7960004, 30.6207055 ], [ -104.7960004, 30.5819678 ], [ -104.7509948, 30.5819678 ], [ -104.7509948, 30.6594277 ], [ -104.7960004, 30.6594277 ], [ -104.7960004, 30.6981343 ], [ -104.6609836, 30.6981343 ], [ -104.6609836, 30.7368255 ], [ -104.7059892, 30.7368255 ], [ -104.7059892, 30.8528057 ], [ -104.6609836, 30.8528057 ], [ -104.6609836, 30.8914347 ], [ -104.7059892, 30.8914347 ], [ -104.7059892, 30.9300481 ], [ -104.7960004, 30.9300481 ], [ -104.7960004, 30.8141612 ] ] ], [ [ [ -104.4809612, 30.6594277 ], [ -104.4809612, 30.6207055 ], [ -104.4359556, 30.6207055 ], [ -104.4359556, 30.6594277 ], [ -104.4809612, 30.6594277 ] ] ], [ [ [ -103.4008269, 30.6594277 ], [ -103.4458325, 30.6594277 ], [ -103.4458325, 30.5819678 ], [ -103.4008269, 30.5819678 ], [ -103.4008269, 30.5432147 ], [ -103.3558213, 30.5432147 ], [ -103.3558213, 30.5819678 ], [ -103.3108157, 30.5819678 ], [ -103.3108157, 30.5432147 ], [ -103.2658101, 30.5432147 ], [ -103.2658101, 30.5819678 ], [ -103.2208045, 30.5819678 ], [ -103.2208045, 30.6981343 ], [ -103.3108157, 30.6981343 ], [ -103.3108157, 30.6594277 ], [ -103.3558213, 30.6594277 ], [ -103.3558213, 30.6981343 ], [ -103.4008269, 30.6981343 ], [ -103.4008269, 30.6594277 ] ] ], [ [ [ -94.7597525, 30.6594277 ], [ -94.7597525, 30.6207055 ], [ -94.7147469, 30.6207055 ], [ -94.7147469, 30.6594277 ], [ -94.7597525, 30.6594277 ] ] ], [ [ [ -94.6697413, 30.6594277 ], [ -94.6697413, 30.6207055 ], [ -94.6247357, 30.6207055 ], [ -94.6247357, 30.6594277 ], [ -94.6697413, 30.6594277 ] ] ], [ [ [ -94.5347245, 30.6594277 ], [ -94.5347245, 30.6207055 ], [ -94.4897189, 30.6207055 ], [ -94.4897189, 30.6594277 ], [ -94.5347245, 30.6594277 ] ] ], [ [ [ -94.444713299999989, 30.6594277 ], [ -94.444713299999989, 30.6207055 ], [ -94.3997077, 30.6207055 ], [ -94.3997077, 30.6594277 ], [ -94.444713299999989, 30.6594277 ] ] ], [ [ [ -93.9496518, 30.6594277 ], [ -93.9496518, 30.5819678 ], [ -93.9046462, 30.5819678 ], [ -93.9046462, 30.6207055 ], [ -93.8596406, 30.6207055 ], [ -93.8596406, 30.5819678 ], [ -93.814635, 30.5819678 ], [ -93.814635, 30.6207055 ], [ -93.769629400000014, 30.6207055 ], [ -93.769629400000014, 30.6594277 ], [ -93.9496518, 30.6594277 ] ] ], [ [ [ -104.4359556, 30.6207055 ], [ -104.4359556, 30.5819678 ], [ -104.3459444, 30.5819678 ], [ -104.3459444, 30.6207055 ], [ -104.4359556, 30.6207055 ] ] ], [ [ [ -93.6796182, 30.6594277 ], [ -93.724623799999989, 30.6594277 ], [ -93.724623799999989, 30.6207055 ], [ -93.769629400000014, 30.6207055 ], [ -93.769629400000014, 30.5819678 ], [ -93.6796182, 30.5819678 ], [ -93.6796182, 30.6207055 ], [ -93.6346126, 30.6207055 ], [ -93.6346126, 30.6981343 ], [ -93.6796182, 30.6981343 ], [ -93.6796182, 30.6594277 ] ] ], [ [ [ -103.5358437, 30.5819678 ], [ -103.5358437, 30.5432147 ], [ -103.4458325, 30.5432147 ], [ -103.4458325, 30.5819678 ], [ -103.5358437, 30.5819678 ] ] ], [ [ [ -95.2548141, 30.5819678 ], [ -95.2548141, 30.5432147 ], [ -95.2098085, 30.5432147 ], [ -95.2098085, 30.5819678 ], [ -95.2548141, 30.5819678 ] ] ], [ [ [ -93.814635, 30.5819678 ], [ -93.814635, 30.5432147 ], [ -93.769629400000014, 30.5432147 ], [ -93.769629400000014, 30.5819678 ], [ -93.814635, 30.5819678 ] ] ], [ [ [ -95.2098085, 30.5432147 ], [ -95.2098085, 30.504446 ], [ -95.1648029, 30.504446 ], [ -95.1648029, 30.5432147 ], [ -95.2098085, 30.5432147 ] ] ], [ [ [ -93.9496518, 30.5432147 ], [ -93.9496518, 30.504446 ], [ -93.9046462, 30.504446 ], [ -93.9046462, 30.5432147 ], [ -93.9496518, 30.5432147 ] ] ], [ [ [ -104.3459444, 30.5819678 ], [ -104.3459444, 30.504446 ], [ -104.3009388, 30.504446 ], [ -104.3009388, 30.4656619 ], [ -104.2559332, 30.4656619 ], [ -104.2559332, 30.5432147 ], [ -104.3009388, 30.5432147 ], [ -104.3009388, 30.5819678 ], [ -104.3459444, 30.5819678 ] ] ], [ [ [ -103.4458325, 30.5432147 ], [ -103.4458325, 30.4656619 ], [ -103.3558213, 30.4656619 ], [ -103.3558213, 30.504446 ], [ -103.4008269, 30.504446 ], [ -103.4008269, 30.5432147 ], [ -103.4458325, 30.5432147 ] ] ], [ [ [ -104.8860115, 30.504446 ], [ -104.8860115, 30.3880474 ], [ -104.841006, 30.3880474 ], [ -104.841006, 30.504446 ], [ -104.8860115, 30.504446 ] ] ], [ [ [ -104.4359556, 30.504446 ], [ -104.4359556, 30.4656619 ], [ -104.39095, 30.4656619 ], [ -104.39095, 30.504446 ], [ -104.4359556, 30.504446 ] ] ], [ [ [ -103.5808493, 30.504446 ], [ -103.5808493, 30.4656619 ], [ -103.5358437, 30.4656619 ], [ -103.5358437, 30.504446 ], [ -103.5808493, 30.504446 ] ] ], [ [ [ -95.1648029, 30.504446 ], [ -95.1648029, 30.4656619 ], [ -95.1197973, 30.4656619 ], [ -95.1197973, 30.504446 ], [ -95.1648029, 30.504446 ] ] ], [ [ [ -94.219685399999989, 30.504446 ], [ -94.219685399999989, 30.4656619 ], [ -94.1746798, 30.4656619 ], [ -94.1746798, 30.504446 ], [ -94.219685399999989, 30.504446 ] ] ], [ [ [ -93.9946574, 30.504446 ], [ -93.9946574, 30.3880474 ], [ -93.8596406, 30.3880474 ], [ -93.8596406, 30.504446 ], [ -93.9046462, 30.504446 ], [ -93.9046462, 30.4656619 ], [ -93.9496518, 30.4656619 ], [ -93.9496518, 30.504446 ], [ -93.9946574, 30.504446 ] ] ], [ [ [ -104.3459444, 30.4656619 ], [ -104.3459444, 30.4268624 ], [ -104.3009388, 30.4268624 ], [ -104.3009388, 30.4656619 ], [ -104.3459444, 30.4656619 ] ] ], [ [ [ -104.2109276, 30.4656619 ], [ -104.2109276, 30.4268624 ], [ -104.165922, 30.4268624 ], [ -104.165922, 30.4656619 ], [ -104.2109276, 30.4656619 ] ] ], [ [ [ -94.3547021, 30.4656619 ], [ -94.3547021, 30.4268624 ], [ -94.3096965, 30.4268624 ], [ -94.3096965, 30.4656619 ], [ -94.3547021, 30.4656619 ] ] ], [ [ [ -94.1746798, 30.4656619 ], [ -94.1746798, 30.4268624 ], [ -94.1296742, 30.4268624 ], [ -94.1296742, 30.4656619 ], [ -94.1746798, 30.4656619 ] ] ], [ [ [ -104.3009388, 30.4268624 ], [ -104.3009388, 30.3880474 ], [ -104.2559332, 30.3880474 ], [ -104.2559332, 30.4268624 ], [ -104.3009388, 30.4268624 ] ] ], [ [ [ -95.2098085, 30.4268624 ], [ -95.2098085, 30.3880474 ], [ -95.1648029, 30.3880474 ], [ -95.1648029, 30.4268624 ], [ -95.2098085, 30.4268624 ] ] ], [ [ [ -94.0846686, 30.4268624 ], [ -94.0846686, 30.3103712 ], [ -94.039663, 30.3103712 ], [ -94.039663, 30.4268624 ], [ -94.0846686, 30.4268624 ] ] ], [ [ [ -93.814635, 30.4268624 ], [ -93.814635, 30.3880474 ], [ -93.769629400000014, 30.3880474 ], [ -93.769629400000014, 30.4268624 ], [ -93.814635, 30.4268624 ] ] ], [ [ [ -104.6609836, 30.6207055 ], [ -104.7059892, 30.6207055 ], [ -104.7059892, 30.5819678 ], [ -104.6609836, 30.5819678 ], [ -104.6609836, 30.504446 ], [ -104.7509948, 30.504446 ], [ -104.7509948, 30.4656619 ], [ -104.6609836, 30.4656619 ], [ -104.6609836, 30.3880474 ], [ -104.615978, 30.3880474 ], [ -104.615978, 30.349217 ], [ -104.5709724, 30.349217 ], [ -104.5709724, 30.3103712 ], [ -104.4809612, 30.3103712 ], [ -104.4809612, 30.349217 ], [ -104.4359556, 30.349217 ], [ -104.4359556, 30.3103712 ], [ -104.39095, 30.3103712 ], [ -104.39095, 30.27151 ], [ -104.3459444, 30.27151 ], [ -104.3459444, 30.4268624 ], [ -104.4359556, 30.4268624 ], [ -104.4359556, 30.3880474 ], [ -104.4809612, 30.3880474 ], [ -104.4809612, 30.4268624 ], [ -104.5259668, 30.4268624 ], [ -104.5259668, 30.5432147 ], [ -104.5709724, 30.5432147 ], [ -104.5709724, 30.4656619 ], [ -104.615978, 30.4656619 ], [ -104.615978, 30.6594277 ], [ -104.6609836, 30.6594277 ], [ -104.6609836, 30.6207055 ] ], [ [ -104.5709724, 30.4268624 ], [ -104.5709724, 30.3880474 ], [ -104.615978, 30.3880474 ], [ -104.615978, 30.4268624 ], [ -104.5709724, 30.4268624 ] ] ], [ [ [ -103.8958884, 30.3880474 ], [ -103.8958884, 30.349217 ], [ -103.8508828, 30.349217 ], [ -103.8508828, 30.3880474 ], [ -103.8958884, 30.3880474 ] ] ], [ [ [ -94.444713299999989, 30.3880474 ], [ -94.444713299999989, 30.349217 ], [ -94.3997077, 30.349217 ], [ -94.3997077, 30.3103712 ], [ -94.3547021, 30.3103712 ], [ -94.3547021, 30.3880474 ], [ -94.444713299999989, 30.3880474 ] ] ], [ [ [ -94.264691, 30.3880474 ], [ -94.264691, 30.349217 ], [ -94.1746798, 30.349217 ], [ -94.1746798, 30.3880474 ], [ -94.264691, 30.3880474 ] ] ], [ [ [ -104.7960004, 30.349217 ], [ -104.841006, 30.349217 ], [ -104.841006, 30.3103712 ], [ -104.7509948, 30.3103712 ], [ -104.7509948, 30.3880474 ], [ -104.7960004, 30.3880474 ], [ -104.7960004, 30.349217 ] ] ], [ [ [ -94.8047581, 30.349217 ], [ -94.8047581, 30.2326334 ], [ -94.7147469, 30.2326334 ], [ -94.7147469, 30.349217 ], [ -94.8047581, 30.349217 ] ] ], [ [ [ -94.5347245, 30.349217 ], [ -94.5347245, 30.27151 ], [ -94.4897189, 30.27151 ], [ -94.4897189, 30.349217 ], [ -94.5347245, 30.349217 ] ] ], [ [ [ -93.8596406, 30.349217 ], [ -93.8596406, 30.3103712 ], [ -93.814635, 30.3103712 ], [ -93.814635, 30.349217 ], [ -93.8596406, 30.349217 ] ] ], [ [ [ -104.615978, 30.3103712 ], [ -104.615978, 30.27151 ], [ -104.5709724, 30.27151 ], [ -104.5709724, 30.3103712 ], [ -104.615978, 30.3103712 ] ] ], [ [ [ -104.4809612, 30.3103712 ], [ -104.4809612, 30.27151 ], [ -104.4359556, 30.27151 ], [ -104.4359556, 30.3103712 ], [ -104.4809612, 30.3103712 ] ] ], [ [ [ -94.3547021, 30.3103712 ], [ -94.3547021, 30.2326334 ], [ -94.3096965, 30.2326334 ], [ -94.3096965, 30.27151 ], [ -94.264691, 30.27151 ], [ -94.264691, 30.3103712 ], [ -94.3547021, 30.3103712 ] ] ], [ [ [ -94.219685399999989, 30.3103712 ], [ -94.219685399999989, 30.2326334 ], [ -94.1296742, 30.2326334 ], [ -94.1296742, 30.27151 ], [ -94.1746798, 30.27151 ], [ -94.1746798, 30.3103712 ], [ -94.219685399999989, 30.3103712 ] ] ], [ [ [ -104.7509948, 30.27151 ], [ -104.7509948, 30.2326334 ], [ -104.7059892, 30.2326334 ], [ -104.7059892, 30.27151 ], [ -104.7509948, 30.27151 ] ] ], [ [ [ -104.5709724, 30.27151 ], [ -104.5709724, 30.2326334 ], [ -104.5259668, 30.2326334 ], [ -104.5259668, 30.27151 ], [ -104.5709724, 30.27151 ] ] ], [ [ [ -103.8508828, 30.27151 ], [ -103.8508828, 30.1937414 ], [ -103.8058772, 30.1937414 ], [ -103.8058772, 30.27151 ], [ -103.8508828, 30.27151 ] ] ], [ [ [ -102.5907262, 30.27151 ], [ -102.5907262, 30.2326334 ], [ -102.5457206, 30.2326334 ], [ -102.5457206, 30.27151 ], [ -102.5907262, 30.27151 ] ] ], [ [ [ -94.8947693, 30.27151 ], [ -94.8947693, 30.2326334 ], [ -94.8497637, 30.2326334 ], [ -94.8497637, 30.27151 ], [ -94.8947693, 30.27151 ] ] ], [ [ [ -93.8596406, 30.27151 ], [ -93.8596406, 30.1937414 ], [ -93.724623799999989, 30.1937414 ], [ -93.724623799999989, 30.2326334 ], [ -93.814635, 30.2326334 ], [ -93.814635, 30.27151 ], [ -93.8596406, 30.27151 ] ] ], [ [ [ -103.9858996, 30.2326334 ], [ -104.0309052, 30.2326334 ], [ -104.0309052, 30.1937414 ], [ -103.8958884, 30.1937414 ], [ -103.8958884, 30.2326334 ], [ -103.940894, 30.2326334 ], [ -103.940894, 30.27151 ], [ -103.9858996, 30.27151 ], [ -103.9858996, 30.2326334 ] ] ], [ [ [ -94.9847805, 30.2326334 ], [ -94.9847805, 30.1937414 ], [ -94.939774899999989, 30.1937414 ], [ -94.939774899999989, 30.2326334 ], [ -94.9847805, 30.2326334 ] ] ], [ [ [ -94.3997077, 30.2326334 ], [ -94.3997077, 30.1937414 ], [ -94.3547021, 30.1937414 ], [ -94.3547021, 30.2326334 ], [ -94.3997077, 30.2326334 ] ] ], [ [ [ -94.6247357, 30.27151 ], [ -94.6247357, 30.1937414 ], [ -94.5347245, 30.1937414 ], [ -94.5347245, 30.154834 ], [ -94.4897189, 30.154834 ], [ -94.4897189, 30.2326334 ], [ -94.5797301, 30.2326334 ], [ -94.5797301, 30.27151 ], [ -94.6247357, 30.27151 ] ] ], [ [ [ -104.7059892, 30.2326334 ], [ -104.7059892, 29.8820532 ], [ -104.6609836, 29.8820532 ], [ -104.6609836, 29.9210678 ], [ -104.615978, 29.9210678 ], [ -104.615978, 30.0380199 ], [ -104.6609836, 30.0380199 ], [ -104.6609836, 30.0769733 ], [ -104.615978, 30.0769733 ], [ -104.615978, 30.1159113 ], [ -104.6609836, 30.1159113 ], [ -104.6609836, 30.2326334 ], [ -104.7059892, 30.2326334 ] ] ], [ [ [ -104.5709724, 30.1937414 ], [ -104.5709724, 30.1159113 ], [ -104.4809612, 30.1159113 ], [ -104.4809612, 30.154834 ], [ -104.5259668, 30.154834 ], [ -104.5259668, 30.1937414 ], [ -104.5709724, 30.1937414 ] ] ], [ [ [ -104.165922, 30.1937414 ], [ -104.165922, 30.1159113 ], [ -104.1209164, 30.1159113 ], [ -104.1209164, 30.0769733 ], [ -104.075910799999988, 30.0769733 ], [ -104.075910799999988, 30.1159113 ], [ -104.0309052, 30.1159113 ], [ -104.0309052, 30.154834 ], [ -104.1209164, 30.154834 ], [ -104.1209164, 30.1937414 ], [ -104.165922, 30.1937414 ] ] ], [ [ [ -102.5907262, 30.1937414 ], [ -102.5907262, 30.154834 ], [ -102.5457206, 30.154834 ], [ -102.5457206, 30.1937414 ], [ -102.5907262, 30.1937414 ] ] ], [ [ [ -94.444713299999989, 30.1937414 ], [ -94.444713299999989, 30.154834 ], [ -94.3997077, 30.154834 ], [ -94.3997077, 30.1937414 ], [ -94.444713299999989, 30.1937414 ] ] ], [ [ [ -93.9946574, 30.1937414 ], [ -93.9946574, 30.154834 ], [ -93.9496518, 30.154834 ], [ -93.9496518, 30.1937414 ], [ -93.9946574, 30.1937414 ] ] ], [ [ [ -103.670860499999989, 30.154834 ], [ -103.670860499999989, 30.1159113 ], [ -103.6258549, 30.1159113 ], [ -103.6258549, 30.154834 ], [ -103.670860499999989, 30.154834 ] ] ], [ [ [ -94.6697413, 30.154834 ], [ -94.6697413, 30.1159113 ], [ -94.6247357, 30.1159113 ], [ -94.6247357, 30.154834 ], [ -94.6697413, 30.154834 ] ] ], [ [ [ -94.5797301, 30.154834 ], [ -94.5797301, 30.0769733 ], [ -94.5347245, 30.0769733 ], [ -94.5347245, 30.154834 ], [ -94.5797301, 30.154834 ] ] ], [ [ [ -94.219685399999989, 30.154834 ], [ -94.219685399999989, 30.1159113 ], [ -94.1746798, 30.1159113 ], [ -94.1746798, 30.154834 ], [ -94.219685399999989, 30.154834 ] ] ], [ [ [ -94.039663, 30.154834 ], [ -94.039663, 30.1159113 ], [ -93.9946574, 30.1159113 ], [ -93.9946574, 30.154834 ], [ -94.039663, 30.154834 ] ] ], [ [ [ -93.9496518, 30.154834 ], [ -93.9496518, 30.1159113 ], [ -93.9046462, 30.1159113 ], [ -93.9046462, 30.154834 ], [ -93.9496518, 30.154834 ] ] ], [ [ [ -104.3009388, 30.2326334 ], [ -104.4809612, 30.2326334 ], [ -104.4809612, 30.1937414 ], [ -104.4359556, 30.1937414 ], [ -104.4359556, 30.154834 ], [ -104.39095, 30.154834 ], [ -104.39095, 30.1159113 ], [ -104.4809612, 30.1159113 ], [ -104.4809612, 29.9600671 ], [ -104.39095, 29.9600671 ], [ -104.39095, 30.0380199 ], [ -104.3459444, 30.0380199 ], [ -104.3459444, 30.0769733 ], [ -104.3009388, 30.0769733 ], [ -104.3009388, 30.1159113 ], [ -104.2109276, 30.1159113 ], [ -104.2109276, 30.1937414 ], [ -104.165922, 30.1937414 ], [ -104.165922, 30.27151 ], [ -104.1209164, 30.27151 ], [ -104.1209164, 30.1937414 ], [ -104.075910799999988, 30.1937414 ], [ -104.075910799999988, 30.349217 ], [ -104.1209164, 30.349217 ], [ -104.1209164, 30.3103712 ], [ -104.2559332, 30.3103712 ], [ -104.2559332, 30.349217 ], [ -104.3009388, 30.349217 ], [ -104.3009388, 30.2326334 ] ], [ [ -104.3009388, 30.154834 ], [ -104.3009388, 30.1159113 ], [ -104.3459444, 30.1159113 ], [ -104.3459444, 30.154834 ], [ -104.3009388, 30.154834 ] ] ], [ [ [ -104.0309052, 30.1159113 ], [ -104.0309052, 29.9990512 ], [ -103.9858996, 29.9990512 ], [ -103.9858996, 30.1159113 ], [ -104.0309052, 30.1159113 ] ] ], [ [ [ -103.8958884, 30.1159113 ], [ -103.8958884, 30.0380199 ], [ -103.8508828, 30.0380199 ], [ -103.8508828, 29.9990512 ], [ -103.8058772, 29.9990512 ], [ -103.8058772, 29.9600671 ], [ -103.670860499999989, 29.9600671 ], [ -103.670860499999989, 29.9990512 ], [ -103.6258549, 29.9990512 ], [ -103.6258549, 30.0380199 ], [ -103.670860499999989, 30.0380199 ], [ -103.670860499999989, 30.0769733 ], [ -103.7158661, 30.0769733 ], [ -103.7158661, 30.0380199 ], [ -103.8058772, 30.0380199 ], [ -103.8058772, 30.0769733 ], [ -103.8508828, 30.0769733 ], [ -103.8508828, 30.1159113 ], [ -103.8958884, 30.1159113 ] ] ], [ [ [ -103.3558213, 30.1159113 ], [ -103.3558213, 30.0769733 ], [ -103.3108157, 30.0769733 ], [ -103.3108157, 30.1159113 ], [ -103.3558213, 30.1159113 ] ] ], [ [ [ -102.500715, 30.1159113 ], [ -102.500715, 30.0769733 ], [ -102.4557094, 30.0769733 ], [ -102.4557094, 30.1159113 ], [ -102.500715, 30.1159113 ] ] ], [ [ [ -94.3547021, 30.154834 ], [ -94.3997077, 30.154834 ], [ -94.3997077, 30.1159113 ], [ -94.444713299999989, 30.1159113 ], [ -94.444713299999989, 30.0769733 ], [ -94.3547021, 30.0769733 ], [ -94.3547021, 30.0380199 ], [ -94.3096965, 30.0380199 ], [ -94.3096965, 30.1159113 ], [ -94.264691, 30.1159113 ], [ -94.264691, 30.154834 ], [ -94.3096965, 30.154834 ], [ -94.3096965, 30.1937414 ], [ -94.3547021, 30.1937414 ], [ -94.3547021, 30.154834 ] ] ], [ [ [ -94.264691, 30.1159113 ], [ -94.264691, 30.0769733 ], [ -94.219685399999989, 30.0769733 ], [ -94.219685399999989, 30.1159113 ], [ -94.264691, 30.1159113 ] ] ], [ [ [ -94.0846686, 30.1159113 ], [ -94.0846686, 30.0769733 ], [ -94.039663, 30.0769733 ], [ -94.039663, 30.1159113 ], [ -94.0846686, 30.1159113 ] ] ], [ [ [ -93.9046462, 30.1159113 ], [ -93.9046462, 30.0769733 ], [ -93.8596406, 30.0769733 ], [ -93.8596406, 30.1159113 ], [ -93.9046462, 30.1159113 ] ] ], [ [ [ -93.814635, 30.1159113 ], [ -93.814635, 30.0769733 ], [ -93.769629400000014, 30.0769733 ], [ -93.769629400000014, 30.1159113 ], [ -93.814635, 30.1159113 ] ] ], [ [ [ -104.3009388, 30.0769733 ], [ -104.3009388, 30.0380199 ], [ -104.2109276, 30.0380199 ], [ -104.2109276, 30.0769733 ], [ -104.3009388, 30.0769733 ] ] ], [ [ [ -102.6807374, 30.0769733 ], [ -102.6807374, 30.0380199 ], [ -102.6357318, 30.0380199 ], [ -102.6357318, 30.0769733 ], [ -102.6807374, 30.0769733 ] ] ], [ [ [ -102.4557094, 30.0769733 ], [ -102.4557094, 30.0380199 ], [ -102.4107038, 30.0380199 ], [ -102.4107038, 30.0769733 ], [ -102.4557094, 30.0769733 ] ] ], [ [ [ -94.5347245, 30.0769733 ], [ -94.5347245, 30.0380199 ], [ -94.4897189, 30.0380199 ], [ -94.4897189, 29.9600671 ], [ -94.444713299999989, 29.9600671 ], [ -94.444713299999989, 29.9990512 ], [ -94.3997077, 29.9990512 ], [ -94.3997077, 30.0380199 ], [ -94.444713299999989, 30.0380199 ], [ -94.444713299999989, 30.0769733 ], [ -94.5347245, 30.0769733 ] ] ], [ [ [ -94.219685399999989, 30.0769733 ], [ -94.219685399999989, 29.9990512 ], [ -94.1746798, 29.9990512 ], [ -94.1746798, 29.8820532 ], [ -94.0846686, 29.8820532 ], [ -94.0846686, 29.9990512 ], [ -94.1296742, 29.9990512 ], [ -94.1296742, 30.0380199 ], [ -94.1746798, 30.0380199 ], [ -94.1746798, 30.0769733 ], [ -94.219685399999989, 30.0769733 ] ] ], [ [ [ -93.9496518, 30.0769733 ], [ -93.9496518, 30.0380199 ], [ -93.9046462, 30.0380199 ], [ -93.9046462, 30.0769733 ], [ -93.9496518, 30.0769733 ] ] ], [ [ [ -94.039663, 30.0380199 ], [ -94.039663, 29.9990512 ], [ -93.9946574, 29.9990512 ], [ -93.9946574, 30.0380199 ], [ -94.039663, 30.0380199 ] ] ], [ [ [ -93.8596406, 30.0380199 ], [ -93.8596406, 29.9990512 ], [ -93.814635, 29.9990512 ], [ -93.814635, 30.0380199 ], [ -93.8596406, 30.0380199 ] ] ], [ [ [ -104.3009388, 29.9990512 ], [ -104.3009388, 29.9600671 ], [ -104.2109276, 29.9600671 ], [ -104.2109276, 29.9990512 ], [ -104.3009388, 29.9990512 ] ] ], [ [ [ -103.1307933, 29.9990512 ], [ -103.1307933, 29.9600671 ], [ -103.085787700000012, 29.9600671 ], [ -103.085787700000012, 29.9990512 ], [ -103.1307933, 29.9990512 ] ] ], [ [ [ -102.4107038, 29.9990512 ], [ -102.4107038, 29.9600671 ], [ -102.3656982, 29.9600671 ], [ -102.3656982, 29.9990512 ], [ -102.4107038, 29.9990512 ] ] ], [ [ [ -94.3997077, 29.9990512 ], [ -94.3997077, 29.9600671 ], [ -94.3547021, 29.9600671 ], [ -94.3547021, 29.9990512 ], [ -94.3997077, 29.9990512 ] ] ], [ [ [ -104.5709724, 29.9600671 ], [ -104.5709724, 29.9210678 ], [ -104.5259668, 29.9210678 ], [ -104.5259668, 29.8820532 ], [ -104.4809612, 29.8820532 ], [ -104.4809612, 29.9600671 ], [ -104.5709724, 29.9600671 ] ] ], [ [ [ -103.670860499999989, 29.9600671 ], [ -103.670860499999989, 29.9210678 ], [ -103.6258549, 29.9210678 ], [ -103.6258549, 29.9600671 ], [ -103.670860499999989, 29.9600671 ] ] ], [ [ [ -102.5457206, 29.9600671 ], [ -102.5457206, 29.8820532 ], [ -102.500715, 29.8820532 ], [ -102.500715, 29.9210678 ], [ -102.4107038, 29.9210678 ], [ -102.4107038, 29.9600671 ], [ -102.5457206, 29.9600671 ] ] ], [ [ [ -102.3206926, 29.9600671 ], [ -102.3206926, 29.9210678 ], [ -102.275687, 29.9210678 ], [ -102.275687, 29.9600671 ], [ -102.3206926, 29.9600671 ] ] ], [ [ [ -102.2306814, 29.9600671 ], [ -102.2306814, 29.9210678 ], [ -102.1856758, 29.9210678 ], [ -102.1856758, 29.9600671 ], [ -102.2306814, 29.9600671 ] ] ], [ [ [ -94.6697413, 30.0380199 ], [ -94.7597525, 30.0380199 ], [ -94.7597525, 29.9600671 ], [ -94.8047581, 29.9600671 ], [ -94.8047581, 29.8820532 ], [ -94.7597525, 29.8820532 ], [ -94.7597525, 29.9210678 ], [ -94.7147469, 29.9210678 ], [ -94.7147469, 29.8820532 ], [ -94.6697413, 29.8820532 ], [ -94.6697413, 29.9210678 ], [ -94.5797301, 29.9210678 ], [ -94.5797301, 29.8820532 ], [ -94.5347245, 29.8820532 ], [ -94.5347245, 29.9210678 ], [ -94.4897189, 29.9210678 ], [ -94.4897189, 29.9600671 ], [ -94.5797301, 29.9600671 ], [ -94.5797301, 29.9990512 ], [ -94.5347245, 29.9990512 ], [ -94.5347245, 30.0380199 ], [ -94.6247357, 30.0380199 ], [ -94.6247357, 30.0769733 ], [ -94.6697413, 30.0769733 ], [ -94.6697413, 30.0380199 ] ] ], [ [ [ -93.9046462, 29.9600671 ], [ -93.9046462, 29.9210678 ], [ -93.8596406, 29.9210678 ], [ -93.8596406, 29.9600671 ], [ -93.9046462, 29.9600671 ] ] ], [ [ [ -104.0309052, 29.9210678 ], [ -104.0309052, 29.8820532 ], [ -103.940894, 29.8820532 ], [ -103.940894, 29.9210678 ], [ -104.0309052, 29.9210678 ] ] ], [ [ [ -103.1757989, 29.9210678 ], [ -103.1757989, 29.8820532 ], [ -103.0407821, 29.8820532 ], [ -103.0407821, 29.9210678 ], [ -103.1757989, 29.9210678 ] ] ], [ [ [ -94.4897189, 29.9210678 ], [ -94.4897189, 29.8820532 ], [ -94.444713299999989, 29.8820532 ], [ -94.444713299999989, 29.9210678 ], [ -94.4897189, 29.9210678 ] ] ], [ [ [ -94.264691, 29.9210678 ], [ -94.264691, 29.8820532 ], [ -94.219685399999989, 29.8820532 ], [ -94.219685399999989, 29.9210678 ], [ -94.264691, 29.9210678 ] ] ], [ [ [ -102.3656982, 29.9210678 ], [ -102.3656982, 29.8430234 ], [ -102.3206926, 29.8430234 ], [ -102.3206926, 29.9210678 ], [ -102.3656982, 29.9210678 ] ] ], [ [ [ -102.275687, 29.9210678 ], [ -102.275687, 29.8430234 ], [ -102.1856758, 29.8430234 ], [ -102.1856758, 29.8039783 ], [ -102.0956646, 29.8039783 ], [ -102.0956646, 29.8430234 ], [ -102.1406702, 29.8430234 ], [ -102.1406702, 29.9210678 ], [ -102.1856758, 29.9210678 ], [ -102.1856758, 29.8820532 ], [ -102.2306814, 29.8820532 ], [ -102.2306814, 29.9210678 ], [ -102.275687, 29.9210678 ] ] ], [ [ [ -104.6609836, 29.8820532 ], [ -104.6609836, 29.8430234 ], [ -104.615978, 29.8430234 ], [ -104.615978, 29.8820532 ], [ -104.6609836, 29.8820532 ] ] ], [ [ [ -104.4359556, 29.8820532 ], [ -104.4359556, 29.8430234 ], [ -104.3009388, 29.8430234 ], [ -104.3009388, 29.8820532 ], [ -104.4359556, 29.8820532 ] ] ], [ [ [ -103.76087170000001, 29.8820532 ], [ -103.76087170000001, 29.8430234 ], [ -103.7158661, 29.8430234 ], [ -103.7158661, 29.8820532 ], [ -103.76087170000001, 29.8820532 ] ] ], [ [ [ -94.0846686, 29.8820532 ], [ -94.0846686, 29.8430234 ], [ -94.039663, 29.8430234 ], [ -94.039663, 29.8820532 ], [ -94.0846686, 29.8820532 ] ] ], [ [ [ -104.615978, 29.8430234 ], [ -104.615978, 29.7649179 ], [ -104.5709724, 29.7649179 ], [ -104.5709724, 29.8430234 ], [ -104.615978, 29.8430234 ] ] ], [ [ [ -103.8508828, 29.8430234 ], [ -103.8958884, 29.8430234 ], [ -103.8958884, 29.6867515 ], [ -103.8508828, 29.6867515 ], [ -103.8508828, 29.7258423 ], [ -103.8058772, 29.7258423 ], [ -103.8058772, 29.8039783 ], [ -103.76087170000001, 29.8039783 ], [ -103.76087170000001, 29.8430234 ], [ -103.8058772, 29.8430234 ], [ -103.8058772, 29.9210678 ], [ -103.8508828, 29.9210678 ], [ -103.8508828, 29.8430234 ] ] ], [ [ [ -103.2658101, 29.8430234 ], [ -103.2658101, 29.8039783 ], [ -103.2208045, 29.8039783 ], [ -103.2208045, 29.8430234 ], [ -103.2658101, 29.8430234 ] ] ], [ [ [ -94.264691, 29.8430234 ], [ -94.264691, 29.8039783 ], [ -94.1746798, 29.8039783 ], [ -94.1746798, 29.8430234 ], [ -94.264691, 29.8430234 ] ] ], [ [ [ -103.3108157, 29.8039783 ], [ -103.3108157, 29.7649179 ], [ -103.2658101, 29.7649179 ], [ -103.2658101, 29.8039783 ], [ -103.3108157, 29.8039783 ] ] ], [ [ [ -104.5709724, 29.7649179 ], [ -104.5709724, 29.6867515 ], [ -104.5259668, 29.6867515 ], [ -104.5259668, 29.7649179 ], [ -104.5709724, 29.7649179 ] ] ], [ [ [ -104.0309052, 29.7649179 ], [ -104.0309052, 29.6867515 ], [ -103.940894, 29.6867515 ], [ -103.940894, 29.7258423 ], [ -103.9858996, 29.7258423 ], [ -103.9858996, 29.7649179 ], [ -104.0309052, 29.7649179 ] ] ], [ [ [ -94.6697413, 29.7649179 ], [ -94.7147469, 29.7649179 ], [ -94.7147469, 29.6867515 ], [ -94.6697413, 29.6867515 ], [ -94.6697413, 29.7258423 ], [ -94.6247357, 29.7258423 ], [ -94.6247357, 29.8039783 ], [ -94.6697413, 29.8039783 ], [ -94.6697413, 29.7649179 ] ] ], [ [ [ -94.219685399999989, 29.7649179 ], [ -94.219685399999989, 29.7258423 ], [ -94.1296742, 29.7258423 ], [ -94.1296742, 29.7649179 ], [ -94.219685399999989, 29.7649179 ] ] ], [ [ [ -102.9507709, 29.7258423 ], [ -102.9507709, 29.6867515 ], [ -102.9057653, 29.6867515 ], [ -102.9057653, 29.7258423 ], [ -102.9507709, 29.7258423 ] ] ], [ [ [ -94.6247357, 29.7258423 ], [ -94.6247357, 29.6867515 ], [ -94.5797301, 29.6867515 ], [ -94.5797301, 29.7258423 ], [ -94.6247357, 29.7258423 ] ] ], [ [ [ -104.5259668, 29.6867515 ], [ -104.5259668, 29.6085242 ], [ -104.4809612, 29.6085242 ], [ -104.4809612, 29.6867515 ], [ -104.5259668, 29.6867515 ] ] ], [ [ [ -104.2559332, 29.6867515 ], [ -104.2559332, 29.6476454 ], [ -104.2109276, 29.6476454 ], [ -104.2109276, 29.6867515 ], [ -104.2559332, 29.6867515 ] ] ], [ [ [ -94.3997077, 29.8820532 ], [ -94.444713299999989, 29.8820532 ], [ -94.444713299999989, 29.8430234 ], [ -94.3997077, 29.8430234 ], [ -94.3997077, 29.8039783 ], [ -94.444713299999989, 29.8039783 ], [ -94.444713299999989, 29.7649179 ], [ -94.4897189, 29.7649179 ], [ -94.4897189, 29.8820532 ], [ -94.5347245, 29.8820532 ], [ -94.5347245, 29.8430234 ], [ -94.5797301, 29.8430234 ], [ -94.5797301, 29.8039783 ], [ -94.5347245, 29.8039783 ], [ -94.5347245, 29.7649179 ], [ -94.5797301, 29.7649179 ], [ -94.5797301, 29.7258423 ], [ -94.5347245, 29.7258423 ], [ -94.5347245, 29.6867515 ], [ -94.5797301, 29.6867515 ], [ -94.5797301, 29.6476454 ], [ -94.5347245, 29.6476454 ], [ -94.5347245, 29.6085242 ], [ -94.4897189, 29.6085242 ], [ -94.4897189, 29.6867515 ], [ -94.444713299999989, 29.6867515 ], [ -94.444713299999989, 29.6085242 ], [ -94.3997077, 29.6085242 ], [ -94.3997077, 29.6867515 ], [ -94.3547021, 29.6867515 ], [ -94.3547021, 29.6476454 ], [ -94.264691, 29.6476454 ], [ -94.264691, 29.6867515 ], [ -94.3096965, 29.6867515 ], [ -94.3096965, 29.7649179 ], [ -94.264691, 29.7649179 ], [ -94.264691, 29.8039783 ], [ -94.3096965, 29.8039783 ], [ -94.3096965, 29.9210678 ], [ -94.3997077, 29.9210678 ], [ -94.3997077, 29.8820532 ] ], [ [ -94.3997077, 29.7649179 ], [ -94.3997077, 29.7258423 ], [ -94.444713299999989, 29.7258423 ], [ -94.444713299999989, 29.7649179 ], [ -94.3997077, 29.7649179 ] ] ], [ [ [ -104.39095, 29.6476454 ], [ -104.39095, 29.6085242 ], [ -104.3009388, 29.6085242 ], [ -104.3009388, 29.6476454 ], [ -104.39095, 29.6476454 ] ] ], [ [ [ -104.0309052, 29.6476454 ], [ -104.0309052, 29.6085242 ], [ -103.9858996, 29.6085242 ], [ -103.9858996, 29.6476454 ], [ -104.0309052, 29.6476454 ] ] ], [ [ [ -103.1757989, 29.6476454 ], [ -103.1757989, 29.6085242 ], [ -103.1307933, 29.6085242 ], [ -103.1307933, 29.6476454 ], [ -103.1757989, 29.6476454 ] ] ], [ [ [ -94.7147469, 29.6476454 ], [ -94.7147469, 29.6085242 ], [ -94.6247357, 29.6085242 ], [ -94.6247357, 29.6476454 ], [ -94.7147469, 29.6476454 ] ] ], [ [ [ -103.940894, 29.6867515 ], [ -103.940894, 29.5302362 ], [ -103.8958884, 29.5302362 ], [ -103.8958884, 29.5693878 ], [ -103.76087170000001, 29.5693878 ], [ -103.76087170000001, 29.6476454 ], [ -103.8508828, 29.6476454 ], [ -103.8508828, 29.6085242 ], [ -103.8958884, 29.6085242 ], [ -103.8958884, 29.6867515 ], [ -103.940894, 29.6867515 ] ] ], [ [ [ -104.4809612, 29.6085242 ], [ -104.4809612, 29.5693878 ], [ -104.4359556, 29.5693878 ], [ -104.4359556, 29.5302362 ], [ -104.39095, 29.5302362 ], [ -104.39095, 29.4910694 ], [ -104.2559332, 29.4910694 ], [ -104.2559332, 29.5693878 ], [ -104.39095, 29.5693878 ], [ -104.39095, 29.6085242 ], [ -104.4809612, 29.6085242 ] ] ], [ [ [ -94.7597525, 29.5693878 ], [ -94.7597525, 29.5302362 ], [ -94.7147469, 29.5302362 ], [ -94.7147469, 29.5693878 ], [ -94.7597525, 29.5693878 ] ] ], [ [ [ -94.6247357, 29.5693878 ], [ -94.6247357, 29.5302362 ], [ -94.5797301, 29.5302362 ], [ -94.5797301, 29.5693878 ], [ -94.6247357, 29.5693878 ] ] ], [ [ [ -104.0309052, 29.5302362 ], [ -104.0309052, 29.4518875 ], [ -103.9858996, 29.4518875 ], [ -103.9858996, 29.4910694 ], [ -103.940894, 29.4910694 ], [ -103.940894, 29.5302362 ], [ -104.0309052, 29.5302362 ] ] ], [ [ [ -104.2109276, 29.4910694 ], [ -104.2559332, 29.4910694 ], [ -104.2559332, 29.4518875 ], [ -104.2109276, 29.4518875 ], [ -104.2109276, 29.3734783 ], [ -104.075910799999988, 29.3734783 ], [ -104.075910799999988, 29.4126905 ], [ -104.165922, 29.4126905 ], [ -104.165922, 29.4518875 ], [ -104.075910799999988, 29.4518875 ], [ -104.075910799999988, 29.5302362 ], [ -104.1209164, 29.5302362 ], [ -104.1209164, 29.4910694 ], [ -104.165922, 29.4910694 ], [ -104.165922, 29.5302362 ], [ -104.2109276, 29.5302362 ], [ -104.2109276, 29.4910694 ] ] ], [ [ [ -103.1757989, 29.4910694 ], [ -103.1757989, 29.4518875 ], [ -103.1307933, 29.4518875 ], [ -103.1307933, 29.4910694 ], [ -103.1757989, 29.4910694 ] ] ], [ [ [ -94.6247357, 29.4910694 ], [ -94.6247357, 29.4518875 ], [ -94.5347245, 29.4518875 ], [ -94.5347245, 29.4910694 ], [ -94.6247357, 29.4910694 ] ] ], [ [ [ -94.8947693, 29.4126905 ], [ -94.8947693, 29.3734783 ], [ -94.8497637, 29.3734783 ], [ -94.8497637, 29.4126905 ], [ -94.8947693, 29.4126905 ] ] ], [ [ [ -103.9858996, 29.3734783 ], [ -104.0309052, 29.3734783 ], [ -104.0309052, 29.334251 ], [ -103.940894, 29.334251 ], [ -103.940894, 29.4126905 ], [ -103.9858996, 29.4126905 ], [ -103.9858996, 29.3734783 ] ] ], [ [ [ -103.4458325, 29.334251 ], [ -103.4458325, 29.2950087 ], [ -103.4008269, 29.2950087 ], [ -103.4008269, 29.334251 ], [ -103.4458325, 29.334251 ] ] ], [ [ [ -94.939774899999989, 29.334251 ], [ -94.939774899999989, 29.2950087 ], [ -94.8947693, 29.2950087 ], [ -94.8947693, 29.334251 ], [ -94.939774899999989, 29.334251 ] ] ], [ [ [ -103.1757989, 29.2950087 ], [ -103.1757989, 29.2557512 ], [ -103.1307933, 29.2557512 ], [ -103.1307933, 29.2950087 ], [ -103.1757989, 29.2950087 ] ] ], [ [ [ -103.0407821, 29.7649179 ], [ -103.085787700000012, 29.7649179 ], [ -103.085787700000012, 29.4518875 ], [ -103.0407821, 29.4518875 ], [ -103.0407821, 29.334251 ], [ -102.9957765, 29.334251 ], [ -102.9957765, 29.2950087 ], [ -102.9507709, 29.2950087 ], [ -102.9507709, 29.2557512 ], [ -102.9057653, 29.2557512 ], [ -102.9057653, 29.2164787 ], [ -102.860759699999988, 29.2164787 ], [ -102.860759699999988, 29.2950087 ], [ -102.9057653, 29.2950087 ], [ -102.9057653, 29.334251 ], [ -102.8157541, 29.334251 ], [ -102.8157541, 29.4910694 ], [ -102.7707485, 29.4910694 ], [ -102.7707485, 29.5693878 ], [ -102.725743, 29.5693878 ], [ -102.725743, 29.6476454 ], [ -102.6807374, 29.6476454 ], [ -102.6807374, 29.7258423 ], [ -102.500715, 29.7258423 ], [ -102.500715, 29.7649179 ], [ -102.3656982, 29.7649179 ], [ -102.3656982, 29.8039783 ], [ -102.4107038, 29.8039783 ], [ -102.4107038, 29.8430234 ], [ -102.4557094, 29.8430234 ], [ -102.4557094, 29.8039783 ], [ -102.500715, 29.8039783 ], [ -102.500715, 29.8430234 ], [ -102.5907262, 29.8430234 ], [ -102.5907262, 29.8039783 ], [ -102.6807374, 29.8039783 ], [ -102.6807374, 29.8430234 ], [ -102.725743, 29.8430234 ], [ -102.725743, 29.8039783 ], [ -102.8157541, 29.8039783 ], [ -102.8157541, 29.7258423 ], [ -102.860759699999988, 29.7258423 ], [ -102.860759699999988, 29.6867515 ], [ -102.9057653, 29.6867515 ], [ -102.9057653, 29.6476454 ], [ -102.9507709, 29.6476454 ], [ -102.9507709, 29.6085242 ], [ -102.9957765, 29.6085242 ], [ -102.9957765, 29.6867515 ], [ -103.0407821, 29.6867515 ], [ -103.0407821, 29.7258423 ], [ -102.9507709, 29.7258423 ], [ -102.9507709, 29.7649179 ], [ -102.9957765, 29.7649179 ], [ -102.9957765, 29.8430234 ], [ -103.0407821, 29.8430234 ], [ -103.0407821, 29.7649179 ] ], [ [ -102.8157541, 29.5302362 ], [ -102.8157541, 29.4910694 ], [ -102.860759699999988, 29.4910694 ], [ -102.860759699999988, 29.5302362 ], [ -102.8157541, 29.5302362 ] ], [ [ -102.9057653, 29.3734783 ], [ -102.9057653, 29.334251 ], [ -102.9507709, 29.334251 ], [ -102.9507709, 29.3734783 ], [ -102.9057653, 29.3734783 ] ] ], [ [ [ -103.3108157, 29.2950087 ], [ -103.4008269, 29.2950087 ], [ -103.4008269, 29.2557512 ], [ -103.3558213, 29.2557512 ], [ -103.3558213, 29.2164787 ], [ -103.3108157, 29.2164787 ], [ -103.3108157, 29.1771911 ], [ -103.2658101, 29.1771911 ], [ -103.2658101, 29.2950087 ], [ -103.2208045, 29.2950087 ], [ -103.2208045, 29.334251 ], [ -103.3108157, 29.334251 ], [ -103.3108157, 29.2950087 ] ] ], [ [ [ -103.0407821, 29.2950087 ], [ -103.0407821, 29.1378885 ], [ -102.9957765, 29.1378885 ], [ -102.9957765, 29.1771911 ], [ -102.9057653, 29.1771911 ], [ -102.9057653, 29.2164787 ], [ -102.9957765, 29.2164787 ], [ -102.9957765, 29.2950087 ], [ -103.0407821, 29.2950087 ] ] ], [ [ [ -94.939774899999989, 29.2557512 ], [ -94.939774899999989, 29.2164787 ], [ -94.8497637, 29.2164787 ], [ -94.8497637, 29.2557512 ], [ -94.939774899999989, 29.2557512 ] ] ], [ [ [ -95.1648029, 29.0985708 ], [ -95.1648029, 29.0592381 ], [ -95.1197973, 29.0592381 ], [ -95.1197973, 29.0985708 ], [ -95.1648029, 29.0985708 ] ] ], [ [ [ -103.4458325, 29.0592381 ], [ -103.4458325, 29.0198904 ], [ -103.4008269, 29.0198904 ], [ -103.4008269, 29.0592381 ], [ -103.4458325, 29.0592381 ] ] ], [ [ [ -103.2208045, 29.0592381 ], [ -103.2658101, 29.0592381 ], [ -103.2658101, 29.0198904 ], [ -103.3108157, 29.0198904 ], [ -103.3108157, 29.0592381 ], [ -103.3558213, 29.0592381 ], [ -103.3558213, 28.9805277 ], [ -103.2208045, 28.9805277 ], [ -103.2208045, 28.94115 ], [ -103.1307933, 28.94115 ], [ -103.1307933, 28.9805277 ], [ -103.085787700000012, 28.9805277 ], [ -103.085787700000012, 29.0592381 ], [ -103.0407821, 29.0592381 ], [ -103.0407821, 29.1378885 ], [ -103.085787700000012, 29.1378885 ], [ -103.085787700000012, 29.0985708 ], [ -103.1757989, 29.0985708 ], [ -103.1757989, 29.1378885 ], [ -103.2208045, 29.1378885 ], [ -103.2208045, 29.0592381 ] ], [ [ -103.1757989, 29.0592381 ], [ -103.1757989, 29.0198904 ], [ -103.2208045, 29.0198904 ], [ -103.2208045, 29.0592381 ], [ -103.1757989, 29.0592381 ] ] ], [ [ [ -95.3898308, 28.9017574 ], [ -95.3898308, 28.8623497 ], [ -95.3448253, 28.8623497 ], [ -95.3448253, 28.9017574 ], [ -95.3898308, 28.9017574 ] ] ], [ [ [ -100.2954408, 28.3090799 ], [ -100.2954408, 28.2694495 ], [ -100.2504352, 28.2694495 ], [ -100.2504352, 28.3090799 ], [ -100.2954408, 28.3090799 ] ] ], [ [ [ -99.8453848, 28.0313579 ], [ -99.8453848, 27.9916246 ], [ -99.8003792, 27.9916246 ], [ -99.8003792, 28.0313579 ], [ -99.8453848, 28.0313579 ] ] ], [ [ [ -99.935396, 28.0313579 ], [ -99.935396, 27.8723367 ], [ -99.8903904, 27.8723367 ], [ -99.8903904, 28.0313579 ], [ -99.935396, 28.0313579 ] ] ], [ [ [ -99.710368, 27.9916246 ], [ -99.710368, 27.9518766 ], [ -99.6653624, 27.9518766 ], [ -99.6653624, 27.9916246 ], [ -99.710368, 27.9916246 ] ] ], [ [ [ -99.8453848, 27.9518766 ], [ -99.8453848, 27.9121139 ], [ -99.8003792, 27.9121139 ], [ -99.8003792, 27.9518766 ], [ -99.8453848, 27.9518766 ] ] ], [ [ [ -99.8903904, 27.8723367 ], [ -99.8903904, 27.7927384 ], [ -99.8453848, 27.7927384 ], [ -99.8453848, 27.8723367 ], [ -99.8903904, 27.8723367 ] ] ], [ [ [ -99.7553736, 27.8723367 ], [ -99.7553736, 27.8325448 ], [ -99.710368, 27.8325448 ], [ -99.710368, 27.8723367 ], [ -99.7553736, 27.8723367 ] ] ], [ [ [ -99.8453848, 27.7927384 ], [ -99.8453848, 27.7529173 ], [ -99.8003792, 27.7529173 ], [ -99.8003792, 27.7927384 ], [ -99.8453848, 27.7927384 ] ] ], [ [ [ -99.8003792, 27.7529173 ], [ -99.8003792, 27.7130817 ], [ -99.7553736, 27.7130817 ], [ -99.7553736, 27.7529173 ], [ -99.8003792, 27.7529173 ] ] ], [ [ [ -97.2800659, 26.5113095 ], [ -97.2800659, 26.3904268 ], [ -97.2350603, 26.3904268 ], [ -97.2350603, 26.2290528 ], [ -97.1900547, 26.2290528 ], [ -97.1900547, 26.1078751 ], [ -97.1450491, 26.1078751 ], [ -97.1450491, 26.2694173 ], [ -97.1900547, 26.2694173 ], [ -97.1900547, 26.4307351 ], [ -97.2350603, 26.4307351 ], [ -97.2350603, 26.5113095 ], [ -97.2800659, 26.5113095 ] ] ], [ [ [ -103.085787700000012, 36.4675512 ], [ -103.0407821, 36.4675512 ], [ -103.0407821, 36.4313495 ], [ -103.085787700000012, 36.4313495 ], [ -103.085787700000012, 36.3951309 ], [ -103.0407821, 36.3951309 ], [ -103.0407821, 36.3588955 ], [ -103.085787700000012, 36.3588955 ], [ -103.085787700000012, 36.3226432 ], [ -103.0407821, 36.3226432 ], [ -103.0407821, 36.2137851 ], [ -103.085787700000012, 36.2137851 ], [ -103.085787700000012, 36.1774653 ], [ -103.0407821, 36.1774653 ], [ -103.0407821, 36.1047753 ], [ -103.085787700000012, 36.1047753 ], [ -103.085787700000012, 36.068405 ], [ -103.0407821, 36.068405 ], [ -103.0407821, 35.9227557 ], [ -103.085787700000012, 35.9227557 ], [ -103.085787700000012, 35.8863014 ], [ -102.9957765, 35.8863014 ], [ -102.9957765, 35.8498303 ], [ -103.085787700000012, 35.8498303 ], [ -103.085787700000012, 35.8133424 ], [ -103.0407821, 35.8133424 ], [ -103.0407821, 35.7037781 ], [ -103.085787700000012, 35.7037781 ], [ -103.085787700000012, 35.6306515 ], [ -103.0407821, 35.6306515 ], [ -103.0407821, 35.4475421 ], [ -103.085787700000012, 35.4475421 ], [ -103.085787700000012, 35.4108701 ], [ -103.0407821, 35.4108701 ], [ -103.0407821, 35.1168936 ], [ -103.085787700000012, 35.1168936 ], [ -103.085787700000012, 35.0432329 ], [ -103.0407821, 35.0432329 ], [ -103.0407821, 35.0063777 ], [ -103.085787700000012, 35.0063777 ], [ -103.085787700000012, 34.9695058 ], [ -103.0407821, 34.9695058 ], [ -103.0407821, 34.8957123 ], [ -103.085787700000012, 34.8957123 ], [ -103.085787700000012, 34.7848977 ], [ -103.0407821, 34.7848977 ], [ -103.0407821, 34.7479263 ], [ -103.085787700000012, 34.7479263 ], [ -103.085787700000012, 34.6369129 ], [ -103.0407821, 34.6369129 ], [ -103.0407821, 34.5998754 ], [ -103.085787700000012, 34.5998754 ], [ -103.085787700000012, 32.5376013 ], [ -103.0407821, 32.5376013 ], [ -103.0407821, 32.499651799999988 ], [ -103.085787700000012, 32.499651799999988 ], [ -103.085787700000012, 32.4237048 ], [ -102.9957765, 32.4237048 ], [ -102.9957765, 32.3857073 ], [ -103.085787700000012, 32.3857073 ], [ -103.085787700000012, 32.3096644 ], [ -103.0407821, 32.3096644 ], [ -103.0407821, 32.2716189 ], [ -103.085787700000012, 32.2716189 ], [ -103.085787700000012, 32.2335575 ], [ -103.0407821, 32.2335575 ], [ -103.0407821, 32.1954802 ], [ -103.085787700000012, 32.1954802 ], [ -103.085787700000012, 32.1573869 ], [ -103.0407821, 32.1573869 ], [ -103.0407821, 32.1192777 ], [ -103.085787700000012, 32.1192777 ], [ -103.085787700000012, 32.0430115 ], [ -103.0407821, 32.0430115 ], [ -103.0407821, 32.0048546 ], [ -103.085787700000012, 32.0048546 ], [ -103.085787700000012, 31.8902884 ], [ -103.1307933, 31.8902884 ], [ -103.1307933, 31.852068 ], [ -103.2208045, 31.852068 ], [ -103.2208045, 31.6990279 ], [ -103.1757989, 31.6990279 ], [ -103.1757989, 31.622413 ], [ -103.1307933, 31.622413 ], [ -103.1307933, 31.5840818 ], [ -103.2208045, 31.5840818 ], [ -103.2208045, 31.5457349 ], [ -103.1757989, 31.5457349 ], [ -103.1757989, 31.5073723 ], [ -103.2658101, 31.5073723 ], [ -103.2658101, 31.5457349 ], [ -103.3108157, 31.5457349 ], [ -103.3108157, 31.5840818 ], [ -103.3558213, 31.5840818 ], [ -103.3558213, 31.6990279 ], [ -103.3108157, 31.6990279 ], [ -103.3108157, 31.6607283 ], [ -103.2658101, 31.6607283 ], [ -103.2658101, 31.852068 ], [ -103.3108157, 31.852068 ], [ -103.3108157, 31.928493 ], [ -103.3558213, 31.928493 ], [ -103.3558213, 31.9666817 ], [ -103.3108157, 31.9666817 ], [ -103.3108157, 32.0048546 ], [ -103.4908381, 32.0048546 ], [ -103.4908381, 31.9666817 ], [ -103.5358437, 31.9666817 ], [ -103.5358437, 32.0048546 ], [ -103.76087170000001, 32.0048546 ], [ -103.76087170000001, 31.928493 ], [ -103.8508828, 31.928493 ], [ -103.8508828, 31.9666817 ], [ -103.8958884, 31.9666817 ], [ -103.8958884, 32.0048546 ], [ -104.5259668, 32.0048546 ], [ -104.5259668, 31.9666817 ], [ -104.5709724, 31.9666817 ], [ -104.5709724, 31.928493 ], [ -104.615978, 31.928493 ], [ -104.615978, 31.8902884 ], [ -104.4809612, 31.8902884 ], [ -104.4809612, 31.852068 ], [ -104.5259668, 31.852068 ], [ -104.5259668, 31.8138317 ], [ -104.5709724, 31.8138317 ], [ -104.5709724, 31.852068 ], [ -104.615978, 31.852068 ], [ -104.615978, 31.7755796 ], [ -104.5709724, 31.7755796 ], [ -104.5709724, 31.7373117 ], [ -104.5259668, 31.7373117 ], [ -104.5259668, 31.6990279 ], [ -104.4809612, 31.6990279 ], [ -104.4809612, 31.6607283 ], [ -104.5259668, 31.6607283 ], [ -104.5259668, 31.5840818 ], [ -104.4809612, 31.5840818 ], [ -104.4809612, 31.5457349 ], [ -104.4359556, 31.5457349 ], [ -104.4359556, 31.5073723 ], [ -104.4809612, 31.5073723 ], [ -104.4809612, 31.4689938 ], [ -104.5259668, 31.4689938 ], [ -104.5259668, 31.4305997 ], [ -104.4809612, 31.4305997 ], [ -104.4809612, 31.3921898 ], [ -104.4359556, 31.3921898 ], [ -104.4359556, 31.3537642 ], [ -104.4809612, 31.3537642 ], [ -104.4809612, 31.2383931 ], [ -104.4359556, 31.2383931 ], [ -104.4359556, 31.2768658 ], [ -104.39095, 31.2768658 ], [ -104.39095, 31.2383931 ], [ -104.3459444, 31.2383931 ], [ -104.3459444, 31.2768658 ], [ -104.3009388, 31.2768658 ], [ -104.3009388, 31.3153228 ], [ -104.2109276, 31.3153228 ], [ -104.2109276, 31.2768658 ], [ -104.1209164, 31.2768658 ], [ -104.1209164, 31.2383931 ], [ -104.075910799999988, 31.2383931 ], [ -104.075910799999988, 31.3537642 ], [ -104.0309052, 31.3537642 ], [ -104.0309052, 31.4305997 ], [ -103.940894, 31.4305997 ], [ -103.940894, 31.3537642 ], [ -103.9858996, 31.3537642 ], [ -103.9858996, 31.3153228 ], [ -104.0309052, 31.3153228 ], [ -104.0309052, 31.2383931 ], [ -103.940894, 31.2383931 ], [ -103.940894, 31.1999047 ], [ -103.9858996, 31.1999047 ], [ -103.9858996, 31.1614007 ], [ -104.0309052, 31.1614007 ], [ -104.0309052, 31.1999047 ], [ -104.1209164, 31.1999047 ], [ -104.1209164, 31.122881 ], [ -104.2559332, 31.122881 ], [ -104.2559332, 31.0843456 ], [ -104.165922, 31.0843456 ], [ -104.165922, 31.0457947 ], [ -103.9858996, 31.0457947 ], [ -103.9858996, 31.0072281 ], [ -103.8958884, 31.00722810000001 ], [ -103.8958884, 31.0843456 ], [ -103.8508828, 31.0843456 ], [ -103.8508828, 31.0457947 ], [ -103.8058772, 31.0457947 ], [ -103.8058772, 31.0072281 ], [ -103.8508828, 31.0072281 ], [ -103.8508828, 30.9686459 ], [ -103.8058772, 30.9686459 ], [ -103.8058772, 30.9300481 ], [ -103.8508828, 30.9300481 ], [ -103.8508828, 30.8528057 ], [ -103.8058772, 30.8528057 ], [ -103.8058772, 30.8914347 ], [ -103.76087170000001, 30.8914347 ], [ -103.76087170000001, 30.9300481 ], [ -103.670860499999989, 30.9300481 ], [ -103.670860499999989, 30.8914347 ], [ -103.7158661, 30.8914347 ], [ -103.7158661, 30.8528057 ], [ -103.76087170000001, 30.8528057 ], [ -103.76087170000001, 30.8141612 ], [ -103.670860499999989, 30.8141612 ], [ -103.670860499999989, 30.8528057 ], [ -103.5358437, 30.8528057 ], [ -103.5358437, 30.8914347 ], [ -103.5808493, 30.8914347 ], [ -103.5808493, 30.9300481 ], [ -103.4458325, 30.9300481 ], [ -103.4458325, 30.8914347 ], [ -103.4908381, 30.8914347 ], [ -103.4908381, 30.8528057 ], [ -103.4008269, 30.8528057 ], [ -103.4008269, 30.8141612 ], [ -103.3108157, 30.8141612 ], [ -103.3108157, 30.7755011 ], [ -103.3558213, 30.7755011 ], [ -103.3558213, 30.7368255 ], [ -103.2208045, 30.7368255 ], [ -103.2208045, 30.6981343 ], [ -103.085787700000012, 30.6981343 ], [ -103.085787700000012, 30.5819678 ], [ -103.1307933, 30.5819678 ], [ -103.1307933, 30.6207055 ], [ -103.1757989, 30.6207055 ], [ -103.1757989, 30.5432147 ], [ -103.2658101, 30.5432147 ], [ -103.2658101, 30.504446 ], [ -103.2208045, 30.504446 ], [ -103.2208045, 30.3880474 ], [ -103.2658101, 30.3880474 ], [ -103.2658101, 30.4268624 ], [ -103.3108157, 30.4268624 ], [ -103.3108157, 30.4656619 ], [ -103.3558213, 30.4656619 ], [ -103.3558213, 30.4268624 ], [ -103.4458325, 30.4268624 ], [ -103.4458325, 30.349217 ], [ -103.4908381, 30.349217 ], [ -103.4908381, 30.4268624 ], [ -103.5358437, 30.4268624 ], [ -103.5358437, 30.3103712 ], [ -103.5808493, 30.3103712 ], [ -103.5808493, 30.3880474 ], [ -103.670860499999989, 30.3880474 ], [ -103.670860499999989, 30.4268624 ], [ -103.6258549, 30.4268624 ], [ -103.6258549, 30.4656619 ], [ -103.76087170000001, 30.4656619 ], [ -103.76087170000001, 30.4268624 ], [ -103.8058772, 30.4268624 ], [ -103.8058772, 30.504446 ], [ -103.7158661, 30.504446 ], [ -103.7158661, 30.5819678 ], [ -103.8058772, 30.5819678 ], [ -103.8058772, 30.6207055 ], [ -103.670860499999989, 30.6207055 ], [ -103.670860499999989, 30.6594277 ], [ -103.76087170000001, 30.6594277 ], [ -103.76087170000001, 30.7368255 ], [ -103.7158661, 30.7368255 ], [ -103.7158661, 30.7755011 ], [ -103.8508828, 30.7755011 ], [ -103.8508828, 30.8141612 ], [ -103.8958884, 30.8141612 ], [ -103.8958884, 30.9300481 ], [ -103.9858996, 30.9300481 ], [ -103.9858996, 30.9686459 ], [ -104.075910799999988, 30.9686459 ], [ -104.075910799999988, 31.0072281 ], [ -104.1209164, 31.0072281 ], [ -104.1209164, 30.9300481 ], [ -104.075910799999988, 30.9300481 ], [ -104.075910799999988, 30.8914347 ], [ -104.0309052, 30.8914347 ], [ -104.0309052, 30.8141612 ], [ -103.9858996, 30.8141612 ], [ -103.9858996, 30.7755011 ], [ -104.0309052, 30.7755011 ], [ -104.0309052, 30.6981343 ], [ -104.075910799999988, 30.6981343 ], [ -104.075910799999988, 30.6594277 ], [ -104.1209164, 30.6594277 ], [ -104.1209164, 30.5819678 ], [ -104.165922, 30.5819678 ], [ -104.165922, 30.5432147 ], [ -104.2109276, 30.5432147 ], [ -104.2109276, 30.504446 ], [ -104.165922, 30.504446 ], [ -104.165922, 30.4656619 ], [ -104.1209164, 30.4656619 ], [ -104.1209164, 30.3880474 ], [ -104.075910799999988, 30.3880474 ], [ -104.075910799999988, 30.349217 ], [ -104.0309052, 30.349217 ], [ -104.0309052, 30.27151 ], [ -103.9858996, 30.27151 ], [ -103.9858996, 30.4268624 ], [ -103.940894, 30.4268624 ], [ -103.940894, 30.504446 ], [ -103.8508828, 30.504446 ], [ -103.8508828, 30.4656619 ], [ -103.8958884, 30.4656619 ], [ -103.8958884, 30.4268624 ], [ -103.8508828, 30.4268624 ], [ -103.8508828, 30.3880474 ], [ -103.8058772, 30.3880474 ], [ -103.8058772, 30.349217 ], [ -103.8508828, 30.349217 ], [ -103.8508828, 30.3103712 ], [ -103.8058772, 30.3103712 ], [ -103.8058772, 30.27151 ], [ -103.670860499999989, 30.27151 ], [ -103.670860499999989, 30.349217 ], [ -103.6258549, 30.349217 ], [ -103.6258549, 30.2326334 ], [ -103.5808493, 30.2326334 ], [ -103.5808493, 30.27151 ], [ -103.5358437, 30.27151 ], [ -103.5358437, 30.1937414 ], [ -103.5808493, 30.1937414 ], [ -103.5808493, 30.1159113 ], [ -103.5358437, 30.1159113 ], [ -103.5358437, 30.0769733 ], [ -103.5808493, 30.0769733 ], [ -103.5808493, 29.9210678 ], [ -103.6258549, 29.9210678 ], [ -103.6258549, 29.8820532 ], [ -103.5808493, 29.8820532 ], [ -103.5808493, 29.8430234 ], [ -103.5358437, 29.8430234 ], [ -103.5358437, 29.8039783 ], [ -103.670860499999989, 29.8039783 ], [ -103.670860499999989, 29.7258423 ], [ -103.7158661, 29.7258423 ], [ -103.7158661, 29.6867515 ], [ -103.670860499999989, 29.6867515 ], [ -103.670860499999989, 29.6476454 ], [ -103.6258549, 29.6476454 ], [ -103.6258549, 29.6085242 ], [ -103.7158661, 29.6085242 ], [ -103.7158661, 29.5693878 ], [ -103.76087170000001, 29.5693878 ], [ -103.76087170000001, 29.5302362 ], [ -103.8058772, 29.5302362 ], [ -103.8058772, 29.4910694 ], [ -103.8508828, 29.4910694 ], [ -103.8508828, 29.4518875 ], [ -103.940894, 29.4518875 ], [ -103.940894, 29.4126905 ], [ -103.8508828, 29.4126905 ], [ -103.8508828, 29.2557512 ], [ -103.8058772, 29.2557512 ], [ -103.8058772, 29.2164787 ], [ -103.7158661, 29.2164787 ], [ -103.7158661, 29.2557512 ], [ -103.6258549, 29.2557512 ], [ -103.6258549, 29.1378885 ], [ -103.5358437, 29.1378885 ], [ -103.5358437, 29.0985708 ], [ -103.4908381, 29.0985708 ], [ -103.4908381, 29.2557512 ], [ -103.4458325, 29.2557512 ], [ -103.4458325, 29.2950087 ], [ -103.4908381, 29.2950087 ], [ -103.4908381, 29.334251 ], [ -103.4458325, 29.334251 ], [ -103.4458325, 29.4126905 ], [ -103.4008269, 29.4126905 ], [ -103.4008269, 29.4910694 ], [ -103.3108157, 29.4910694 ], [ -103.3108157, 29.4126905 ], [ -103.2658101, 29.4126905 ], [ -103.2658101, 29.4518875 ], [ -103.2208045, 29.4518875 ], [ -103.2208045, 29.4910694 ], [ -103.2658101, 29.4910694 ], [ -103.2658101, 29.5302362 ], [ -103.2208045, 29.5302362 ], [ -103.2208045, 29.6476454 ], [ -103.1757989, 29.6476454 ], [ -103.1757989, 29.6867515 ], [ -103.1307933, 29.6867515 ], [ -103.1307933, 29.7649179 ], [ -103.085787700000012, 29.7649179 ], [ -103.085787700000012, 29.8039783 ], [ -103.1307933, 29.8039783 ], [ -103.1307933, 29.8430234 ], [ -103.1757989, 29.8430234 ], [ -103.1757989, 29.8039783 ], [ -103.2208045, 29.8039783 ], [ -103.2208045, 29.7258423 ], [ -103.3108157, 29.7258423 ], [ -103.3108157, 29.7649179 ], [ -103.3558213, 29.7649179 ], [ -103.3558213, 29.8039783 ], [ -103.3108157, 29.8039783 ], [ -103.3108157, 29.8820532 ], [ -103.2208045, 29.8820532 ], [ -103.2208045, 29.9210678 ], [ -103.2658101, 29.9210678 ], [ -103.2658101, 29.9600671 ], [ -103.3558213, 29.9600671 ], [ -103.3558213, 29.9990512 ], [ -103.2658101, 29.9990512 ], [ -103.2658101, 30.0380199 ], [ -103.4008269, 30.0380199 ], [ -103.4008269, 30.1159113 ], [ -103.3558213, 30.1159113 ], [ -103.3558213, 30.1937414 ], [ -103.3108157, 30.1937414 ], [ -103.3108157, 30.154834 ], [ -103.2208045, 30.154834 ], [ -103.2208045, 30.1937414 ], [ -103.1757989, 30.1937414 ], [ -103.1757989, 30.154834 ], [ -103.1307933, 30.154834 ], [ -103.1307933, 30.1159113 ], [ -103.0407821, 30.1159113 ], [ -103.0407821, 30.154834 ], [ -103.085787700000012, 30.154834 ], [ -103.085787700000012, 30.1937414 ], [ -103.0407821, 30.1937414 ], [ -103.0407821, 30.3103712 ], [ -102.9957765, 30.3103712 ], [ -102.9957765, 30.154834 ], [ -102.9507709, 30.154834 ], [ -102.9507709, 30.1159113 ], [ -102.9957765, 30.1159113 ], [ -102.9957765, 30.0769733 ], [ -102.9507709, 30.0769733 ], [ -102.9507709, 30.0380199 ], [ -102.9957765, 30.0380199 ], [ -102.9957765, 29.8430234 ], [ -102.9507709, 29.8430234 ], [ -102.9507709, 29.7649179 ], [ -102.9057653, 29.7649179 ], [ -102.9057653, 29.9210678 ], [ -102.860759699999988, 29.9210678 ], [ -102.860759699999988, 29.8430234 ], [ -102.8157541, 29.8430234 ], [ -102.8157541, 29.8820532 ], [ -102.725743, 29.8820532 ], [ -102.725743, 29.9210678 ], [ -102.8157541, 29.9210678 ], [ -102.8157541, 30.1159113 ], [ -102.7707485, 30.1159113 ], [ -102.7707485, 30.0769733 ], [ -102.725743, 30.0769733 ], [ -102.725743, 30.1159113 ], [ -102.5907262, 30.1159113 ], [ -102.5907262, 30.154834 ], [ -102.6357318, 30.154834 ], [ -102.6357318, 30.27151 ], [ -102.5907262, 30.27151 ], [ -102.5907262, 30.3103712 ], [ -102.5457206, 30.3103712 ], [ -102.5457206, 30.27151 ], [ -102.4107038, 30.27151 ], [ -102.4107038, 30.2326334 ], [ -102.5457206, 30.2326334 ], [ -102.5457206, 30.1937414 ], [ -102.500715, 30.1937414 ], [ -102.500715, 30.154834 ], [ -102.4557094, 30.154834 ], [ -102.4557094, 30.1159113 ], [ -102.4107038, 30.1159113 ], [ -102.4107038, 30.0769733 ], [ -102.3656982, 30.0769733 ], [ -102.3656982, 29.9990512 ], [ -102.3206926, 29.9990512 ], [ -102.3206926, 30.0380199 ], [ -102.275687, 30.0380199 ], [ -102.275687, 29.9990512 ], [ -102.1856758, 29.9990512 ], [ -102.1856758, 30.0380199 ], [ -102.1406702, 30.0380199 ], [ -102.1406702, 30.0769733 ], [ -102.1856758, 30.0769733 ], [ -102.1856758, 30.1159113 ], [ -102.0956646, 30.1159113 ], [ -102.0956646, 30.0769733 ], [ -102.050659, 30.0769733 ], [ -102.050659, 30.0380199 ], [ -102.0956646, 30.0380199 ], [ -102.0956646, 29.9600671 ], [ -102.1406702, 29.9600671 ], [ -102.1406702, 29.9210678 ], [ -102.050659, 29.9210678 ], [ -102.050659, 29.8820532 ], [ -102.0956646, 29.8820532 ], [ -102.0956646, 29.8430234 ], [ -102.0056534, 29.8430234 ], [ -102.0056534, 29.8039783 ], [ -102.050659, 29.8039783 ], [ -102.050659, 29.7649179 ], [ -101.9606478, 29.7649179 ], [ -101.9606478, 29.8039783 ], [ -101.9156422, 29.8039783 ], [ -101.9156422, 29.7649179 ], [ -101.5105919, 29.7649179 ], [ -101.5105919, 29.8039783 ], [ -101.4205807, 29.8039783 ], [ -101.4205807, 29.7649179 ], [ -101.4655863, 29.7649179 ], [ -101.4655863, 29.7258423 ], [ -101.4205807, 29.7258423 ], [ -101.4205807, 29.6867515 ], [ -101.3755751, 29.6867515 ], [ -101.3755751, 29.6476454 ], [ -101.3305695, 29.6476454 ], [ -101.3305695, 29.5693878 ], [ -101.2855639, 29.5693878 ], [ -101.2855639, 29.5302362 ], [ -101.240558299999989, 29.5302362 ], [ -101.240558299999989, 29.4910694 ], [ -101.1505471, 29.4910694 ], [ -101.1505471, 29.4518875 ], [ -101.0605359, 29.4518875 ], [ -101.0605359, 29.3734783 ], [ -101.0155303, 29.3734783 ], [ -101.0155303, 29.334251 ], [ -100.9705247, 29.334251 ], [ -100.9705247, 29.2950087 ], [ -100.8805135, 29.2950087 ], [ -100.8805135, 29.2557512 ], [ -100.8355079, 29.2557512 ], [ -100.8355079, 29.2164787 ], [ -100.7905023, 29.2164787 ], [ -100.7905023, 29.1378885 ], [ -100.7454967, 29.1378885 ], [ -100.7454967, 29.0985708 ], [ -100.7004911, 29.0985708 ], [ -100.7004911, 29.0198904 ], [ -100.6554855, 29.0198904 ], [ -100.6554855, 28.9017574 ], [ -100.61048, 28.9017574 ], [ -100.61048, 28.8229272 ], [ -100.5654744, 28.8229272 ], [ -100.5654744, 28.7440373 ], [ -100.520468799999989, 28.7440373 ], [ -100.520468799999989, 28.6255907 ], [ -100.4754632, 28.6255907 ], [ -100.4754632, 28.5860787 ], [ -100.4304576, 28.5860787 ], [ -100.4304576, 28.5070103 ], [ -100.385452, 28.5070103 ], [ -100.385452, 28.4674538 ], [ -100.3404464, 28.4674538 ], [ -100.3404464, 28.4278825 ], [ -100.385452, 28.4278825 ], [ -100.385452, 28.3882964 ], [ -100.3404464, 28.3882964 ], [ -100.3404464, 28.3486956 ], [ -100.2954408, 28.3486956 ], [ -100.2954408, 28.3882964 ], [ -100.2504352, 28.3882964 ], [ -100.2504352, 28.5465519 ], [ -100.1154184, 28.5465519 ], [ -100.1154184, 28.5070103 ], [ -100.025407199999989, 28.5070103 ], [ -100.025407199999989, 28.4674538 ], [ -100.160424, 28.4674538 ], [ -100.160424, 28.4278825 ], [ -100.2054296, 28.4278825 ], [ -100.2054296, 28.3486956 ], [ -100.2504352, 28.3486956 ], [ -100.2504352, 28.3090799 ], [ -100.2054296, 28.3090799 ], [ -100.2054296, 28.2694495 ], [ -100.2504352, 28.2694495 ], [ -100.2504352, 28.2298044 ], [ -100.1154184, 28.2298044 ], [ -100.1154184, 28.2694495 ], [ -100.0704128, 28.2694495 ], [ -100.0704128, 28.0710766 ], [ -99.8903904, 28.0710766 ], [ -99.8903904, 28.1107806 ], [ -99.7553736, 28.1107806 ], [ -99.7553736, 28.0710766 ], [ -99.8003792, 28.0710766 ], [ -99.8003792, 28.0313579 ], [ -99.6203568, 28.0313579 ], [ -99.6203568, 27.9121139 ], [ -99.530345700000012, 27.9121139 ], [ -99.530345700000012, 27.8325448 ], [ -99.5753512, 27.8325448 ], [ -99.5753512, 27.8723367 ], [ -99.6653624, 27.8723367 ], [ -99.6653624, 27.8325448 ], [ -99.710368, 27.8325448 ], [ -99.710368, 27.7927384 ], [ -99.530345700000012, 27.7927384 ], [ -99.530345700000012, 27.7130817 ], [ -99.4853401, 27.7130817 ], [ -99.4853401, 27.6333668 ], [ -99.530345700000012, 27.6333668 ], [ -99.530345700000012, 27.6732315 ], [ -99.5753512, 27.6732315 ], [ -99.5753512, 27.7130817 ], [ -99.7553736, 27.7130817 ], [ -99.7553736, 27.6732315 ], [ -99.710368, 27.6732315 ], [ -99.710368, 27.6333668 ], [ -99.6203568, 27.6333668 ], [ -99.6203568, 27.5934876 ], [ -99.5753512, 27.5934876 ], [ -99.5753512, 27.5535939 ], [ -99.530345700000012, 27.5535939 ], [ -99.530345700000012, 27.5136856 ], [ -99.4853401, 27.5136856 ], [ -99.4853401, 27.4737629 ], [ -99.530345700000012, 27.4737629 ], [ -99.530345700000012, 27.4338257 ], [ -99.4853401, 27.4338257 ], [ -99.4853401, 27.393874 ], [ -99.530345700000012, 27.393874 ], [ -99.530345700000012, 27.2339232 ], [ -99.4403345, 27.2339232 ], [ -99.4403345, 27.1138089 ], [ -99.4853401, 27.1138089 ], [ -99.4853401, 26.9935656 ], [ -99.3953289, 26.9935656 ], [ -99.3953289, 26.9133319 ], [ -99.3503233, 26.9133319 ], [ -99.3503233, 26.8731936 ], [ -99.305317699999989, 26.8731936 ], [ -99.305317699999989, 26.7928743 ], [ -99.2603121, 26.7928743 ], [ -99.2603121, 26.7526933 ], [ -99.2153065, 26.7526933 ], [ -99.2153065, 26.6722887 ], [ -99.1703009, 26.6722887 ], [ -99.1703009, 26.5113095 ], [ -99.1252953, 26.5113095 ], [ -99.1252953, 26.3904268 ], [ -98.9902785, 26.3904268 ], [ -98.9902785, 26.3501043 ], [ -98.810256099999989, 26.3501043 ], [ -98.810256099999989, 26.3097679 ], [ -98.7652505, 26.3097679 ], [ -98.7652505, 26.2694173 ], [ -98.7202449, 26.2694173 ], [ -98.7202449, 26.2290528 ], [ -98.5852281, 26.2290528 ], [ -98.5852281, 26.1886742 ], [ -98.4502114, 26.1886742 ], [ -98.4502114, 26.1482816 ], [ -98.3602002, 26.1482816 ], [ -98.3602002, 26.1078751 ], [ -98.3151946, 26.1078751 ], [ -98.3151946, 26.0674545 ], [ -98.2251834, 26.0674545 ], [ -98.2251834, 26.0270201 ], [ -97.775127400000017, 26.0270201 ], [ -97.775127400000017, 25.9865716 ], [ -97.6401106, 25.9865716 ], [ -97.6401106, 25.9461093 ], [ -97.595105, 25.9461093 ], [ -97.595105, 25.9056331 ], [ -97.5500994, 25.9056331 ], [ -97.5500994, 25.8651429 ], [ -97.4600882, 25.8651429 ], [ -97.4600882, 25.8246389 ], [ -97.3250715, 25.8246389 ], [ -97.3250715, 25.9056331 ], [ -97.2800659, 25.9056331 ], [ -97.2800659, 25.9461093 ], [ -97.1450491, 25.9461093 ], [ -97.1450491, 26.0674545 ], [ -97.1900547, 26.0674545 ], [ -97.1900547, 26.1078751 ], [ -97.2800659, 26.1078751 ], [ -97.2800659, 26.2694173 ], [ -97.3250715, 26.2694173 ], [ -97.3250715, 26.3904268 ], [ -97.3700771, 26.3904268 ], [ -97.3700771, 26.4307351 ], [ -97.4150827, 26.4307351 ], [ -97.4150827, 26.6722887 ], [ -97.4600882, 26.6722887 ], [ -97.4600882, 26.7928743 ], [ -97.5050938, 26.7928743 ], [ -97.5050938, 26.8330411 ], [ -97.5500994, 26.8330411 ], [ -97.5500994, 26.8731936 ], [ -97.5050938, 26.8731936 ], [ -97.5050938, 26.9133319 ], [ -97.5500994, 26.9133319 ], [ -97.5500994, 26.9935656 ], [ -97.5050938, 26.9935656 ], [ -97.5050938, 26.9534559 ], [ -97.4600882, 26.9534559 ], [ -97.4600882, 27.0737421 ], [ -97.4150827, 27.0737421 ], [ -97.4150827, 26.7928743 ], [ -97.3700771, 26.7928743 ], [ -97.3700771, 26.6722887 ], [ -97.3250715, 26.6722887 ], [ -97.3250715, 26.5515755 ], [ -97.2350603, 26.5515755 ], [ -97.2350603, 26.5918274 ], [ -97.2800659, 26.5918274 ], [ -97.2800659, 26.7124981 ], [ -97.3250715, 26.7124981 ], [ -97.3250715, 26.9133319 ], [ -97.3700771, 26.9133319 ], [ -97.3700771, 27.1538614 ], [ -97.3250715, 27.1538614 ], [ -97.3250715, 27.353908 ], [ -97.2800659, 27.353908 ], [ -97.2800659, 27.4737629 ], [ -97.2350603, 27.4737629 ], [ -97.2350603, 27.5535939 ], [ -97.1900547, 27.5535939 ], [ -97.1900547, 27.6333668 ], [ -97.1450491, 27.6333668 ], [ -97.1450491, 27.6732315 ], [ -97.1000435, 27.6732315 ], [ -97.1000435, 27.7529173 ], [ -97.0550379, 27.7529173 ], [ -97.0550379, 27.7927384 ], [ -97.0100323, 27.7927384 ], [ -97.0100323, 27.8723367 ], [ -96.9650267, 27.8723367 ], [ -96.9650267, 27.9518766 ], [ -96.9200211, 27.9518766 ], [ -96.9200211, 27.9916246 ], [ -96.875015499999989, 27.9916246 ], [ -96.875015499999989, 28.0313579 ], [ -96.8300099, 28.0313579 ], [ -96.8300099, 28.0710766 ], [ -96.7850043, 28.0710766 ], [ -96.7850043, 28.1107806 ], [ -96.7399987, 28.1107806 ], [ -96.7399987, 28.1504699 ], [ -96.6499875, 28.1504699 ], [ -96.6499875, 28.1901445 ], [ -96.6049819, 28.1901445 ], [ -96.6049819, 28.2298044 ], [ -96.5149707, 28.2298044 ], [ -96.5149707, 28.2694495 ], [ -96.4249595, 28.2694495 ], [ -96.4249595, 28.3090799 ], [ -96.379954, 28.3090799 ], [ -96.379954, 28.3882964 ], [ -96.2899428, 28.3882964 ], [ -96.2899428, 28.4278825 ], [ -96.2449372, 28.4278825 ], [ -96.2449372, 28.4674538 ], [ -96.154926, 28.4674538 ], [ -96.154926, 28.5070103 ], [ -96.0649148, 28.5070103 ], [ -96.0649148, 28.5465519 ], [ -95.9749036, 28.5465519 ], [ -95.9749036, 28.5860787 ], [ -95.8848924, 28.5860787 ], [ -95.8848924, 28.6255907 ], [ -95.7948812, 28.6255907 ], [ -95.7948812, 28.6650878 ], [ -95.70487, 28.6650878 ], [ -95.70487, 28.70457 ], [ -95.659864399999989, 28.70457 ], [ -95.659864399999989, 28.7440373 ], [ -95.70487, 28.7440373 ], [ -95.70487, 28.7834897 ], [ -95.6148588, 28.7834897 ], [ -95.6148588, 28.8229272 ], [ -95.5698532, 28.8229272 ], [ -95.5698532, 28.9017574 ], [ -95.5248476, 28.9017574 ], [ -95.5248476, 28.94115 ], [ -95.2548141, 28.94115 ], [ -95.2548141, 28.9805277 ], [ -95.299819700000015, 28.9805277 ], [ -95.299819700000015, 29.0198904 ], [ -95.2548141, 29.0198904 ], [ -95.2548141, 29.0985708 ], [ -95.2098085, 29.0985708 ], [ -95.2098085, 29.1771911 ], [ -95.1197973, 29.1771911 ], [ -95.1197973, 29.2557512 ], [ -95.0747917, 29.2557512 ], [ -95.0747917, 29.2164787 ], [ -95.0297861, 29.2164787 ], [ -95.0297861, 29.2950087 ], [ -94.9847805, 29.2950087 ], [ -94.9847805, 29.3734783 ], [ -94.939774899999989, 29.3734783 ], [ -94.939774899999989, 29.4126905 ], [ -94.9847805, 29.4126905 ], [ -94.9847805, 29.4518875 ], [ -94.8947693, 29.4518875 ], [ -94.8947693, 29.4910694 ], [ -94.939774899999989, 29.4910694 ], [ -94.939774899999989, 29.5302362 ], [ -95.1197973, 29.5302362 ], [ -95.1197973, 29.5693878 ], [ -95.0747917, 29.5693878 ], [ -95.0747917, 29.6476454 ], [ -95.0297861, 29.6476454 ], [ -95.0297861, 29.5693878 ], [ -94.9847805, 29.5693878 ], [ -94.9847805, 29.6867515 ], [ -94.939774899999989, 29.6867515 ], [ -94.939774899999989, 29.6476454 ], [ -94.8947693, 29.6476454 ], [ -94.8947693, 29.7258423 ], [ -94.8047581, 29.7258423 ], [ -94.8047581, 29.8820532 ], [ -94.8497637, 29.8820532 ], [ -94.8497637, 29.9600671 ], [ -94.8047581, 29.9600671 ], [ -94.8047581, 30.0380199 ], [ -94.7597525, 30.0380199 ], [ -94.7597525, 30.1159113 ], [ -94.7147469, 30.1159113 ], [ -94.7147469, 30.154834 ], [ -94.7597525, 30.154834 ], [ -94.7597525, 30.1937414 ], [ -94.8047581, 30.1937414 ], [ -94.8047581, 30.2326334 ], [ -94.8497637, 30.2326334 ], [ -94.8497637, 30.1937414 ], [ -94.939774899999989, 30.1937414 ], [ -94.939774899999989, 30.154834 ], [ -94.9847805, 30.154834 ], [ -94.9847805, 30.1937414 ], [ -95.0297861, 30.1937414 ], [ -95.0297861, 30.2326334 ], [ -94.9847805, 30.2326334 ], [ -94.9847805, 30.3103712 ], [ -94.8947693, 30.3103712 ], [ -94.8947693, 30.3880474 ], [ -94.8497637, 30.3880474 ], [ -94.8497637, 30.349217 ], [ -94.8047581, 30.349217 ], [ -94.8047581, 30.4268624 ], [ -94.6697413, 30.4268624 ], [ -94.6697413, 30.4656619 ], [ -94.7597525, 30.4656619 ], [ -94.7597525, 30.504446 ], [ -94.8047581, 30.504446 ], [ -94.8047581, 30.5432147 ], [ -94.8497637, 30.5432147 ], [ -94.8497637, 30.5819678 ], [ -94.7597525, 30.5819678 ], [ -94.7597525, 30.6207055 ], [ -94.8497637, 30.6207055 ], [ -94.8497637, 30.6594277 ], [ -94.8047581, 30.6594277 ], [ -94.8047581, 30.6981343 ], [ -94.8497637, 30.6981343 ], [ -94.8497637, 30.7368255 ], [ -94.8947693, 30.7368255 ], [ -94.8947693, 30.7755011 ], [ -94.8497637, 30.7755011 ], [ -94.8497637, 30.8141612 ], [ -94.939774899999989, 30.8141612 ], [ -94.939774899999989, 30.7755011 ], [ -94.9847805, 30.7755011 ], [ -94.9847805, 30.6207055 ], [ -95.2098085, 30.6207055 ], [ -95.2098085, 30.5819678 ], [ -95.0297861, 30.5819678 ], [ -95.0297861, 30.5432147 ], [ -95.1197973, 30.5432147 ], [ -95.1197973, 30.504446 ], [ -95.0747917, 30.504446 ], [ -95.0747917, 30.4656619 ], [ -95.0297861, 30.4656619 ], [ -95.0297861, 30.4268624 ], [ -95.1197973, 30.4268624 ], [ -95.1197973, 30.3103712 ], [ -95.1648029, 30.3103712 ], [ -95.1648029, 30.27151 ], [ -95.2548141, 30.27151 ], [ -95.2548141, 30.1937414 ], [ -95.299819700000015, 30.1937414 ], [ -95.299819700000015, 30.154834 ], [ -95.3448253, 30.154834 ], [ -95.3448253, 30.2326334 ], [ -95.299819700000015, 30.2326334 ], [ -95.299819700000015, 30.27151 ], [ -95.3448253, 30.27151 ], [ -95.3448253, 30.3103712 ], [ -95.2098085, 30.3103712 ], [ -95.2098085, 30.3880474 ], [ -95.299819700000015, 30.3880474 ], [ -95.299819700000015, 30.4656619 ], [ -95.2098085, 30.4656619 ], [ -95.2098085, 30.504446 ], [ -95.2548141, 30.504446 ], [ -95.2548141, 30.5432147 ], [ -95.299819700000015, 30.5432147 ], [ -95.299819700000015, 30.5819678 ], [ -95.3448253, 30.5819678 ], [ -95.3448253, 30.6981343 ], [ -95.3898308, 30.6981343 ], [ -95.3898308, 30.7755011 ], [ -95.2098085, 30.7755011 ], [ -95.2098085, 30.8141612 ], [ -95.1197973, 30.8141612 ], [ -95.1197973, 30.7755011 ], [ -95.0747917, 30.7755011 ], [ -95.0747917, 30.8141612 ], [ -95.0297861, 30.8141612 ], [ -95.0297861, 30.8914347 ], [ -95.1197973, 30.8914347 ], [ -95.1197973, 30.8528057 ], [ -95.2098085, 30.8528057 ], [ -95.2098085, 30.8914347 ], [ -95.2548141, 30.8914347 ], [ -95.2548141, 30.9300481 ], [ -95.1648029, 30.9300481 ], [ -95.1648029, 30.9686459 ], [ -95.1197973, 30.9686459 ], [ -95.1197973, 31.0457947 ], [ -95.0747917, 31.0457947 ], [ -95.0747917, 31.0843456 ], [ -95.1648029, 31.0843456 ], [ -95.1648029, 31.1614007 ], [ -95.2098085, 31.1614007 ], [ -95.2098085, 31.1999047 ], [ -95.1648029, 31.1999047 ], [ -95.1648029, 31.2383931 ], [ -95.1197973, 31.2383931 ], [ -95.1197973, 31.2768658 ], [ -95.0747917, 31.2768658 ], [ -95.0747917, 31.3537642 ], [ -95.1197973, 31.3537642 ], [ -95.1197973, 31.3921898 ], [ -94.9847805, 31.3921898 ], [ -94.9847805, 31.3537642 ], [ -94.939774899999989, 31.3537642 ], [ -94.939774899999989, 31.5457349 ], [ -94.9847805, 31.5457349 ], [ -94.9847805, 31.622413 ], [ -94.939774899999989, 31.622413 ], [ -94.939774899999989, 31.5840818 ], [ -94.8497637, 31.5840818 ], [ -94.8497637, 31.622413 ], [ -94.8047581, 31.622413 ], [ -94.8047581, 31.6607283 ], [ -94.8497637, 31.6607283 ], [ -94.8497637, 31.6990279 ], [ -94.8947693, 31.6990279 ], [ -94.8947693, 31.7755796 ], [ -94.939774899999989, 31.7755796 ], [ -94.939774899999989, 31.8138317 ], [ -94.8497637, 31.8138317 ], [ -94.8497637, 31.852068 ], [ -94.8047581, 31.852068 ], [ -94.8047581, 31.8902884 ], [ -94.7597525, 31.8902884 ], [ -94.7597525, 31.928493 ], [ -94.8497637, 31.928493 ], [ -94.8497637, 31.8902884 ], [ -94.8947693, 31.8902884 ], [ -94.8947693, 31.852068 ], [ -95.0297861, 31.852068 ], [ -95.0297861, 31.8902884 ], [ -94.9847805, 31.8902884 ], [ -94.9847805, 32.0048546 ], [ -94.8947693, 32.0048546 ], [ -94.8947693, 31.9666817 ], [ -94.7597525, 31.9666817 ], [ -94.7597525, 32.0048546 ], [ -94.6697413, 32.0048546 ], [ -94.6697413, 32.0430115 ], [ -94.7597525, 32.0430115 ], [ -94.7597525, 32.1192777 ], [ -94.7147469, 32.1192777 ], [ -94.7147469, 32.0811525 ], [ -94.6697413, 32.0811525 ], [ -94.6697413, 32.1573869 ], [ -94.6247357, 32.1573869 ], [ -94.6247357, 32.1192777 ], [ -94.5797301, 32.1192777 ], [ -94.5797301, 32.0811525 ], [ -94.5347245, 32.0811525 ], [ -94.5347245, 32.0430115 ], [ -94.4897189, 32.0430115 ], [ -94.4897189, 32.0811525 ], [ -94.3997077, 32.0811525 ], [ -94.3997077, 32.0430115 ], [ -94.3096965, 32.0430115 ], [ -94.3096965, 32.0811525 ], [ -94.264691, 32.0811525 ], [ -94.264691, 32.2335575 ], [ -94.0846686, 32.2335575 ], [ -94.0846686, 32.3096644 ], [ -94.039663, 32.3096644 ], [ -94.039663, 32.3857073 ], [ -94.1296742, 32.3857073 ], [ -94.1296742, 32.4237048 ], [ -94.039663, 32.4237048 ], [ -94.039663, 32.5376013 ], [ -94.0846686, 32.5376013 ], [ -94.0846686, 32.5755347 ], [ -94.039663, 32.5755347 ], [ -94.039663, 32.6513535 ], [ -94.0846686, 32.6513535 ], [ -94.0846686, 32.6134521 ], [ -94.1296742, 32.6134521 ], [ -94.1296742, 32.6513535 ], [ -94.1746798, 32.6513535 ], [ -94.1746798, 32.727108 ], [ -94.3096965, 32.727108 ], [ -94.3096965, 32.6513535 ], [ -94.3997077, 32.6513535 ], [ -94.3997077, 32.6134521 ], [ -94.3547021, 32.6134521 ], [ -94.3547021, 32.5755347 ], [ -94.444713299999989, 32.5755347 ], [ -94.444713299999989, 32.6134521 ], [ -94.5347245, 32.6134521 ], [ -94.5347245, 32.6513535 ], [ -94.6697413, 32.6513535 ], [ -94.6697413, 32.6892388 ], [ -94.5347245, 32.6892388 ], [ -94.5347245, 32.8406192 ], [ -94.4897189, 32.8406192 ], [ -94.4897189, 32.7649611 ], [ -94.444713299999989, 32.7649611 ], [ -94.444713299999989, 32.727108 ], [ -94.4897189, 32.727108 ], [ -94.4897189, 32.6513535 ], [ -94.444713299999989, 32.6513535 ], [ -94.444713299999989, 32.6892388 ], [ -94.3547021, 32.6892388 ], [ -94.3547021, 32.7649611 ], [ -94.3096965, 32.7649611 ], [ -94.3096965, 32.8027982 ], [ -94.264691, 32.8027982 ], [ -94.264691, 32.7649611 ], [ -94.219685399999989, 32.7649611 ], [ -94.219685399999989, 32.8406192 ], [ -94.264691, 32.8406192 ], [ -94.264691, 32.9162127 ], [ -94.1746798, 32.9162127 ], [ -94.1746798, 32.9539854 ], [ -94.219685399999989, 32.9539854 ], [ -94.219685399999989, 33.0672063 ], [ -94.1746798, 33.0672063 ], [ -94.1746798, 32.9917418 ], [ -94.1296742, 32.9917418 ], [ -94.1296742, 33.0294821 ], [ -94.039663, 33.0294821 ], [ -94.039663, 33.1426062 ], [ -94.1296742, 33.1426062 ], [ -94.1296742, 33.180281799999989 ], [ -94.0846686, 33.1802818 ], [ -94.0846686, 33.2179413 ], [ -94.264691, 33.2179413 ], [ -94.264691, 33.0672063 ], [ -94.3096965, 33.0672063 ], [ -94.3096965, 33.1426062 ], [ -94.3547021, 33.1426062 ], [ -94.3547021, 33.1802818 ], [ -94.3096965, 33.1802818 ], [ -94.3096965, 33.2932116 ], [ -94.3547021, 33.2932116 ], [ -94.3547021, 33.3308224 ], [ -94.039663, 33.3308224 ], [ -94.039663, 33.5936432 ], [ -94.3096965, 33.5936432 ], [ -94.3096965, 33.5561462 ], [ -94.3547021, 33.5561462 ], [ -94.3547021, 33.5936432 ], [ -94.444713299999989, 33.5936432 ], [ -94.444713299999989, 33.6685884 ], [ -94.5797301, 33.6685884 ], [ -94.5797301, 33.7060365 ], [ -94.7147469, 33.7060365 ], [ -94.7147469, 33.7434683 ], [ -94.8047581, 33.7434683 ], [ -94.8047581, 33.7808838 ], [ -94.8947693, 33.7808838 ], [ -94.8947693, 33.8556657 ], [ -94.939774899999989, 33.8556657 ], [ -94.939774899999989, 33.8930321 ], [ -95.0297861, 33.8930321 ], [ -95.0297861, 33.9303822 ], [ -95.1197973, 33.9303822 ], [ -95.1197973, 33.9677159 ], [ -95.2548141, 33.9677159 ], [ -95.2548141, 33.9303822 ], [ -95.299819700000015, 33.9303822 ], [ -95.299819700000015, 33.8930321 ], [ -95.5248476, 33.8930321 ], [ -95.5248476, 33.9677159 ], [ -95.6148588, 33.9677159 ], [ -95.6148588, 33.9303822 ], [ -95.7498756, 33.9303822 ], [ -95.7498756, 33.8930321 ], [ -96.0649148, 33.8930321 ], [ -96.0649148, 33.8556657 ], [ -96.154926, 33.8556657 ], [ -96.154926, 33.8182829 ], [ -96.1999316, 33.8182829 ], [ -96.1999316, 33.7808838 ], [ -96.3349484, 33.7808838 ], [ -96.3349484, 33.7434683 ], [ -96.379954, 33.7434683 ], [ -96.379954, 33.7808838 ], [ -96.5149707, 33.7808838 ], [ -96.5149707, 33.8182829 ], [ -96.6049819, 33.8182829 ], [ -96.6049819, 33.8930321 ], [ -96.6949931, 33.8930321 ], [ -96.6949931, 33.8182829 ], [ -96.7399987, 33.8182829 ], [ -96.7399987, 33.8556657 ], [ -96.875015499999989, 33.8556657 ], [ -96.875015499999989, 33.9677159 ], [ -96.9650267, 33.9677159 ], [ -96.9650267, 33.9303822 ], [ -97.0100323, 33.9303822 ], [ -97.0100323, 33.8930321 ], [ -96.9650267, 33.8930321 ], [ -96.9650267, 33.8556657 ], [ -97.0100323, 33.8556657 ], [ -97.0100323, 33.7434683 ], [ -97.0550379, 33.7434683 ], [ -97.0550379, 33.7060365 ], [ -97.1450491, 33.706036499999989 ], [ -97.1450491, 33.7808838 ], [ -97.2350603, 33.7808838 ], [ -97.2350603, 33.8182829 ], [ -97.1450491, 33.8182829 ], [ -97.1450491, 33.8556657 ], [ -97.1900547, 33.8556657 ], [ -97.1900547, 33.9303822 ], [ -97.2800659, 33.9303822 ], [ -97.2800659, 33.8930321 ], [ -97.3700771, 33.8930321 ], [ -97.3700771, 33.8556657 ], [ -97.2800659, 33.8556657 ], [ -97.2800659, 33.8182829 ], [ -97.4600882, 33.8182829 ], [ -97.4600882, 33.8556657 ], [ -97.4150827, 33.8556657 ], [ -97.4150827, 33.8930321 ], [ -97.4600882, 33.8930321 ], [ -97.4600882, 33.9303822 ], [ -97.595105, 33.9303822 ], [ -97.595105, 34.0050332 ], [ -97.7301218, 34.0050332 ], [ -97.7301218, 33.9677159 ], [ -97.775127400000017, 33.9677159 ], [ -97.775127400000017, 33.9303822 ], [ -97.820133, 33.9303822 ], [ -97.820133, 33.8556657 ], [ -97.9101442, 33.8556657 ], [ -97.9101442, 33.8930321 ], [ -97.9551498, 33.8930321 ], [ -97.9551498, 33.9303822 ], [ -97.9101442, 33.9303822 ], [ -97.9101442, 34.0050332 ], [ -98.090166599999989, 34.0050332 ], [ -98.090166599999989, 34.1541384 ], [ -98.3151946, 34.1541384 ], [ -98.3151946, 34.1913737 ], [ -98.4052058, 34.1913737 ], [ -98.4052058, 34.1168867 ], [ -98.4502114, 34.1168867 ], [ -98.4502114, 34.079618599999989 ], [ -98.495217, 34.0796186 ], [ -98.495217, 34.1168867 ], [ -98.5402225, 34.1168867 ], [ -98.5402225, 34.1541384 ], [ -98.5852281, 34.1541384 ], [ -98.5852281, 34.1913737 ], [ -98.6752393, 34.1913737 ], [ -98.6752393, 34.1541384 ], [ -98.810256099999989, 34.1541384 ], [ -98.810256099999989, 34.1913737 ], [ -98.9002673, 34.1913737 ], [ -98.9002673, 34.2285926 ], [ -99.1703009, 34.2285926 ], [ -99.1703009, 34.3401504 ], [ -99.2153065, 34.3401504 ], [ -99.2153065, 34.3773035 ], [ -99.2603121, 34.3773035 ], [ -99.2603121, 34.4515601 ], [ -99.3503233, 34.4515601 ], [ -99.3503233, 34.4886637 ], [ -99.3953289, 34.4886637 ], [ -99.3953289, 34.4515601 ], [ -99.4403345, 34.4515601 ], [ -99.4403345, 34.41444 ], [ -99.530345700000012, 34.41444 ], [ -99.530345700000012, 34.4515601 ], [ -99.6203568, 34.4515601 ], [ -99.6203568, 34.3773035 ], [ -99.6653624, 34.3773035 ], [ -99.6653624, 34.41444 ], [ -99.710368, 34.41444 ], [ -99.710368, 34.4515601 ], [ -99.8003792, 34.4515601 ], [ -99.8003792, 34.5257507 ], [ -99.8453848, 34.5257507 ], [ -99.8453848, 34.5628213 ], [ -99.935396, 34.5628213 ], [ -99.935396, 34.5998754 ], [ -99.9804016, 34.5998754 ], [ -99.9804016, 35.080071599999989 ], [ -100.025407199999989, 35.080071599999989 ], [ -100.025407199999989, 35.1168936 ], [ -99.9804016, 35.1168936 ], [ -99.9804016, 36.5037359 ], [ -103.085787700000012, 36.5037359 ], [ -103.085787700000012, 36.4675512 ] ], [ [ -102.6807374, 36.3951309 ], [ -102.6807374, 36.3588955 ], [ -102.725743, 36.3588955 ], [ -102.725743, 36.3951309 ], [ -102.6807374, 36.3951309 ] ], [ [ -102.5457206, 36.3951309 ], [ -102.5457206, 36.3588955 ], [ -102.5907262, 36.3588955 ], [ -102.5907262, 36.3951309 ], [ -102.5457206, 36.3951309 ] ], [ [ -102.725743, 36.3588955 ], [ -102.725743, 36.3226432 ], [ -102.7707485, 36.3226432 ], [ -102.7707485, 36.3588955 ], [ -102.725743, 36.3588955 ] ], [ [ -102.6357318, 36.3588955 ], [ -102.6357318, 36.3226432 ], [ -102.6807374, 36.3226432 ], [ -102.6807374, 36.3588955 ], [ -102.6357318, 36.3588955 ] ], [ [ -102.5457206, 36.3226432 ], [ -102.5457206, 36.286374 ], [ -102.5907262, 36.286374 ], [ -102.5907262, 36.3226432 ], [ -102.5457206, 36.3226432 ] ], [ [ -102.4557094, 36.3226432 ], [ -102.4557094, 36.286374 ], [ -102.500715, 36.286374 ], [ -102.500715, 36.3226432 ], [ -102.4557094, 36.3226432 ] ], [ [ -102.3656982, 36.3226432 ], [ -102.3656982, 36.286374 ], [ -102.4107038, 36.286374 ], [ -102.4107038, 36.3226432 ], [ -102.3656982, 36.3226432 ] ], [ [ -102.6357318, 36.286374 ], [ -102.6357318, 36.250088 ], [ -102.725743, 36.250088 ], [ -102.725743, 36.286374 ], [ -102.6357318, 36.286374 ] ], [ [ -102.4107038, 36.286374 ], [ -102.4107038, 36.250088 ], [ -102.4557094, 36.250088 ], [ -102.4557094, 36.286374 ], [ -102.4107038, 36.286374 ] ], [ [ -100.2054296, 36.1411287 ], [ -100.2054296, 36.1047753 ], [ -100.2504352, 36.1047753 ], [ -100.2504352, 36.1411287 ], [ -100.2054296, 36.1411287 ] ], [ [ -100.025407199999989, 35.995614 ], [ -100.025407199999989, 35.9591933 ], [ -100.0704128, 35.9591933 ], [ -100.0704128, 35.995614 ], [ -100.025407199999989, 35.995614 ] ], [ [ -101.0605359, 35.8863014 ], [ -101.0605359, 35.8498303 ], [ -101.1055415, 35.8498303 ], [ -101.1055415, 35.8863014 ], [ -101.0605359, 35.8863014 ] ], [ [ -100.160424, 35.8498303 ], [ -100.160424, 35.813342399999989 ], [ -100.2504352, 35.8133424 ], [ -100.2504352, 35.8498303 ], [ -100.160424, 35.8498303 ] ], [ [ -101.1955527, 35.8133424 ], [ -101.1955527, 35.7768378 ], [ -101.240558299999989, 35.7768378 ], [ -101.240558299999989, 35.8133424 ], [ -101.1955527, 35.8133424 ] ], [ [ -101.0605359, 35.8133424 ], [ -101.0605359, 35.7768378 ], [ -101.1055415, 35.7768378 ], [ -101.1055415, 35.813342399999989 ], [ -101.0605359, 35.8133424 ] ], [ [ -102.8157541, 35.7037781 ], [ -102.8157541, 35.6672232 ], [ -102.7707485, 35.6672232 ], [ -102.7707485, 35.6306515 ], [ -102.860759699999988, 35.6306515 ], [ -102.860759699999988, 35.7037781 ], [ -102.8157541, 35.7037781 ] ], [ [ -100.9705247, 35.7037781 ], [ -100.9705247, 35.667223199999988 ], [ -101.0155303, 35.6672232 ], [ -101.0155303, 35.7037781 ], [ -100.9705247, 35.7037781 ] ], [ [ -100.5654744, 35.7037781 ], [ -100.5654744, 35.6672232 ], [ -100.61048, 35.6672232 ], [ -100.61048, 35.7037781 ], [ -100.5654744, 35.7037781 ] ], [ [ -100.0704128, 35.7037781 ], [ -100.0704128, 35.667223199999988 ], [ -100.1154184, 35.6672232 ], [ -100.1154184, 35.7037781 ], [ -100.0704128, 35.7037781 ] ], [ [ -102.9507709, 35.6672232 ], [ -102.9507709, 35.6306515 ], [ -102.9957765, 35.6306515 ], [ -102.9957765, 35.6672232 ], [ -102.9507709, 35.6672232 ] ], [ [ -102.860759699999988, 35.6306515 ], [ -102.860759699999988, 35.5574579 ], [ -102.9957765, 35.557457899999989 ], [ -102.9957765, 35.5940631 ], [ -102.9507709, 35.5940631 ], [ -102.9507709, 35.6306515 ], [ -102.860759699999988, 35.6306515 ] ], [ [ -102.5457206, 35.6306515 ], [ -102.5457206, 35.557457899999989 ], [ -102.5907262, 35.5574579 ], [ -102.5907262, 35.5940631 ], [ -102.6357318, 35.5940631 ], [ -102.6357318, 35.6306515 ], [ -102.5457206, 35.6306515 ] ], [ [ -102.4557094, 35.5940631 ], [ -102.4557094, 35.5574579 ], [ -102.500715, 35.5574579 ], [ -102.500715, 35.5940631 ], [ -102.4557094, 35.5940631 ] ], [ [ -102.3656982, 35.5940631 ], [ -102.3656982, 35.5574579 ], [ -102.4107038, 35.5574579 ], [ -102.4107038, 35.5940631 ], [ -102.3656982, 35.5940631 ] ], [ [ -102.0056534, 35.5940631 ], [ -102.0056534, 35.557457899999989 ], [ -102.050659, 35.557457899999989 ], [ -102.050659, 35.5940631 ], [ -102.0056534, 35.5940631 ] ], [ [ -102.8157541, 35.5574579 ], [ -102.8157541, 35.520836 ], [ -102.860759699999988, 35.520836 ], [ -102.860759699999988, 35.5574579 ], [ -102.8157541, 35.5574579 ] ], [ [ -102.6357318, 35.5574579 ], [ -102.6357318, 35.520836 ], [ -102.7707485, 35.520836 ], [ -102.7707485, 35.5574579 ], [ -102.6357318, 35.5574579 ] ], [ [ -102.5457206, 35.520836 ], [ -102.5457206, 35.4841974 ], [ -102.5907262, 35.4841974 ], [ -102.5907262, 35.520836 ], [ -102.5457206, 35.520836 ] ], [ [ -102.3206926, 35.520836 ], [ -102.3206926, 35.4841974 ], [ -102.3656982, 35.4841974 ], [ -102.3656982, 35.520836 ], [ -102.3206926, 35.520836 ] ], [ [ -101.825631, 35.520836 ], [ -101.825631, 35.4841974 ], [ -101.8706366, 35.4841974 ], [ -101.8706366, 35.520836 ], [ -101.825631, 35.520836 ] ], [ [ -102.725743, 35.4841974 ], [ -102.725743, 35.4475421 ], [ -102.7707485, 35.4475421 ], [ -102.7707485, 35.4841974 ], [ -102.725743, 35.4841974 ] ], [ [ -102.5907262, 35.4841974 ], [ -102.5907262, 35.4475421 ], [ -102.500715, 35.4475421 ], [ -102.500715, 35.4108701 ], [ -102.5907262, 35.4108701 ], [ -102.5907262, 35.337476 ], [ -102.6357318, 35.337476 ], [ -102.6357318, 35.4841974 ], [ -102.5907262, 35.4841974 ] ], [ [ -102.275687, 35.4841974 ], [ -102.275687, 35.4475421 ], [ -102.3206926, 35.4475421 ], [ -102.3206926, 35.4841974 ], [ -102.275687, 35.4841974 ] ], [ [ -102.6807374, 35.4475421 ], [ -102.6807374, 35.337476 ], [ -102.725743, 35.337476 ], [ -102.725743, 35.4475421 ], [ -102.6807374, 35.4475421 ] ], [ [ -102.4107038, 35.4475421 ], [ -102.4107038, 35.4108701 ], [ -102.4557094, 35.4108701 ], [ -102.4557094, 35.4475421 ], [ -102.4107038, 35.4475421 ] ], [ [ -101.7356198, 35.4108701 ], [ -101.7356198, 35.3741814 ], [ -101.7806254, 35.3741814 ], [ -101.7806254, 35.4108701 ], [ -101.7356198, 35.4108701 ] ], [ [ -102.3206926, 35.3741814 ], [ -102.3206926, 35.337476 ], [ -102.3656982, 35.337476 ], [ -102.3656982, 35.3741814 ], [ -102.3206926, 35.3741814 ] ], [ [ -102.2306814, 35.3741814 ], [ -102.2306814, 35.337476 ], [ -102.275687, 35.337476 ], [ -102.275687, 35.3741814 ], [ -102.2306814, 35.3741814 ] ], [ [ -102.1856758, 35.337476 ], [ -102.1856758, 35.300753899999989 ], [ -102.2306814, 35.300753899999989 ], [ -102.2306814, 35.337476 ], [ -102.1856758, 35.337476 ] ], [ [ -102.8157541, 35.0432329 ], [ -102.8157541, 35.0063777 ], [ -102.860759699999988, 35.0063777 ], [ -102.860759699999988, 35.0432329 ], [ -102.8157541, 35.0432329 ] ], [ [ -101.7356198, 34.9695058 ], [ -101.7356198, 34.9326174 ], [ -101.7806254, 34.9326174 ], [ -101.7806254, 34.9695058 ], [ -101.7356198, 34.9695058 ] ], [ [ -102.1406702, 34.8218524 ], [ -102.1406702, 34.7848977 ], [ -102.1856758, 34.7848977 ], [ -102.1856758, 34.8218524 ], [ -102.1406702, 34.8218524 ] ], [ [ -99.8003792, 34.2285926 ], [ -99.8003792, 34.1913737 ], [ -99.8453848, 34.1913737 ], [ -99.8453848, 34.2285926 ], [ -99.8003792, 34.2285926 ] ], [ [ -100.0704128, 34.1541384 ], [ -100.0704128, 34.1168867 ], [ -100.1154184, 34.1168867 ], [ -100.1154184, 34.1541384 ], [ -100.0704128, 34.1541384 ] ], [ [ -100.5654744, 34.0796186 ], [ -100.5654744, 34.0423341 ], [ -100.61048, 34.0423341 ], [ -100.61048, 34.0796186 ], [ -100.5654744, 34.0796186 ] ], [ [ -100.385452, 34.079618599999989 ], [ -100.385452, 34.0423341 ], [ -100.4754632, 34.0423341 ], [ -100.4754632, 34.0796186 ], [ -100.385452, 34.079618599999989 ] ], [ [ -99.9804016, 34.079618599999989 ], [ -99.9804016, 34.0423341 ], [ -100.025407199999989, 34.0423341 ], [ -100.025407199999989, 34.0796186 ], [ -99.9804016, 34.079618599999989 ] ], [ [ -98.270189, 34.0050332 ], [ -98.270189, 33.9677159 ], [ -98.3602002, 33.9677159 ], [ -98.3602002, 34.0050332 ], [ -98.270189, 34.0050332 ] ], [ [ -98.1801778, 34.0050332 ], [ -98.1801778, 33.9677159 ], [ -98.2251834, 33.9677159 ], [ -98.2251834, 34.0050332 ], [ -98.1801778, 34.0050332 ] ], [ [ -99.9804016, 33.9303822 ], [ -99.9804016, 33.8182829 ], [ -100.025407199999989, 33.8182829 ], [ -100.025407199999989, 33.8556657 ], [ -100.0704128, 33.8556657 ], [ -100.0704128, 33.8930321 ], [ -100.025407199999989, 33.8930321 ], [ -100.025407199999989, 33.9303822 ], [ -99.9804016, 33.9303822 ] ], [ [ -98.495217, 33.8930321 ], [ -98.495217, 33.8556657 ], [ -98.5402225, 33.8556657 ], [ -98.5402225, 33.8930321 ], [ -98.495217, 33.8930321 ] ], [ [ -98.000155400000011, 33.8930321 ], [ -98.000155400000011, 33.7808838 ], [ -98.090166599999989, 33.7808838 ], [ -98.090166599999989, 33.8182829 ], [ -98.045161, 33.8182829 ], [ -98.045161, 33.8556657 ], [ -98.090166599999989, 33.8556657 ], [ -98.090166599999989, 33.8930321 ], [ -98.000155400000011, 33.8930321 ] ], [ [ -95.4348364, 33.8556657 ], [ -95.4348364, 33.8182829 ], [ -95.479842, 33.8182829 ], [ -95.479842, 33.8556657 ], [ -95.4348364, 33.8556657 ] ], [ [ -95.2098085, 33.8556657 ], [ -95.2098085, 33.8182829 ], [ -95.2548141, 33.8182829 ], [ -95.2548141, 33.8556657 ], [ -95.2098085, 33.8556657 ] ], [ [ -100.6554855, 33.8182829 ], [ -100.6554855, 33.7808838 ], [ -100.7004911, 33.7808838 ], [ -100.7004911, 33.8182829 ], [ -100.6554855, 33.8182829 ] ], [ [ -99.935396, 33.8182829 ], [ -99.935396, 33.7434683 ], [ -99.9804016, 33.743468299999989 ], [ -99.9804016, 33.8182829 ], [ -99.935396, 33.8182829 ] ], [ [ -98.3151946, 33.8182829 ], [ -98.3151946, 33.7808838 ], [ -98.3602002, 33.7808838 ], [ -98.3602002, 33.8182829 ], [ -98.3151946, 33.8182829 ] ], [ [ -97.8651386, 33.8182829 ], [ -97.8651386, 33.7434683 ], [ -98.000155400000011, 33.7434683 ], [ -98.000155400000011, 33.7808838 ], [ -97.9101442, 33.7808838 ], [ -97.9101442, 33.8182829 ], [ -97.8651386, 33.8182829 ] ], [ [ -96.7399987, 33.8182829 ], [ -96.7399987, 33.7808838 ], [ -96.7850043, 33.7808838 ], [ -96.7850043, 33.8182829 ], [ -96.7399987, 33.8182829 ] ], [ [ -96.6049819, 33.8182829 ], [ -96.6049819, 33.7808838 ], [ -96.6499875, 33.7808838 ], [ -96.6499875, 33.8182829 ], [ -96.6049819, 33.8182829 ] ], [ [ -95.659864399999989, 33.8182829 ], [ -95.659864399999989, 33.7808838 ], [ -95.70487, 33.7808838 ], [ -95.70487, 33.8182829 ], [ -95.659864399999989, 33.8182829 ] ], [ [ -100.1154184, 33.7808838 ], [ -100.1154184, 33.7434683 ], [ -100.160424, 33.7434683 ], [ -100.160424, 33.7808838 ], [ -100.1154184, 33.7808838 ] ], [ [ -98.3602002, 33.7808838 ], [ -98.3602002, 33.7060365 ], [ -98.495217, 33.7060365 ], [ -98.495217, 33.7434683 ], [ -98.4052058, 33.7434683 ], [ -98.4052058, 33.7808838 ], [ -98.3602002, 33.7808838 ] ], [ [ -98.270189, 33.7808838 ], [ -98.270189, 33.7434683 ], [ -98.3151946, 33.7434683 ], [ -98.3151946, 33.7808838 ], [ -98.270189, 33.7808838 ] ], [ [ -98.1351722, 33.7808838 ], [ -98.1351722, 33.7434683 ], [ -98.1801778, 33.7434683 ], [ -98.1801778, 33.7808838 ], [ -98.1351722, 33.7808838 ] ], [ [ -97.2800659, 33.7808838 ], [ -97.2800659, 33.706036499999989 ], [ -97.3250715, 33.7060365 ], [ -97.3250715, 33.7808838 ], [ -97.2800659, 33.7808838 ] ], [ [ -95.1197973, 33.7808838 ], [ -95.1197973, 33.7434683 ], [ -95.1648029, 33.7434683 ], [ -95.1648029, 33.7808838 ], [ -95.1197973, 33.7808838 ] ], [ [ -100.0704128, 33.7434683 ], [ -100.0704128, 33.706036499999989 ], [ -100.1154184, 33.7060365 ], [ -100.1154184, 33.7434683 ], [ -100.0704128, 33.7434683 ] ], [ [ -99.1703009, 33.7434683 ], [ -99.1703009, 33.706036499999989 ], [ -99.2153065, 33.7060365 ], [ -99.2153065, 33.7434683 ], [ -99.1703009, 33.7434683 ] ], [ [ -99.0352841, 33.7434683 ], [ -99.0352841, 33.7060365 ], [ -99.0802897, 33.706036499999989 ], [ -99.0802897, 33.743468299999989 ], [ -99.0352841, 33.7434683 ] ], [ [ -98.1801778, 33.7434683 ], [ -98.1801778, 33.7060365 ], [ -98.270189, 33.7060365 ], [ -98.270189, 33.7434683 ], [ -98.1801778, 33.7434683 ] ], [ [ -97.775127400000017, 33.7434683 ], [ -97.775127400000017, 33.7060365 ], [ -97.8651386, 33.7060365 ], [ -97.8651386, 33.7434683 ], [ -97.775127400000017, 33.7434683 ] ], [ [ -97.4150827, 33.7434683 ], [ -97.4150827, 33.7060365 ], [ -97.4600882, 33.7060365 ], [ -97.4600882, 33.7434683 ], [ -97.4150827, 33.7434683 ] ], [ [ -96.5149707, 33.7434683 ], [ -96.5149707, 33.706036499999989 ], [ -96.5599763, 33.7060365 ], [ -96.5599763, 33.7434683 ], [ -96.5149707, 33.7434683 ] ], [ [ -94.8947693, 33.7434683 ], [ -94.8947693, 33.7060365 ], [ -94.9847805, 33.7060365 ], [ -94.9847805, 33.7434683 ], [ -94.8947693, 33.7434683 ] ], [ [ -100.025407199999989, 33.7060365 ], [ -100.025407199999989, 33.6311239 ], [ -100.0704128, 33.6311239 ], [ -100.0704128, 33.706036499999989 ], [ -100.025407199999989, 33.7060365 ] ], [ [ -99.5753512, 33.7060365 ], [ -99.5753512, 33.6685884 ], [ -99.6203568, 33.6685884 ], [ -99.6203568, 33.7060365 ], [ -99.5753512, 33.7060365 ] ], [ [ -98.495217, 33.7060365 ], [ -98.495217, 33.6685884 ], [ -98.5402225, 33.6685884 ], [ -98.5402225, 33.7060365 ], [ -98.495217, 33.7060365 ] ], [ [ -98.000155400000011, 33.7060365 ], [ -98.000155400000011, 33.6685884 ], [ -98.045161, 33.6685884 ], [ -98.045161, 33.7060365 ], [ -98.000155400000011, 33.7060365 ] ], [ [ -97.6851162, 33.7060365 ], [ -97.6851162, 33.6685884 ], [ -97.775127400000017, 33.6685884 ], [ -97.775127400000017, 33.7060365 ], [ -97.6851162, 33.7060365 ] ], [ [ -97.4600882, 33.7060365 ], [ -97.4600882, 33.6685884 ], [ -97.5050938, 33.6685884 ], [ -97.5050938, 33.7060365 ], [ -97.4600882, 33.7060365 ] ], [ [ -97.1450491, 33.706036499999989 ], [ -97.1450491, 33.6685884 ], [ -97.1900547, 33.6685884 ], [ -97.1900547, 33.7060365 ], [ -97.1450491, 33.706036499999989 ] ], [ [ -94.8497637, 33.706036499999989 ], [ -94.8497637, 33.6685884 ], [ -94.8947693, 33.6685884 ], [ -94.8947693, 33.7060365 ], [ -94.8497637, 33.706036499999989 ] ], [ [ -98.3151946, 33.6685884 ], [ -98.3151946, 33.5561462 ], [ -98.3602002, 33.5561462 ], [ -98.3602002, 33.6311239 ], [ -98.4052058, 33.6311239 ], [ -98.4052058, 33.6685884 ], [ -98.3151946, 33.6685884 ] ], [ [ -97.775127400000017, 33.6685884 ], [ -97.775127400000017, 33.6311239 ], [ -97.8651386, 33.6311239 ], [ -97.8651386, 33.6685884 ], [ -97.775127400000017, 33.6685884 ] ], [ [ -97.4150827, 33.6685884 ], [ -97.4150827, 33.6311239 ], [ -97.4600882, 33.6311239 ], [ -97.4600882, 33.6685884 ], [ -97.4150827, 33.6685884 ] ], [ [ -97.1000435, 33.6685884 ], [ -97.1000435, 33.5936432 ], [ -97.1450491, 33.5936432 ], [ -97.1450491, 33.6685884 ], [ -97.1000435, 33.6685884 ] ], [ [ -97.0100323, 33.6685884 ], [ -97.0100323, 33.6311239 ], [ -97.0550379, 33.6311239 ], [ -97.0550379, 33.6685884 ], [ -97.0100323, 33.6685884 ] ], [ [ -96.7850043, 33.6685884 ], [ -96.7850043, 33.6311239 ], [ -96.8300099, 33.6311239 ], [ -96.8300099, 33.6685884 ], [ -96.7850043, 33.6685884 ] ], [ [ -100.0704128, 33.6311239 ], [ -100.0704128, 33.5936432 ], [ -100.1154184, 33.5936432 ], [ -100.1154184, 33.6311239 ], [ -100.0704128, 33.6311239 ] ], [ [ -98.1351722, 33.6311239 ], [ -98.1351722, 33.5561462 ], [ -98.1801778, 33.5561462 ], [ -98.1801778, 33.6311239 ], [ -98.1351722, 33.6311239 ] ], [ [ -97.9101442, 33.6311239 ], [ -97.9101442, 33.5936432 ], [ -98.000155400000011, 33.5936432 ], [ -98.000155400000011, 33.6311239 ], [ -97.9101442, 33.6311239 ] ], [ [ -97.6851162, 33.6311239 ], [ -97.6851162, 33.5936432 ], [ -97.7301218, 33.5936432 ], [ -97.7301218, 33.6311239 ], [ -97.6851162, 33.6311239 ] ], [ [ -97.5500994, 33.6311239 ], [ -97.5500994, 33.5936432 ], [ -97.595105, 33.5936432 ], [ -97.595105, 33.6311239 ], [ -97.5500994, 33.6311239 ] ], [ [ -97.4600882, 33.6311239 ], [ -97.4600882, 33.5936432 ], [ -97.5050938, 33.5936432 ], [ -97.5050938, 33.6311239 ], [ -97.4600882, 33.6311239 ] ], [ [ -97.3250715, 33.6311239 ], [ -97.3250715, 33.5561462 ], [ -97.2800659, 33.5561462 ], [ -97.2800659, 33.5186329 ], [ -97.3250715, 33.5186329 ], [ -97.3250715, 33.4811033 ], [ -97.2800659, 33.4811033 ], [ -97.2800659, 33.4435574 ], [ -97.3250715, 33.4435574 ], [ -97.3250715, 33.368417 ], [ -97.3700771, 33.368417 ], [ -97.3700771, 33.4059953 ], [ -97.4150827, 33.4059953 ], [ -97.4150827, 33.4811033 ], [ -97.3700771, 33.4811033 ], [ -97.3700771, 33.5186329 ], [ -97.4150827, 33.5186329 ], [ -97.4150827, 33.5561462 ], [ -97.3700771, 33.5561462 ], [ -97.3700771, 33.6311239 ], [ -97.3250715, 33.6311239 ] ], [ [ -96.9650267, 33.6311239 ], [ -96.9650267, 33.5936432 ], [ -97.0100323, 33.5936432 ], [ -97.0100323, 33.6311239 ], [ -96.9650267, 33.6311239 ] ], [ [ -97.7301218, 33.5936432 ], [ -97.7301218, 33.5561462 ], [ -97.775127400000017, 33.5561462 ], [ -97.775127400000017, 33.5936432 ], [ -97.7301218, 33.5936432 ] ], [ [ -97.0550379, 33.5936432 ], [ -97.0550379, 33.5186329 ], [ -97.1000435, 33.5186329 ], [ -97.1000435, 33.5936432 ], [ -97.0550379, 33.5936432 ] ], [ [ -100.2504352, 33.5561462 ], [ -100.2504352, 33.5186329 ], [ -100.2954408, 33.5186329 ], [ -100.2954408, 33.5561462 ], [ -100.2504352, 33.5561462 ] ], [ [ -98.7202449, 33.5561462 ], [ -98.7202449, 33.4811033 ], [ -98.7652505, 33.4811033 ], [ -98.7652505, 33.5561462 ], [ -98.7202449, 33.5561462 ] ], [ [ -97.1450491, 33.5561462 ], [ -97.1450491, 33.5186329 ], [ -97.1900547, 33.5186329 ], [ -97.1900547, 33.5561462 ], [ -97.1450491, 33.5561462 ] ], [ [ -94.444713299999989, 33.5561462 ], [ -94.444713299999989, 33.5186329 ], [ -94.4897189, 33.5186329 ], [ -94.4897189, 33.5561462 ], [ -94.444713299999989, 33.5561462 ] ], [ [ -100.385452, 33.5186329 ], [ -100.385452, 33.4811033 ], [ -100.4304576, 33.4811033 ], [ -100.4304576, 33.5186329 ], [ -100.385452, 33.5186329 ] ], [ [ -97.8651386, 33.5186329 ], [ -97.8651386, 33.4435574 ], [ -97.9101442, 33.4435574 ], [ -97.9101442, 33.5186329 ], [ -97.8651386, 33.5186329 ] ], [ [ -94.6697413, 33.5186329 ], [ -94.6697413, 33.4811033 ], [ -94.7147469, 33.4811033 ], [ -94.7147469, 33.5186329 ], [ -94.6697413, 33.5186329 ] ], [ [ -100.4754632, 33.4811033 ], [ -100.4754632, 33.4435574 ], [ -100.520468799999989, 33.4435574 ], [ -100.520468799999989, 33.4811033 ], [ -100.4754632, 33.4811033 ] ], [ [ -98.6302337, 33.4811033 ], [ -98.6302337, 33.4435574 ], [ -98.6752393, 33.4435574 ], [ -98.6752393, 33.4811033 ], [ -98.6302337, 33.4811033 ] ], [ [ -97.9551498, 33.4811033 ], [ -97.9551498, 33.4059953 ], [ -97.8651386, 33.4059953 ], [ -97.8651386, 33.368417 ], [ -97.9551498, 33.368417 ], [ -97.9551498, 33.3308224 ], [ -97.9101442, 33.3308224 ], [ -97.9101442, 33.2179413 ], [ -97.9551498, 33.2179413 ], [ -97.9551498, 33.1049143 ], [ -98.000155400000011, 33.1049143 ], [ -98.000155400000011, 33.1426062 ], [ -98.090166599999989, 33.142606199999989 ], [ -98.090166599999989, 33.2555845 ], [ -98.000155400000011, 33.2555845 ], [ -98.000155400000011, 33.2932116 ], [ -98.045161, 33.2932116 ], [ -98.045161, 33.368417 ], [ -98.090166599999989, 33.368417 ], [ -98.090166599999989, 33.4435574 ], [ -98.045161, 33.4435574 ], [ -98.045161, 33.4811033 ], [ -97.9551498, 33.4811033 ] ], [ [ -97.775127400000017, 33.4811033 ], [ -97.775127400000017, 33.4435574 ], [ -97.820133, 33.4435574 ], [ -97.820133, 33.4811033 ], [ -97.775127400000017, 33.4811033 ] ], [ [ -97.595105, 33.4811033 ], [ -97.595105, 33.4435574 ], [ -97.6401106, 33.4435574 ], [ -97.6401106, 33.4811033 ], [ -97.595105, 33.4811033 ] ], [ [ -97.4600882, 33.4811033 ], [ -97.4600882, 33.368417 ], [ -97.5050938, 33.368417 ], [ -97.5050938, 33.4811033 ], [ -97.4600882, 33.4811033 ] ], [ [ -97.1900547, 33.4811033 ], [ -97.1900547, 33.368417 ], [ -97.2800659, 33.368417 ], [ -97.2800659, 33.4059953 ], [ -97.2350603, 33.4059953 ], [ -97.2350603, 33.4811033 ], [ -97.1900547, 33.4811033 ] ], [ [ -97.1000435, 33.4811033 ], [ -97.1000435, 33.4435574 ], [ -97.0550379, 33.4435574 ], [ -97.0550379, 33.4059953 ], [ -97.1000435, 33.4059953 ], [ -97.1000435, 33.3308224 ], [ -97.1450491, 33.3308224 ], [ -97.1450491, 33.4811033 ], [ -97.1000435, 33.4811033 ] ], [ [ -94.4897189, 33.4811033 ], [ -94.4897189, 33.4059953 ], [ -94.5347245, 33.4059953 ], [ -94.5347245, 33.4811033 ], [ -94.4897189, 33.4811033 ] ], [ [ -94.264691, 33.4811033 ], [ -94.264691, 33.4435574 ], [ -94.219685399999989, 33.4435574 ], [ -94.219685399999989, 33.4059953 ], [ -94.3096965, 33.4059953 ], [ -94.3096965, 33.4435574 ], [ -94.3547021, 33.4435574 ], [ -94.3547021, 33.4811033 ], [ -94.264691, 33.4811033 ] ], [ [ -98.4052058, 33.4435574 ], [ -98.4052058, 33.4059953 ], [ -98.4502114, 33.4059953 ], [ -98.4502114, 33.4435574 ], [ -98.4052058, 33.4435574 ] ], [ [ -95.1197973, 33.4435574 ], [ -95.1197973, 33.4059953 ], [ -95.1648029, 33.4059953 ], [ -95.1648029, 33.4435574 ], [ -95.1197973, 33.4435574 ] ], [ [ -100.4754632, 33.4059953 ], [ -100.4754632, 33.368417 ], [ -100.520468799999989, 33.368417 ], [ -100.520468799999989, 33.4059953 ], [ -100.4754632, 33.4059953 ] ], [ [ -98.1351722, 33.4059953 ], [ -98.1351722, 33.2555845 ], [ -98.1801778, 33.2555845 ], [ -98.1801778, 33.368417 ], [ -98.2251834, 33.368417 ], [ -98.2251834, 33.4059953 ], [ -98.1351722, 33.4059953 ] ], [ [ -94.8047581, 33.4059953 ], [ -94.8047581, 33.368417 ], [ -94.8497637, 33.368417 ], [ -94.8497637, 33.4059953 ], [ -94.8047581, 33.4059953 ] ], [ [ -94.7147469, 33.4059953 ], [ -94.7147469, 33.368417 ], [ -94.7597525, 33.368417 ], [ -94.7597525, 33.4059953 ], [ -94.7147469, 33.4059953 ] ], [ [ -94.444713299999989, 33.4059953 ], [ -94.444713299999989, 33.368417 ], [ -94.4897189, 33.368417 ], [ -94.4897189, 33.4059953 ], [ -94.444713299999989, 33.4059953 ] ], [ [ -94.1746798, 33.4059953 ], [ -94.1746798, 33.368417 ], [ -94.219685399999989, 33.368417 ], [ -94.219685399999989, 33.4059953 ], [ -94.1746798, 33.4059953 ] ], [ [ -98.4052058, 33.368417 ], [ -98.4052058, 33.330822399999988 ], [ -98.4502114, 33.3308224 ], [ -98.4502114, 33.368417 ], [ -98.4052058, 33.368417 ] ], [ [ -98.2251834, 33.368417 ], [ -98.2251834, 33.3308224 ], [ -98.3151946, 33.3308224 ], [ -98.3151946, 33.368417 ], [ -98.2251834, 33.368417 ] ], [ [ -97.3700771, 33.368417 ], [ -97.3700771, 33.3308224 ], [ -97.4150827, 33.3308224 ], [ -97.4150827, 33.368417 ], [ -97.3700771, 33.368417 ] ], [ [ -97.5050938, 33.3308224 ], [ -97.5050938, 33.2932116 ], [ -97.5500994, 33.2932116 ], [ -97.5500994, 33.3308224 ], [ -97.5050938, 33.3308224 ] ], [ [ -97.3250715, 33.3308224 ], [ -97.3250715, 33.2932116 ], [ -97.3700771, 33.2932116 ], [ -97.3700771, 33.3308224 ], [ -97.3250715, 33.3308224 ] ], [ [ -97.1900547, 33.3308224 ], [ -97.1900547, 33.2932116 ], [ -97.2350603, 33.2932116 ], [ -97.2350603, 33.3308224 ], [ -97.1900547, 33.3308224 ] ], [ [ -95.659864399999989, 33.330822399999988 ], [ -95.659864399999989, 33.2932116 ], [ -95.70487, 33.2932116 ], [ -95.70487, 33.3308224 ], [ -95.659864399999989, 33.330822399999988 ] ], [ [ -94.6697413, 33.3308224 ], [ -94.6697413, 33.2932116 ], [ -94.7147469, 33.2932116 ], [ -94.7147469, 33.3308224 ], [ -94.6697413, 33.3308224 ] ], [ [ -94.5797301, 33.3308224 ], [ -94.5797301, 33.2932116 ], [ -94.6247357, 33.2932116 ], [ -94.6247357, 33.3308224 ], [ -94.5797301, 33.3308224 ] ], [ [ -98.3602002, 33.2932116 ], [ -98.3602002, 33.2555845 ], [ -98.3151946, 33.2555845 ], [ -98.3151946, 33.2179413 ], [ -98.4052058, 33.2179413 ], [ -98.4052058, 33.2932116 ], [ -98.3602002, 33.2932116 ] ], [ [ -97.4150827, 33.2932116 ], [ -97.4150827, 33.2555845 ], [ -97.3700771, 33.2555845 ], [ -97.3700771, 33.2179413 ], [ -97.4150827, 33.2179413 ], [ -97.4150827, 33.1802818 ], [ -97.3700771, 33.1802818 ], [ -97.3700771, 33.1049143 ], [ -97.5500994, 33.1049143 ], [ -97.5500994, 33.1802818 ], [ -97.5050938, 33.1802818 ], [ -97.5050938, 33.2932116 ], [ -97.4150827, 33.2932116 ] ], [ [ -97.1450491, 33.2932116 ], [ -97.1450491, 33.2555845 ], [ -97.1900547, 33.2555845 ], [ -97.1900547, 33.2932116 ], [ -97.1450491, 33.2932116 ] ], [ [ -94.5347245, 33.2932116 ], [ -94.5347245, 33.2179413 ], [ -94.5797301, 33.2179413 ], [ -94.5797301, 33.2932116 ], [ -94.5347245, 33.2932116 ] ], [ [ -94.3547021, 33.2932116 ], [ -94.3547021, 33.2179413 ], [ -94.3997077, 33.2179413 ], [ -94.3997077, 33.2555845 ], [ -94.444713299999989, 33.2555845 ], [ -94.444713299999989, 33.2932116 ], [ -94.3547021, 33.2932116 ] ], [ [ -97.5500994, 33.2555845 ], [ -97.5500994, 33.2179413 ], [ -97.595105, 33.2179413 ], [ -97.595105, 33.2555845 ], [ -97.5500994, 33.2555845 ] ], [ [ -97.2800659, 33.2555845 ], [ -97.2800659, 33.2179413 ], [ -97.3250715, 33.2179413 ], [ -97.3250715, 33.2555845 ], [ -97.2800659, 33.2555845 ] ], [ [ -98.270189, 33.2179413 ], [ -98.270189, 33.1802818 ], [ -98.3151946, 33.1802818 ], [ -98.3151946, 33.2179413 ], [ -98.270189, 33.2179413 ] ], [ [ -97.1000435, 33.2179413 ], [ -97.1000435, 33.1802818 ], [ -97.1450491, 33.1802818 ], [ -97.1450491, 33.2179413 ], [ -97.1000435, 33.2179413 ] ], [ [ -97.0100323, 33.2179413 ], [ -97.0100323, 33.1426062 ], [ -97.0550379, 33.1426062 ], [ -97.0550379, 33.2179413 ], [ -97.0100323, 33.2179413 ] ], [ [ -95.3898308, 33.2179413 ], [ -95.3898308, 33.1802818 ], [ -95.4348364, 33.1802818 ], [ -95.4348364, 33.2179413 ], [ -95.3898308, 33.2179413 ] ], [ [ -94.8497637, 33.2179413 ], [ -94.8497637, 33.1426062 ], [ -94.8947693, 33.1426062 ], [ -94.8947693, 33.2179413 ], [ -94.8497637, 33.2179413 ] ], [ [ -94.6247357, 33.2179413 ], [ -94.6247357, 33.1802818 ], [ -94.6697413, 33.1802818 ], [ -94.6697413, 33.2179413 ], [ -94.6247357, 33.2179413 ] ], [ [ -94.3997077, 33.2179413 ], [ -94.3997077, 33.1802818 ], [ -94.444713299999989, 33.1802818 ], [ -94.444713299999989, 33.2179413 ], [ -94.3997077, 33.2179413 ] ], [ [ -98.5852281, 33.1802818 ], [ -98.5852281, 33.1426062 ], [ -98.7202449, 33.1426062 ], [ -98.7202449, 33.1802818 ], [ -98.5852281, 33.1802818 ] ], [ [ -98.3602002, 33.1802818 ], [ -98.3602002, 33.1426062 ], [ -98.4052058, 33.1426062 ], [ -98.4052058, 33.180281799999989 ], [ -98.3602002, 33.1802818 ] ], [ [ -98.1351722, 33.1802818 ], [ -98.1351722, 33.142606199999989 ], [ -98.1801778, 33.1426062 ], [ -98.1801778, 33.1802818 ], [ -98.1351722, 33.1802818 ] ], [ [ -97.1900547, 33.1802818 ], [ -97.1900547, 33.1426062 ], [ -97.2350603, 33.1426062 ], [ -97.2350603, 33.1049143 ], [ -97.2800659, 33.1049143 ], [ -97.2800659, 33.1426062 ], [ -97.3250715, 33.1426062 ], [ -97.3250715, 33.1802818 ], [ -97.1900547, 33.1802818 ] ], [ [ -94.4897189, 33.1802818 ], [ -94.4897189, 33.142606199999989 ], [ -94.5797301, 33.1426062 ], [ -94.5797301, 33.1802818 ], [ -94.4897189, 33.1802818 ] ], [ [ -98.9002673, 33.142606199999989 ], [ -98.9002673, 33.1049143 ], [ -98.9452729, 33.1049143 ], [ -98.9452729, 33.1426062 ], [ -98.9002673, 33.142606199999989 ] ], [ [ -98.7652505, 33.1426062 ], [ -98.7652505, 33.1049143 ], [ -98.810256099999989, 33.1049143 ], [ -98.810256099999989, 33.142606199999989 ], [ -98.7652505, 33.1426062 ] ], [ [ -98.3151946, 33.142606199999989 ], [ -98.3151946, 33.1049143 ], [ -98.3602002, 33.1049143 ], [ -98.3602002, 33.1426062 ], [ -98.3151946, 33.142606199999989 ] ], [ [ -98.2251834, 33.1426062 ], [ -98.2251834, 33.1049143 ], [ -98.1351722, 33.1049143 ], [ -98.1351722, 33.142606199999989 ], [ -98.090166599999989, 33.142606199999989 ], [ -98.090166599999989, 33.0672063 ], [ -98.1351722, 33.0672063 ], [ -98.1351722, 33.0294821 ], [ -98.1801778, 33.0294821 ], [ -98.1801778, 33.0672063 ], [ -98.270189, 33.0672063 ], [ -98.270189, 32.9539854 ], [ -98.3151946, 32.9539854 ], [ -98.3151946, 32.9162127 ], [ -98.4052058, 32.9162127 ], [ -98.4052058, 32.9539854 ], [ -98.3602002, 32.9539854 ], [ -98.3602002, 32.9917418 ], [ -98.4052058, 32.9917418 ], [ -98.4052058, 33.0294821 ], [ -98.3151946, 33.0294821 ], [ -98.3151946, 33.1049143 ], [ -98.270189, 33.1049143 ], [ -98.270189, 33.1426062 ], [ -98.2251834, 33.1426062 ] ], [ [ -97.1450491, 33.1426062 ], [ -97.1450491, 33.1049143 ], [ -97.1900547, 33.1049143 ], [ -97.1900547, 33.1426062 ], [ -97.1450491, 33.1426062 ] ], [ [ -94.1746798, 33.1426062 ], [ -94.1746798, 33.1049143 ], [ -94.219685399999989, 33.1049143 ], [ -94.219685399999989, 33.1426062 ], [ -94.1746798, 33.1426062 ] ], [ [ -98.810256099999989, 33.1049143 ], [ -98.810256099999989, 33.0294821 ], [ -98.855261700000014, 33.0294821 ], [ -98.855261700000014, 32.9917418 ], [ -98.810256099999989, 32.9917418 ], [ -98.810256099999989, 32.878424 ], [ -98.855261700000014, 32.878424 ], [ -98.855261700000014, 32.9539854 ], [ -98.9002673, 32.9539854 ], [ -98.9002673, 33.0672063 ], [ -98.855261700000014, 33.0672063 ], [ -98.855261700000014, 33.1049143 ], [ -98.810256099999989, 33.1049143 ] ], [ [ -98.000155400000011, 33.1049143 ], [ -98.000155400000011, 33.0672063 ], [ -98.045161, 33.0672063 ], [ -98.045161, 33.1049143 ], [ -98.000155400000011, 33.1049143 ] ], [ [ -96.875015499999989, 33.1049143 ], [ -96.875015499999989, 33.0672063 ], [ -96.9200211, 33.0672063 ], [ -96.9200211, 33.1049143 ], [ -96.875015499999989, 33.1049143 ] ], [ [ -96.7399987, 33.1049143 ], [ -96.7399987, 33.0672063 ], [ -96.6949931, 33.0672063 ], [ -96.6949931, 33.0294821 ], [ -96.7850043, 33.0294821 ], [ -96.7850043, 33.1049143 ], [ -96.7399987, 33.1049143 ] ], [ [ -94.444713299999989, 33.1049143 ], [ -94.444713299999989, 33.0672063 ], [ -94.5347245, 33.0672063 ], [ -94.5347245, 33.1049143 ], [ -94.444713299999989, 33.1049143 ] ], [ [ -98.4502114, 33.0672063 ], [ -98.4502114, 33.0294821 ], [ -98.495217, 33.0294821 ], [ -98.495217, 33.0672063 ], [ -98.4502114, 33.0672063 ] ], [ [ -97.4600882, 33.0672063 ], [ -97.4600882, 32.9917418 ], [ -97.5500994, 32.9917418 ], [ -97.5500994, 32.9539854 ], [ -97.595105, 32.9539854 ], [ -97.595105, 33.0294821 ], [ -97.5050938, 33.0294821 ], [ -97.5050938, 33.0672063 ], [ -97.4600882, 33.0672063 ] ], [ [ -97.3700771, 33.0672063 ], [ -97.3700771, 33.0294821 ], [ -97.4150827, 33.0294821 ], [ -97.4150827, 33.0672063 ], [ -97.3700771, 33.0672063 ] ], [ [ -97.2800659, 33.0672063 ], [ -97.2800659, 32.9917418 ], [ -97.3250715, 32.9917418 ], [ -97.3250715, 33.0672063 ], [ -97.2800659, 33.0672063 ] ], [ [ -94.5797301, 33.0672063 ], [ -94.5797301, 33.0294821 ], [ -94.6247357, 33.0294821 ], [ -94.6247357, 33.0672063 ], [ -94.5797301, 33.0672063 ] ], [ [ -94.3997077, 33.0672063 ], [ -94.3997077, 33.0294821 ], [ -94.444713299999989, 33.0294821 ], [ -94.444713299999989, 33.0672063 ], [ -94.3997077, 33.0672063 ] ], [ [ -98.1801778, 33.0294821 ], [ -98.1801778, 32.9917418 ], [ -98.2251834, 32.9917418 ], [ -98.2251834, 33.0294821 ], [ -98.1801778, 33.0294821 ] ], [ [ -97.1900547, 33.0294821 ], [ -97.1900547, 32.9917418 ], [ -97.2350603, 32.9917418 ], [ -97.2350603, 33.0294821 ], [ -97.1900547, 33.0294821 ] ], [ [ -96.9650267, 33.0294821 ], [ -96.9650267, 32.9917418 ], [ -97.0100323, 32.9917418 ], [ -97.0100323, 33.0294821 ], [ -96.9650267, 33.0294821 ] ], [ [ -96.8300099, 33.0294821 ], [ -96.8300099, 32.9917418 ], [ -96.7850043, 32.9917418 ], [ -96.7850043, 32.878424 ], [ -96.7399987, 32.878424 ], [ -96.7399987, 32.8406192 ], [ -96.7850043, 32.8406192 ], [ -96.7850043, 32.8027982 ], [ -96.6949931, 32.8027982 ], [ -96.6949931, 32.8406192 ], [ -96.6499875, 32.8406192 ], [ -96.6499875, 32.727108 ], [ -96.7850043, 32.727108 ], [ -96.7850043, 32.6892388 ], [ -96.8300099, 32.6892388 ], [ -96.8300099, 32.6513535 ], [ -96.875015499999989, 32.6513535 ], [ -96.875015499999989, 32.613452099999989 ], [ -96.9200211, 32.6134521 ], [ -96.9200211, 32.5376013 ], [ -96.9650267, 32.5376013 ], [ -96.9650267, 32.727108 ], [ -96.875015499999989, 32.727108 ], [ -96.875015499999989, 32.8406192 ], [ -96.8300099, 32.8406192 ], [ -96.8300099, 32.878424 ], [ -96.9200211, 32.878424 ], [ -96.9200211, 32.9162127 ], [ -96.875015499999989, 32.9162127 ], [ -96.875015499999989, 32.9539854 ], [ -96.9200211, 32.9539854 ], [ -96.9200211, 33.0294821 ], [ -96.8300099, 33.0294821 ] ], [ [ -94.3547021, 33.0294821 ], [ -94.3547021, 32.9917418 ], [ -94.3997077, 32.9917418 ], [ -94.3997077, 33.0294821 ], [ -94.3547021, 33.0294821 ] ], [ [ -94.264691, 33.0294821 ], [ -94.264691, 32.9917418 ], [ -94.3096965, 32.9917418 ], [ -94.3096965, 33.0294821 ], [ -94.264691, 33.0294821 ] ], [ [ -96.6949931, 32.9917418 ], [ -96.6949931, 32.9162127 ], [ -96.6049819, 32.9162127 ], [ -96.6049819, 32.878424 ], [ -96.7399987, 32.878424 ], [ -96.7399987, 32.9917418 ], [ -96.6949931, 32.9917418 ] ], [ [ -95.5248476, 32.9917418 ], [ -95.5248476, 32.9539854 ], [ -95.5698532, 32.9539854 ], [ -95.5698532, 32.9917418 ], [ -95.5248476, 32.9917418 ] ], [ [ -98.5852281, 32.9539854 ], [ -98.5852281, 32.9162127 ], [ -98.6302337, 32.9162127 ], [ -98.6302337, 32.9539854 ], [ -98.5852281, 32.9539854 ] ], [ [ -98.4502114, 32.9539854 ], [ -98.4502114, 32.9162127 ], [ -98.5402225, 32.9162127 ], [ -98.5402225, 32.9539854 ], [ -98.4502114, 32.9539854 ] ], [ [ -98.1351722, 32.9539854 ], [ -98.1351722, 32.8027982 ], [ -98.1801778, 32.8027982 ], [ -98.1801778, 32.9539854 ], [ -98.1351722, 32.9539854 ] ], [ [ -97.5050938, 32.9539854 ], [ -97.5050938, 32.9162127 ], [ -97.5500994, 32.9162127 ], [ -97.5500994, 32.9539854 ], [ -97.5050938, 32.9539854 ] ], [ [ -97.3700771, 32.9539854 ], [ -97.3700771, 32.878424 ], [ -97.3250715, 32.878424 ], [ -97.3250715, 32.9539854 ], [ -97.1900547, 32.9539854 ], [ -97.1900547, 32.878424 ], [ -97.2350603, 32.878424 ], [ -97.2350603, 32.8027982 ], [ -97.2800659, 32.8027982 ], [ -97.2800659, 32.7649611 ], [ -97.1900547, 32.7649611 ], [ -97.1900547, 32.6513535 ], [ -97.2350603, 32.6513535 ], [ -97.2350603, 32.6892388 ], [ -97.3250715, 32.6892388 ], [ -97.3250715, 32.4237048 ], [ -97.3700771, 32.4237048 ], [ -97.3700771, 32.3857073 ], [ -97.4150827, 32.3857073 ], [ -97.4150827, 32.4616863 ], [ -97.3700771, 32.4616863 ], [ -97.3700771, 32.6134521 ], [ -97.4150827, 32.6134521 ], [ -97.4150827, 32.6513535 ], [ -97.5500994, 32.6513535 ], [ -97.5500994, 32.727108 ], [ -97.595105, 32.727108 ], [ -97.595105, 32.7649611 ], [ -97.6851162, 32.7649611 ], [ -97.6851162, 32.8027982 ], [ -97.6401106, 32.8027982 ], [ -97.6401106, 32.878424 ], [ -97.595105, 32.878424 ], [ -97.595105, 32.8406192 ], [ -97.5500994, 32.8406192 ], [ -97.5500994, 32.878424 ], [ -97.5050938, 32.878424 ], [ -97.5050938, 32.9162127 ], [ -97.4600882, 32.9162127 ], [ -97.4600882, 32.9539854 ], [ -97.3700771, 32.9539854 ] ], [ [ -96.46996510000001, 32.9539854 ], [ -96.46996510000001, 32.8406192 ], [ -96.5149707, 32.8406192 ], [ -96.5149707, 32.9539854 ], [ -96.46996510000001, 32.9539854 ] ], [ [ -94.5347245, 32.9539854 ], [ -94.5347245, 32.9162127 ], [ -94.5797301, 32.9162127 ], [ -94.5797301, 32.9539854 ], [ -94.5347245, 32.9539854 ] ], [ [ -94.3997077, 32.9539854 ], [ -94.3997077, 32.9162127 ], [ -94.3547021, 32.9162127 ], [ -94.3547021, 32.9539854 ], [ -94.3096965, 32.9539854 ], [ -94.3096965, 32.8406192 ], [ -94.3547021, 32.8406192 ], [ -94.3547021, 32.878424 ], [ -94.444713299999989, 32.878424 ], [ -94.444713299999989, 32.9539854 ], [ -94.3997077, 32.9539854 ] ], [ [ -98.9002673, 32.9162127 ], [ -98.9002673, 32.878424 ], [ -98.9452729, 32.878424 ], [ -98.9452729, 32.9162127 ], [ -98.9002673, 32.9162127 ] ], [ [ -98.6302337, 32.9162127 ], [ -98.6302337, 32.8406192 ], [ -98.6752393, 32.8406192 ], [ -98.6752393, 32.9162127 ], [ -98.6302337, 32.9162127 ] ], [ [ -98.5402225, 32.9162127 ], [ -98.5402225, 32.878424 ], [ -98.5852281, 32.878424 ], [ -98.5852281, 32.9162127 ], [ -98.5402225, 32.9162127 ] ], [ [ -98.4052058, 32.9162127 ], [ -98.4052058, 32.878424 ], [ -98.4502114, 32.878424 ], [ -98.4502114, 32.9162127 ], [ -98.4052058, 32.9162127 ] ], [ [ -98.000155400000011, 32.9162127 ], [ -98.000155400000011, 32.878424 ], [ -98.090166599999989, 32.878424 ], [ -98.090166599999989, 32.9162127 ], [ -98.000155400000011, 32.9162127 ] ], [ [ -95.70487, 32.9162127 ], [ -95.70487, 32.878424 ], [ -95.7498756, 32.878424 ], [ -95.7498756, 32.9162127 ], [ -95.70487, 32.9162127 ] ], [ [ -95.6148588, 32.9162127 ], [ -95.6148588, 32.878424 ], [ -95.659864399999989, 32.878424 ], [ -95.659864399999989, 32.9162127 ], [ -95.6148588, 32.9162127 ] ], [ [ -98.9452729, 32.878424 ], [ -98.9452729, 32.8406192 ], [ -98.9902785, 32.8406192 ], [ -98.9902785, 32.878424 ], [ -98.9452729, 32.878424 ] ], [ [ -98.7652505, 32.878424 ], [ -98.7652505, 32.8406192 ], [ -98.810256099999989, 32.8406192 ], [ -98.810256099999989, 32.878424 ], [ -98.7652505, 32.878424 ] ], [ [ -98.495217, 32.878424 ], [ -98.495217, 32.7649611 ], [ -98.5402225, 32.7649611 ], [ -98.5402225, 32.8027982 ], [ -98.5852281, 32.8027982 ], [ -98.5852281, 32.8406192 ], [ -98.5402225, 32.8406192 ], [ -98.5402225, 32.878424 ], [ -98.495217, 32.878424 ] ], [ [ -98.3602002, 32.878424 ], [ -98.3602002, 32.8406192 ], [ -98.4052058, 32.8406192 ], [ -98.4052058, 32.878424 ], [ -98.3602002, 32.878424 ] ], [ [ -98.2251834, 32.878424 ], [ -98.2251834, 32.8406192 ], [ -98.270189, 32.8406192 ], [ -98.270189, 32.878424 ], [ -98.2251834, 32.878424 ] ], [ [ -97.0550379, 32.878424 ], [ -97.0550379, 32.8406192 ], [ -97.1450491, 32.8406192 ], [ -97.1450491, 32.8027982 ], [ -97.1900547, 32.8027982 ], [ -97.1900547, 32.878424 ], [ -97.0550379, 32.878424 ] ], [ [ -95.929898, 32.878424 ], [ -95.929898, 32.8406192 ], [ -95.9749036, 32.8406192 ], [ -95.9749036, 32.878424 ], [ -95.929898, 32.878424 ] ], [ [ -95.299819700000015, 32.878424 ], [ -95.299819700000015, 32.8406192 ], [ -95.3448253, 32.8406192 ], [ -95.3448253, 32.878424 ], [ -95.299819700000015, 32.878424 ] ], [ [ -94.6247357, 32.878424 ], [ -94.6247357, 32.8406192 ], [ -94.5797301, 32.8406192 ], [ -94.5797301, 32.8027982 ], [ -94.6697413, 32.8027982 ], [ -94.6697413, 32.878424 ], [ -94.6247357, 32.878424 ] ], [ [ -99.3953289, 32.8406192 ], [ -99.3953289, 32.8027982 ], [ -99.4403345, 32.8027982 ], [ -99.4403345, 32.8406192 ], [ -99.3953289, 32.8406192 ] ], [ [ -98.855261700000014, 32.8406192 ], [ -98.855261700000014, 32.8027982 ], [ -98.9002673, 32.8027982 ], [ -98.9002673, 32.8406192 ], [ -98.855261700000014, 32.8406192 ] ], [ [ -98.4052058, 32.8406192 ], [ -98.4052058, 32.8027982 ], [ -98.4502114, 32.8027982 ], [ -98.4502114, 32.8406192 ], [ -98.4052058, 32.8406192 ] ], [ [ -98.045161, 32.8406192 ], [ -98.045161, 32.8027982 ], [ -98.090166599999989, 32.8027982 ], [ -98.090166599999989, 32.8406192 ], [ -98.045161, 32.8406192 ] ], [ [ -96.9200211, 32.8406192 ], [ -96.9200211, 32.8027982 ], [ -97.0100323, 32.8027982 ], [ -97.0100323, 32.8406192 ], [ -96.9200211, 32.8406192 ] ], [ [ -96.154926, 32.8406192 ], [ -96.154926, 32.8027982 ], [ -96.1999316, 32.8027982 ], [ -96.1999316, 32.8406192 ], [ -96.154926, 32.8406192 ] ], [ [ -94.3547021, 32.8406192 ], [ -94.3547021, 32.8027982 ], [ -94.3997077, 32.8027982 ], [ -94.3997077, 32.8406192 ], [ -94.3547021, 32.8406192 ] ], [ [ -98.3151946, 32.8027982 ], [ -98.3151946, 32.7649611 ], [ -98.3602002, 32.7649611 ], [ -98.3602002, 32.8027982 ], [ -98.3151946, 32.8027982 ] ], [ [ -98.2251834, 32.8027982 ], [ -98.2251834, 32.7649611 ], [ -98.270189, 32.7649611 ], [ -98.270189, 32.8027982 ], [ -98.2251834, 32.8027982 ] ], [ [ -96.0199092, 32.8027982 ], [ -96.0199092, 32.7649611 ], [ -96.0649148, 32.7649611 ], [ -96.0649148, 32.8027982 ], [ -96.0199092, 32.8027982 ] ], [ [ -98.1801778, 32.7649611 ], [ -98.1801778, 32.727108 ], [ -98.2251834, 32.727108 ], [ -98.2251834, 32.7649611 ], [ -98.1801778, 32.7649611 ] ], [ [ -98.000155400000011, 32.7649611 ], [ -98.000155400000011, 32.727108 ], [ -98.045161, 32.727108 ], [ -98.045161, 32.7649611 ], [ -98.000155400000011, 32.7649611 ] ], [ [ -97.1000435, 32.7649611 ], [ -97.1000435, 32.727108 ], [ -97.0550379, 32.727108 ], [ -97.0550379, 32.6892388 ], [ -97.1450491, 32.6892388 ], [ -97.1450491, 32.7649611 ], [ -97.1000435, 32.7649611 ] ], [ [ -97.0100323, 32.7649611 ], [ -97.0100323, 32.727108 ], [ -97.0550379, 32.727108 ], [ -97.0550379, 32.7649611 ], [ -97.0100323, 32.7649611 ] ], [ [ -95.70487, 32.7649611 ], [ -95.70487, 32.727108 ], [ -95.7498756, 32.727108 ], [ -95.7498756, 32.7649611 ], [ -95.70487, 32.7649611 ] ], [ [ -94.8947693, 32.7649611 ], [ -94.8947693, 32.727108 ], [ -94.939774899999989, 32.727108 ], [ -94.939774899999989, 32.7649611 ], [ -94.8947693, 32.7649611 ] ], [ [ -99.0352841, 32.727108 ], [ -99.0352841, 32.6892388 ], [ -99.0802897, 32.6892388 ], [ -99.0802897, 32.727108 ], [ -99.0352841, 32.727108 ] ], [ [ -98.9452729, 32.6892388 ], [ -98.9452729, 32.6513535 ], [ -98.9902785, 32.6513535 ], [ -98.9902785, 32.6892388 ], [ -98.9452729, 32.6892388 ] ], [ [ -98.5402225, 32.6892388 ], [ -98.5402225, 32.6513535 ], [ -98.5852281, 32.6513535 ], [ -98.5852281, 32.6892388 ], [ -98.5402225, 32.6892388 ] ], [ [ -98.3151946, 32.6892388 ], [ -98.3151946, 32.613452099999989 ], [ -98.4052058, 32.613452099999989 ], [ -98.4052058, 32.6513535 ], [ -98.3602002, 32.6513535 ], [ -98.3602002, 32.6892388 ], [ -98.3151946, 32.6892388 ] ], [ [ -98.2251834, 32.6892388 ], [ -98.2251834, 32.6134521 ], [ -98.270189, 32.6134521 ], [ -98.270189, 32.6892388 ], [ -98.2251834, 32.6892388 ] ], [ [ -95.8848924, 32.6892388 ], [ -95.8848924, 32.6513535 ], [ -95.929898, 32.6513535 ], [ -95.929898, 32.6892388 ], [ -95.8848924, 32.6892388 ] ], [ [ -95.3448253, 32.6892388 ], [ -95.3448253, 32.6513535 ], [ -95.3898308, 32.6513535 ], [ -95.3898308, 32.6892388 ], [ -95.3448253, 32.6892388 ] ], [ [ -95.0297861, 32.6892388 ], [ -95.0297861, 32.6513535 ], [ -95.0747917, 32.6513535 ], [ -95.0747917, 32.6892388 ], [ -95.0297861, 32.6892388 ] ], [ [ -94.219685399999989, 32.6892388 ], [ -94.219685399999989, 32.6134521 ], [ -94.1296742, 32.6134521 ], [ -94.1296742, 32.5376013 ], [ -94.264691, 32.5376013 ], [ -94.264691, 32.5755347 ], [ -94.3096965, 32.5755347 ], [ -94.3096965, 32.6134521 ], [ -94.264691, 32.6134521 ], [ -94.264691, 32.6892388 ], [ -94.219685399999989, 32.6892388 ] ], [ [ -98.5852281, 32.6513535 ], [ -98.5852281, 32.6134521 ], [ -98.6302337, 32.6134521 ], [ -98.6302337, 32.6513535 ], [ -98.5852281, 32.6513535 ] ], [ [ -97.5500994, 32.6513535 ], [ -97.5500994, 32.6134521 ], [ -97.5050938, 32.6134521 ], [ -97.5050938, 32.5376013 ], [ -97.5500994, 32.5376013 ], [ -97.5500994, 32.5755347 ], [ -97.6851162, 32.5755347 ], [ -97.6851162, 32.6513535 ], [ -97.5500994, 32.6513535 ] ], [ [ -97.1000435, 32.6513535 ], [ -97.1000435, 32.6134521 ], [ -97.1450491, 32.6134521 ], [ -97.1450491, 32.6513535 ], [ -97.1000435, 32.6513535 ] ], [ [ -95.4348364, 32.6513535 ], [ -95.4348364, 32.6134521 ], [ -95.479842, 32.613452099999989 ], [ -95.479842, 32.6513535 ], [ -95.4348364, 32.6513535 ] ], [ [ -98.7202449, 32.6134521 ], [ -98.7202449, 32.5755347 ], [ -98.810256099999989, 32.5755347 ], [ -98.810256099999989, 32.6134521 ], [ -98.7202449, 32.6134521 ] ], [ [ -98.495217, 32.6134521 ], [ -98.495217, 32.5755347 ], [ -98.5402225, 32.5755347 ], [ -98.5402225, 32.4996518 ], [ -98.5852281, 32.4996518 ], [ -98.5852281, 32.5376013 ], [ -98.6752393, 32.5376013 ], [ -98.6752393, 32.5755347 ], [ -98.5852281, 32.5755347 ], [ -98.5852281, 32.6134521 ], [ -98.495217, 32.6134521 ] ], [ [ -98.270189, 32.6134521 ], [ -98.270189, 32.5755347 ], [ -98.3151946, 32.5755347 ], [ -98.3151946, 32.613452099999989 ], [ -98.270189, 32.6134521 ] ], [ [ -98.000155400000011, 32.6134521 ], [ -98.000155400000011, 32.5755347 ], [ -98.045161, 32.5755347 ], [ -98.045161, 32.6134521 ], [ -98.000155400000011, 32.6134521 ] ], [ [ -95.6148588, 32.6134521 ], [ -95.6148588, 32.5755347 ], [ -95.659864399999989, 32.5755347 ], [ -95.659864399999989, 32.613452099999989 ], [ -95.6148588, 32.6134521 ] ], [ [ -94.5347245, 32.6134521 ], [ -94.5347245, 32.4616863 ], [ -94.5797301, 32.4616863 ], [ -94.5797301, 32.5376013 ], [ -94.6247357, 32.5376013 ], [ -94.6247357, 32.5755347 ], [ -94.6697413, 32.5755347 ], [ -94.6697413, 32.6134521 ], [ -94.5347245, 32.6134521 ] ], [ [ -98.810256099999989, 32.5755347 ], [ -98.810256099999989, 32.5376013 ], [ -98.855261700000014, 32.5376013 ], [ -98.855261700000014, 32.5755347 ], [ -98.810256099999989, 32.5755347 ] ], [ [ -98.3151946, 32.5755347 ], [ -98.3151946, 32.5376013 ], [ -98.3602002, 32.5376013 ], [ -98.3602002, 32.5755347 ], [ -98.3151946, 32.5755347 ] ], [ [ -98.1351722, 32.5755347 ], [ -98.1351722, 32.5376013 ], [ -98.1801778, 32.5376013 ], [ -98.1801778, 32.5755347 ], [ -98.1351722, 32.5755347 ] ], [ [ -97.9551498, 32.5755347 ], [ -97.9551498, 32.5376013 ], [ -98.000155400000011, 32.5376013 ], [ -98.000155400000011, 32.5755347 ], [ -97.9551498, 32.5755347 ] ], [ [ -96.1099204, 32.5755347 ], [ -96.1099204, 32.5376013 ], [ -96.154926, 32.5376013 ], [ -96.154926, 32.5755347 ], [ -96.1099204, 32.5755347 ] ], [ [ -95.4348364, 32.5755347 ], [ -95.4348364, 32.5376013 ], [ -95.479842, 32.5376013 ], [ -95.479842, 32.5755347 ], [ -95.4348364, 32.5755347 ] ], [ [ -94.7147469, 32.5755347 ], [ -94.7147469, 32.4616863 ], [ -94.7597525, 32.4616863 ], [ -94.7597525, 32.4996518 ], [ -94.8047581, 32.4996518 ], [ -94.8047581, 32.5376013 ], [ -94.7597525, 32.5376013 ], [ -94.7597525, 32.5755347 ], [ -94.7147469, 32.5755347 ] ], [ [ -98.4502114, 32.5376013 ], [ -98.4502114, 32.4996518 ], [ -98.495217, 32.4996518 ], [ -98.495217, 32.5376013 ], [ -98.4502114, 32.5376013 ] ], [ [ -98.3602002, 32.5376013 ], [ -98.3602002, 32.4996518 ], [ -98.4052058, 32.4996518 ], [ -98.4052058, 32.5376013 ], [ -98.3602002, 32.5376013 ] ], [ [ -97.4600882, 32.5376013 ], [ -97.4600882, 32.499651799999988 ], [ -97.5050938, 32.4996518 ], [ -97.5050938, 32.5376013 ], [ -97.4600882, 32.5376013 ] ], [ [ -96.0649148, 32.5376013 ], [ -96.0649148, 32.4616863 ], [ -96.1099204, 32.4616863 ], [ -96.1099204, 32.5376013 ], [ -96.0649148, 32.5376013 ] ], [ [ -95.9749036, 32.5376013 ], [ -95.9749036, 32.499651799999988 ], [ -96.0199092, 32.4996518 ], [ -96.0199092, 32.5376013 ], [ -95.9749036, 32.5376013 ] ], [ [ -95.479842, 32.5376013 ], [ -95.479842, 32.4996518 ], [ -95.5248476, 32.4996518 ], [ -95.5248476, 32.5376013 ], [ -95.479842, 32.5376013 ] ], [ [ -95.0747917, 32.5376013 ], [ -95.0747917, 32.4996518 ], [ -95.1648029, 32.4996518 ], [ -95.1648029, 32.5376013 ], [ -95.0747917, 32.5376013 ] ], [ [ -94.6247357, 32.5376013 ], [ -94.6247357, 32.4996518 ], [ -94.6697413, 32.4996518 ], [ -94.6697413, 32.5376013 ], [ -94.6247357, 32.5376013 ] ], [ [ -94.3997077, 32.5376013 ], [ -94.3997077, 32.4996518 ], [ -94.444713299999989, 32.4996518 ], [ -94.444713299999989, 32.5376013 ], [ -94.3997077, 32.5376013 ] ], [ [ -99.305317699999989, 32.499651799999988 ], [ -99.305317699999989, 32.4616863 ], [ -99.3503233, 32.4616863 ], [ -99.3503233, 32.4996518 ], [ -99.305317699999989, 32.499651799999988 ] ], [ [ -98.5852281, 32.4996518 ], [ -98.5852281, 32.4616863 ], [ -98.5402225, 32.4616863 ], [ -98.5402225, 32.4237048 ], [ -98.6302337, 32.4237048 ], [ -98.6302337, 32.499651799999988 ], [ -98.5852281, 32.4996518 ] ], [ [ -97.9101442, 32.4996518 ], [ -97.9101442, 32.4616863 ], [ -97.9551498, 32.4616863 ], [ -97.9551498, 32.4996518 ], [ -97.9101442, 32.4996518 ] ], [ [ -95.299819700000015, 32.499651799999988 ], [ -95.299819700000015, 32.4616863 ], [ -95.3448253, 32.4616863 ], [ -95.3448253, 32.4996518 ], [ -95.299819700000015, 32.499651799999988 ] ], [ [ -94.3096965, 32.4996518 ], [ -94.3096965, 32.4616863 ], [ -94.3547021, 32.4616863 ], [ -94.3547021, 32.4996518 ], [ -94.3096965, 32.4996518 ] ], [ [ -94.219685399999989, 32.4996518 ], [ -94.219685399999989, 32.4616863 ], [ -94.1746798, 32.4616863 ], [ -94.1746798, 32.4237048 ], [ -94.219685399999989, 32.4237048 ], [ -94.219685399999989, 32.3857073 ], [ -94.264691, 32.3857073 ], [ -94.264691, 32.3476938 ], [ -94.3096965, 32.3476938 ], [ -94.3096965, 32.4616863 ], [ -94.264691, 32.4616863 ], [ -94.264691, 32.4996518 ], [ -94.219685399999989, 32.4996518 ] ], [ [ -94.0846686, 32.4996518 ], [ -94.0846686, 32.4616863 ], [ -94.1296742, 32.4616863 ], [ -94.1296742, 32.499651799999988 ], [ -94.0846686, 32.4996518 ] ], [ [ -98.4052058, 32.4616863 ], [ -98.4052058, 32.4237048 ], [ -98.4502114, 32.4237048 ], [ -98.4502114, 32.4616863 ], [ -98.4052058, 32.4616863 ] ], [ [ -94.8947693, 32.4237048 ], [ -94.8947693, 32.3857073 ], [ -94.939774899999989, 32.3857073 ], [ -94.939774899999989, 32.4237048 ], [ -94.8947693, 32.4237048 ] ], [ [ -94.7597525, 32.4237048 ], [ -94.7597525, 32.3857073 ], [ -94.7147469, 32.3857073 ], [ -94.7147469, 32.3476938 ], [ -94.7597525, 32.3476938 ], [ -94.7597525, 32.3096644 ], [ -94.8047581, 32.3096644 ], [ -94.8047581, 32.4237048 ], [ -94.7597525, 32.4237048 ] ], [ [ -94.6247357, 32.4237048 ], [ -94.6247357, 32.3857073 ], [ -94.5797301, 32.3857073 ], [ -94.5797301, 32.3476938 ], [ -94.5347245, 32.3476938 ], [ -94.5347245, 32.2716189 ], [ -94.5797301, 32.2716189 ], [ -94.5797301, 32.3096644 ], [ -94.6697413, 32.3096644 ], [ -94.6697413, 32.2716189 ], [ -94.7147469, 32.2716189 ], [ -94.7147469, 32.3476938 ], [ -94.6697413, 32.3476938 ], [ -94.6697413, 32.4237048 ], [ -94.6247357, 32.4237048 ] ], [ [ -98.495217, 32.3857073 ], [ -98.495217, 32.3476938 ], [ -98.5852281, 32.3476938 ], [ -98.5852281, 32.3857073 ], [ -98.495217, 32.3857073 ] ], [ [ -96.2449372, 32.3857073 ], [ -96.2449372, 32.3476938 ], [ -96.2899428, 32.3476938 ], [ -96.2899428, 32.3857073 ], [ -96.2449372, 32.3857073 ] ], [ [ -96.0199092, 32.3857073 ], [ -96.0199092, 32.3476938 ], [ -96.0649148, 32.3476938 ], [ -96.0649148, 32.3857073 ], [ -96.0199092, 32.3857073 ] ], [ [ -95.299819700000015, 32.3857073 ], [ -95.299819700000015, 32.3096644 ], [ -95.3448253, 32.3096644 ], [ -95.3448253, 32.3857073 ], [ -95.299819700000015, 32.3857073 ] ], [ [ -94.9847805, 32.3857073 ], [ -94.9847805, 32.3476938 ], [ -95.0297861, 32.3476938 ], [ -95.0297861, 32.3857073 ], [ -94.9847805, 32.3857073 ] ], [ [ -94.8497637, 32.3857073 ], [ -94.8497637, 32.3476938 ], [ -94.8947693, 32.3476938 ], [ -94.8947693, 32.3857073 ], [ -94.8497637, 32.3857073 ] ], [ [ -94.3997077, 32.3857073 ], [ -94.3997077, 32.3476938 ], [ -94.3547021, 32.3476938 ], [ -94.3547021, 32.3096644 ], [ -94.444713299999989, 32.3096644 ], [ -94.444713299999989, 32.3857073 ], [ -94.3997077, 32.3857073 ] ], [ [ -97.5500994, 32.3476938 ], [ -97.5500994, 32.3096644 ], [ -97.595105, 32.3096644 ], [ -97.595105, 32.3476938 ], [ -97.5500994, 32.3476938 ] ], [ [ -95.659864399999989, 32.3476938 ], [ -95.659864399999989, 32.3096644 ], [ -95.70487, 32.3096644 ], [ -95.70487, 32.3476938 ], [ -95.659864399999989, 32.3476938 ] ], [ [ -95.0747917, 32.3476938 ], [ -95.0747917, 32.3096644 ], [ -95.1197973, 32.3096644 ], [ -95.1197973, 32.3476938 ], [ -95.0747917, 32.3476938 ] ], [ [ -94.219685399999989, 32.3476938 ], [ -94.219685399999989, 32.3096644 ], [ -94.264691, 32.3096644 ], [ -94.264691, 32.3476938 ], [ -94.219685399999989, 32.3476938 ] ], [ [ -96.1099204, 32.3096644 ], [ -96.1099204, 32.2716189 ], [ -96.154926, 32.2716189 ], [ -96.154926, 32.3096644 ], [ -96.1099204, 32.3096644 ] ], [ [ -95.2548141, 32.3096644 ], [ -95.2548141, 32.2716189 ], [ -95.299819700000015, 32.2716189 ], [ -95.299819700000015, 32.3096644 ], [ -95.2548141, 32.3096644 ] ], [ [ -95.0297861, 32.3096644 ], [ -95.0297861, 32.2716189 ], [ -95.0747917, 32.2716189 ], [ -95.0747917, 32.3096644 ], [ -95.0297861, 32.3096644 ] ], [ [ -94.264691, 32.3096644 ], [ -94.264691, 32.2335575 ], [ -94.3547021, 32.2335575 ], [ -94.3547021, 32.2716189 ], [ -94.3096965, 32.2716189 ], [ -94.3096965, 32.3096644 ], [ -94.264691, 32.3096644 ] ], [ [ -95.4348364, 32.2716189 ], [ -95.4348364, 32.2335575 ], [ -95.479842, 32.2335575 ], [ -95.479842, 32.2716189 ], [ -95.4348364, 32.2716189 ] ], [ [ -95.1648029, 32.2716189 ], [ -95.1648029, 32.2335575 ], [ -95.2098085, 32.2335575 ], [ -95.2098085, 32.2716189 ], [ -95.1648029, 32.2716189 ] ], [ [ -94.7597525, 32.2716189 ], [ -94.7597525, 32.2335575 ], [ -94.7147469, 32.2335575 ], [ -94.7147469, 32.1954802 ], [ -94.8497637, 32.1954802 ], [ -94.8497637, 32.2335575 ], [ -94.8047581, 32.2335575 ], [ -94.8047581, 32.2716189 ], [ -94.7597525, 32.2716189 ] ], [ [ -94.3997077, 32.2716189 ], [ -94.3997077, 32.2335575 ], [ -94.444713299999989, 32.2335575 ], [ -94.444713299999989, 32.2716189 ], [ -94.3997077, 32.2716189 ] ], [ [ -97.7301218, 32.2335575 ], [ -97.7301218, 32.1954802 ], [ -97.775127400000017, 32.1954802 ], [ -97.775127400000017, 32.2335575 ], [ -97.7301218, 32.2335575 ] ], [ [ -96.0649148, 32.2335575 ], [ -96.0649148, 32.1954802 ], [ -96.1099204, 32.1954802 ], [ -96.1099204, 32.2335575 ], [ -96.0649148, 32.2335575 ] ], [ [ -95.3898308, 32.2335575 ], [ -95.3898308, 32.1954802 ], [ -95.4348364, 32.1954802 ], [ -95.4348364, 32.2335575 ], [ -95.3898308, 32.2335575 ] ], [ [ -95.2548141, 32.2335575 ], [ -95.2548141, 32.1954802 ], [ -95.299819700000015, 32.1954802 ], [ -95.299819700000015, 32.2335575 ], [ -95.2548141, 32.2335575 ] ], [ [ -95.0747917, 32.2335575 ], [ -95.0747917, 32.1954802 ], [ -95.1197973, 32.1954802 ], [ -95.1197973, 32.2335575 ], [ -95.0747917, 32.2335575 ] ], [ [ -94.939774899999989, 32.2335575 ], [ -94.939774899999989, 32.1573869 ], [ -94.9847805, 32.1573869 ], [ -94.9847805, 32.1954802 ], [ -95.0297861, 32.1954802 ], [ -95.0297861, 32.2335575 ], [ -94.939774899999989, 32.2335575 ] ], [ [ -94.6247357, 32.2335575 ], [ -94.6247357, 32.1954802 ], [ -94.6697413, 32.1954802 ], [ -94.6697413, 32.2335575 ], [ -94.6247357, 32.2335575 ] ], [ [ -98.810256099999989, 32.1954802 ], [ -98.810256099999989, 32.1573869 ], [ -98.855261700000014, 32.1573869 ], [ -98.855261700000014, 32.1954802 ], [ -98.810256099999989, 32.1954802 ] ], [ [ -97.595105, 32.1954802 ], [ -97.595105, 32.1573869 ], [ -97.6401106, 32.1573869 ], [ -97.6401106, 32.1954802 ], [ -97.595105, 32.1954802 ] ], [ [ -95.70487, 32.1954802 ], [ -95.70487, 32.1192777 ], [ -95.7498756, 32.1192777 ], [ -95.7498756, 32.1954802 ], [ -95.70487, 32.1954802 ] ], [ [ -95.4348364, 32.1954802 ], [ -95.4348364, 32.1192777 ], [ -95.479842, 32.1192777 ], [ -95.479842, 32.1573869 ], [ -95.5248476, 32.1573869 ], [ -95.5248476, 32.1954802 ], [ -95.4348364, 32.1954802 ] ], [ [ -95.0297861, 32.1954802 ], [ -95.0297861, 32.1573869 ], [ -95.0747917, 32.1573869 ], [ -95.0747917, 32.1954802 ], [ -95.0297861, 32.1954802 ] ], [ [ -94.3997077, 32.1954802 ], [ -94.3997077, 32.1192777 ], [ -94.444713299999989, 32.1192777 ], [ -94.444713299999989, 32.1573869 ], [ -94.5347245, 32.1573869 ], [ -94.5347245, 32.1954802 ], [ -94.3997077, 32.1954802 ] ], [ [ -97.820133, 32.1573869 ], [ -97.820133, 32.1192777 ], [ -97.8651386, 32.1192777 ], [ -97.8651386, 32.1573869 ], [ -97.820133, 32.1573869 ] ], [ [ -95.2098085, 32.1573869 ], [ -95.2098085, 32.1192777 ], [ -95.2548141, 32.1192777 ], [ -95.2548141, 32.1573869 ], [ -95.2098085, 32.1573869 ] ], [ [ -94.8947693, 32.1573869 ], [ -94.8947693, 32.1192777 ], [ -94.939774899999989, 32.1192777 ], [ -94.939774899999989, 32.1573869 ], [ -94.8947693, 32.1573869 ] ], [ [ -94.5347245, 32.1573869 ], [ -94.5347245, 32.1192777 ], [ -94.5797301, 32.1192777 ], [ -94.5797301, 32.1573869 ], [ -94.5347245, 32.1573869 ] ], [ [ -102.6807374, 32.1192777 ], [ -102.6807374, 32.0811525 ], [ -102.725743, 32.0811525 ], [ -102.725743, 32.1192777 ], [ -102.6807374, 32.1192777 ] ], [ [ -95.8848924, 32.1192777 ], [ -95.8848924, 32.0811525 ], [ -95.929898, 32.0811525 ], [ -95.929898, 32.1192777 ], [ -95.8848924, 32.1192777 ] ], [ [ -95.1197973, 32.1192777 ], [ -95.1197973, 32.0811525 ], [ -95.1648029, 32.0811525 ], [ -95.1648029, 32.1192777 ], [ -95.1197973, 32.1192777 ] ], [ [ -94.939774899999989, 32.1192777 ], [ -94.939774899999989, 32.0811525 ], [ -94.9847805, 32.0811525 ], [ -94.9847805, 32.1192777 ], [ -94.939774899999989, 32.1192777 ] ], [ [ -102.7707485, 32.0811525 ], [ -102.7707485, 32.0430115 ], [ -102.8157541, 32.0430115 ], [ -102.8157541, 32.0811525 ], [ -102.7707485, 32.0811525 ] ], [ [ -102.5907262, 32.0811525 ], [ -102.5907262, 32.0430115 ], [ -102.6807374, 32.0430115 ], [ -102.6807374, 32.0811525 ], [ -102.5907262, 32.0811525 ] ], [ [ -100.4754632, 32.0811525 ], [ -100.4754632, 32.0430115 ], [ -100.520468799999989, 32.0430115 ], [ -100.520468799999989, 32.0811525 ], [ -100.4754632, 32.0811525 ] ], [ [ -97.595105, 32.0811525 ], [ -97.595105, 32.0430115 ], [ -97.6401106, 32.0430115 ], [ -97.6401106, 32.0811525 ], [ -97.595105, 32.0811525 ] ], [ [ -97.4150827, 32.0811525 ], [ -97.4150827, 32.0430115 ], [ -97.4600882, 32.0430115 ], [ -97.4600882, 32.0811525 ], [ -97.4150827, 32.0811525 ] ], [ [ -102.6807374, 32.0430115 ], [ -102.6807374, 31.928493 ], [ -102.6357318, 31.928493 ], [ -102.6357318, 31.852068 ], [ -102.6807374, 31.852068 ], [ -102.6807374, 31.8902884 ], [ -102.725743, 31.8902884 ], [ -102.725743, 31.928493 ], [ -102.7707485, 31.928493 ], [ -102.7707485, 32.0430115 ], [ -102.6807374, 32.0430115 ] ], [ [ -94.8047581, 32.0430115 ], [ -94.8047581, 32.0048546 ], [ -94.8497637, 32.0048546 ], [ -94.8497637, 32.0430115 ], [ -94.8047581, 32.0430115 ] ], [ [ -102.8157541, 32.0048546 ], [ -102.8157541, 31.9666817 ], [ -102.860759699999988, 31.9666817 ], [ -102.860759699999988, 32.0048546 ], [ -102.8157541, 32.0048546 ] ], [ [ -102.5457206, 32.0048546 ], [ -102.5457206, 31.9666817 ], [ -102.5907262, 31.9666817 ], [ -102.5907262, 32.0048546 ], [ -102.5457206, 32.0048546 ] ], [ [ -102.4107038, 32.0048546 ], [ -102.4107038, 31.9666817 ], [ -102.4557094, 31.9666817 ], [ -102.4557094, 32.0048546 ], [ -102.4107038, 32.0048546 ] ], [ [ -99.0802897, 32.0048546 ], [ -99.0802897, 31.9666817 ], [ -99.1252953, 31.9666817 ], [ -99.1252953, 32.0048546 ], [ -99.0802897, 32.0048546 ] ], [ [ -97.9101442, 32.0048546 ], [ -97.9101442, 31.9666817 ], [ -97.9551498, 31.9666817 ], [ -97.9551498, 32.0048546 ], [ -97.9101442, 32.0048546 ] ], [ [ -97.6401106, 32.0048546 ], [ -97.6401106, 31.9666817 ], [ -97.6851162, 31.9666817 ], [ -97.6851162, 32.0048546 ], [ -97.6401106, 32.0048546 ] ], [ [ -97.4600882, 32.0048546 ], [ -97.4600882, 31.9666817 ], [ -97.5050938, 31.9666817 ], [ -97.5050938, 32.0048546 ], [ -97.4600882, 32.0048546 ] ], [ [ -103.4008269, 31.9666817 ], [ -103.4008269, 31.8902884 ], [ -103.5358437, 31.8902884 ], [ -103.5358437, 31.928493 ], [ -103.4458325, 31.928493 ], [ -103.4458325, 31.9666817 ], [ -103.4008269, 31.9666817 ] ], [ [ -100.9705247, 31.9666817 ], [ -100.9705247, 31.928493 ], [ -101.0155303, 31.928493 ], [ -101.0155303, 31.9666817 ], [ -100.9705247, 31.9666817 ] ], [ [ -97.775127400000017, 31.9666817 ], [ -97.775127400000017, 31.928493 ], [ -97.820133, 31.928493 ], [ -97.820133, 31.9666817 ], [ -97.775127400000017, 31.9666817 ] ], [ [ -97.6851162, 31.9666817 ], [ -97.6851162, 31.928493 ], [ -97.7301218, 31.928493 ], [ -97.7301218, 31.9666817 ], [ -97.6851162, 31.9666817 ] ], [ [ -97.5050938, 31.9666817 ], [ -97.5050938, 31.928493 ], [ -97.5500994, 31.928493 ], [ -97.5500994, 31.9666817 ], [ -97.5050938, 31.9666817 ] ], [ [ -96.154926, 31.9666817 ], [ -96.154926, 31.928493 ], [ -96.2449372, 31.928493 ], [ -96.2449372, 31.9666817 ], [ -96.154926, 31.9666817 ] ], [ [ -95.2098085, 31.9666817 ], [ -95.2098085, 31.928493 ], [ -95.2548141, 31.928493 ], [ -95.2548141, 31.9666817 ], [ -95.2098085, 31.9666817 ] ], [ [ -95.0297861, 31.9666817 ], [ -95.0297861, 31.928493 ], [ -95.0747917, 31.928493 ], [ -95.0747917, 31.9666817 ], [ -95.0297861, 31.9666817 ] ], [ [ -102.4557094, 31.928493 ], [ -102.4557094, 31.8902884 ], [ -102.500715, 31.8902884 ], [ -102.500715, 31.928493 ], [ -102.4557094, 31.928493 ] ], [ [ -97.5500994, 31.928493 ], [ -97.5500994, 31.8902884 ], [ -97.595105, 31.8902884 ], [ -97.595105, 31.928493 ], [ -97.5500994, 31.928493 ] ], [ [ -97.4150827, 31.928493 ], [ -97.4150827, 31.8902884 ], [ -97.4600882, 31.8902884 ], [ -97.4600882, 31.928493 ], [ -97.4150827, 31.928493 ] ], [ [ -95.5698532, 31.928493 ], [ -95.5698532, 31.8902884 ], [ -95.6148588, 31.8902884 ], [ -95.6148588, 31.928493 ], [ -95.5698532, 31.928493 ] ], [ [ -103.76087170000001, 31.8902884 ], [ -103.76087170000001, 31.852068 ], [ -103.7158661, 31.852068 ], [ -103.7158661, 31.7755796 ], [ -103.76087170000001, 31.7755796 ], [ -103.76087170000001, 31.8138317 ], [ -103.8058772, 31.8138317 ], [ -103.8058772, 31.8902884 ], [ -103.76087170000001, 31.8902884 ] ], [ [ -103.5358437, 31.8902884 ], [ -103.5358437, 31.852068 ], [ -103.5808493, 31.852068 ], [ -103.5808493, 31.8902884 ], [ -103.5358437, 31.8902884 ] ], [ [ -102.5457206, 31.8902884 ], [ -102.5457206, 31.852068 ], [ -102.5907262, 31.852068 ], [ -102.5907262, 31.8902884 ], [ -102.5457206, 31.8902884 ] ], [ [ -97.6401106, 31.8902884 ], [ -97.6401106, 31.852068 ], [ -97.7301218, 31.852068 ], [ -97.7301218, 31.8902884 ], [ -97.6401106, 31.8902884 ] ], [ [ -96.379954, 31.8902884 ], [ -96.379954, 31.852068 ], [ -96.4249595, 31.852068 ], [ -96.4249595, 31.8902884 ], [ -96.379954, 31.8902884 ] ], [ [ -95.5248476, 31.8902884 ], [ -95.5248476, 31.852068 ], [ -95.5698532, 31.852068 ], [ -95.5698532, 31.8902884 ], [ -95.5248476, 31.8902884 ] ], [ [ -95.3448253, 31.8902884 ], [ -95.3448253, 31.8138317 ], [ -95.4348364, 31.8138317 ], [ -95.4348364, 31.7755796 ], [ -95.479842, 31.7755796 ], [ -95.479842, 31.852068 ], [ -95.4348364, 31.852068 ], [ -95.4348364, 31.8902884 ], [ -95.3448253, 31.8902884 ] ], [ [ -102.725743, 31.852068 ], [ -102.725743, 31.7755796 ], [ -102.8157541, 31.7755796 ], [ -102.8157541, 31.852068 ], [ -102.725743, 31.852068 ] ], [ [ -98.7202449, 31.852068 ], [ -98.7202449, 31.8138317 ], [ -98.7652505, 31.8138317 ], [ -98.7652505, 31.852068 ], [ -98.7202449, 31.852068 ] ], [ [ -95.659864399999989, 31.852068 ], [ -95.659864399999989, 31.8138317 ], [ -95.70487, 31.8138317 ], [ -95.70487, 31.852068 ], [ -95.659864399999989, 31.852068 ] ], [ [ -95.0297861, 31.852068 ], [ -95.0297861, 31.8138317 ], [ -95.0747917, 31.8138317 ], [ -95.0747917, 31.852068 ], [ -95.0297861, 31.852068 ] ], [ [ -104.4359556, 31.8138317 ], [ -104.4359556, 31.7755796 ], [ -104.4809612, 31.7755796 ], [ -104.4809612, 31.8138317 ], [ -104.4359556, 31.8138317 ] ], [ [ -103.8508828, 31.8138317 ], [ -103.8508828, 31.7373117 ], [ -103.8958884, 31.7373117 ], [ -103.8958884, 31.8138317 ], [ -103.8508828, 31.8138317 ] ], [ [ -103.4908381, 31.8138317 ], [ -103.4908381, 31.7755796 ], [ -103.5358437, 31.7755796 ], [ -103.5358437, 31.8138317 ], [ -103.4908381, 31.8138317 ] ], [ [ -103.4008269, 31.8138317 ], [ -103.4008269, 31.7755796 ], [ -103.4458325, 31.7755796 ], [ -103.4458325, 31.8138317 ], [ -103.4008269, 31.8138317 ] ], [ [ -103.3108157, 31.8138317 ], [ -103.3108157, 31.7755796 ], [ -103.3558213, 31.7755796 ], [ -103.3558213, 31.8138317 ], [ -103.3108157, 31.8138317 ] ], [ [ -103.1307933, 31.8138317 ], [ -103.1307933, 31.7755796 ], [ -103.1757989, 31.7755796 ], [ -103.1757989, 31.8138317 ], [ -103.1307933, 31.8138317 ] ], [ [ -102.9507709, 31.8138317 ], [ -102.9507709, 31.7755796 ], [ -102.9957765, 31.7755796 ], [ -102.9957765, 31.8138317 ], [ -102.9507709, 31.8138317 ] ], [ [ -102.5907262, 31.8138317 ], [ -102.5907262, 31.6607283 ], [ -102.6357318, 31.6607283 ], [ -102.6357318, 31.7373117 ], [ -102.725743, 31.7373117 ], [ -102.725743, 31.7755796 ], [ -102.6807374, 31.7755796 ], [ -102.6807374, 31.8138317 ], [ -102.5907262, 31.8138317 ] ], [ [ -100.7905023, 31.8138317 ], [ -100.7905023, 31.7755796 ], [ -100.8355079, 31.7755796 ], [ -100.8355079, 31.8138317 ], [ -100.7905023, 31.8138317 ] ], [ [ -98.045161, 31.8138317 ], [ -98.045161, 31.7755796 ], [ -98.090166599999989, 31.7755796 ], [ -98.090166599999989, 31.8138317 ], [ -98.045161, 31.8138317 ] ], [ [ -97.7301218, 31.8138317 ], [ -97.7301218, 31.7755796 ], [ -97.6851162, 31.7755796 ], [ -97.6851162, 31.7373117 ], [ -97.7301218, 31.7373117 ], [ -97.7301218, 31.6990279 ], [ -97.775127400000017, 31.6990279 ], [ -97.775127400000017, 31.8138317 ], [ -97.7301218, 31.8138317 ] ], [ [ -97.6401106, 31.8138317 ], [ -97.6401106, 31.7755796 ], [ -97.6851162, 31.7755796 ], [ -97.6851162, 31.8138317 ], [ -97.6401106, 31.8138317 ] ], [ [ -95.6148588, 31.8138317 ], [ -95.6148588, 31.7373117 ], [ -95.659864399999989, 31.7373117 ], [ -95.659864399999989, 31.8138317 ], [ -95.6148588, 31.8138317 ] ], [ [ -104.3459444, 31.7755796 ], [ -104.3459444, 31.7373117 ], [ -104.39095, 31.7373117 ], [ -104.39095, 31.7755796 ], [ -104.3459444, 31.7755796 ] ], [ [ -104.0309052, 31.7755796 ], [ -104.0309052, 31.7373117 ], [ -104.075910799999988, 31.7373117 ], [ -104.075910799999988, 31.7755796 ], [ -104.0309052, 31.7755796 ] ], [ [ -102.9957765, 31.7755796 ], [ -102.9957765, 31.7373117 ], [ -103.0407821, 31.7373117 ], [ -103.0407821, 31.6607283 ], [ -103.1307933, 31.6607283 ], [ -103.1307933, 31.6990279 ], [ -103.1757989, 31.6990279 ], [ -103.1757989, 31.7373117 ], [ -103.085787700000012, 31.7373117 ], [ -103.085787700000012, 31.7755796 ], [ -102.9957765, 31.7755796 ] ], [ [ -96.4249595, 31.7755796 ], [ -96.4249595, 31.7373117 ], [ -96.46996510000001, 31.7373117 ], [ -96.46996510000001, 31.7755796 ], [ -96.4249595, 31.7755796 ] ], [ [ -95.2548141, 31.7755796 ], [ -95.2548141, 31.7373117 ], [ -95.299819700000015, 31.7373117 ], [ -95.299819700000015, 31.7755796 ], [ -95.2548141, 31.7755796 ] ], [ [ -95.0747917, 31.7755796 ], [ -95.0747917, 31.7373117 ], [ -95.1197973, 31.7373117 ], [ -95.1197973, 31.7755796 ], [ -95.0747917, 31.7755796 ] ], [ [ -104.165922, 31.7373117 ], [ -104.165922, 31.6990279 ], [ -104.2109276, 31.6990279 ], [ -104.2109276, 31.7373117 ], [ -104.165922, 31.7373117 ] ], [ [ -103.8958884, 31.7373117 ], [ -103.8958884, 31.6990279 ], [ -103.8058772, 31.6990279 ], [ -103.8058772, 31.622413 ], [ -103.8508828, 31.622413 ], [ -103.8508828, 31.6607283 ], [ -103.8958884, 31.6607283 ], [ -103.8958884, 31.5840818 ], [ -103.8508828, 31.5840818 ], [ -103.8508828, 31.5457349 ], [ -103.8058772, 31.5457349 ], [ -103.8058772, 31.5840818 ], [ -103.76087170000001, 31.5840818 ], [ -103.76087170000001, 31.6607283 ], [ -103.7158661, 31.6607283 ], [ -103.7158661, 31.622413 ], [ -103.670860499999989, 31.622413 ], [ -103.670860499999989, 31.6607283 ], [ -103.5808493, 31.6607283 ], [ -103.5808493, 31.5457349 ], [ -103.6258549, 31.5457349 ], [ -103.6258549, 31.5073723 ], [ -103.670860499999989, 31.5073723 ], [ -103.670860499999989, 31.4689938 ], [ -103.7158661, 31.4689938 ], [ -103.7158661, 31.3921898 ], [ -103.76087170000001, 31.3921898 ], [ -103.76087170000001, 31.4689938 ], [ -103.8058772, 31.4689938 ], [ -103.8058772, 31.4305997 ], [ -103.8508828, 31.4305997 ], [ -103.8508828, 31.4689938 ], [ -103.8958884, 31.4689938 ], [ -103.8958884, 31.5457349 ], [ -103.940894, 31.5457349 ], [ -103.940894, 31.6607283 ], [ -103.9858996, 31.6607283 ], [ -103.9858996, 31.7373117 ], [ -103.8958884, 31.7373117 ] ], [ [ -103.5808493, 31.7373117 ], [ -103.5808493, 31.6990279 ], [ -103.7158661, 31.6990279 ], [ -103.7158661, 31.7373117 ], [ -103.5808493, 31.7373117 ] ], [ [ -103.3558213, 31.7373117 ], [ -103.3558213, 31.6990279 ], [ -103.4008269, 31.6990279 ], [ -103.4008269, 31.7373117 ], [ -103.3558213, 31.7373117 ] ], [ [ -102.725743, 31.7373117 ], [ -102.725743, 31.6990279 ], [ -102.8157541, 31.6990279 ], [ -102.8157541, 31.7373117 ], [ -102.725743, 31.7373117 ] ], [ [ -98.5852281, 31.7373117 ], [ -98.5852281, 31.6990279 ], [ -98.6302337, 31.6990279 ], [ -98.6302337, 31.7373117 ], [ -98.5852281, 31.7373117 ] ], [ [ -96.3349484, 31.7373117 ], [ -96.3349484, 31.6990279 ], [ -96.4249595, 31.6990279 ], [ -96.4249595, 31.7373117 ], [ -96.3349484, 31.7373117 ] ], [ [ -96.1099204, 31.7373117 ], [ -96.1099204, 31.6990279 ], [ -96.154926, 31.6990279 ], [ -96.154926, 31.7373117 ], [ -96.1099204, 31.7373117 ] ], [ [ -95.929898, 31.7373117 ], [ -95.929898, 31.6990279 ], [ -95.9749036, 31.6990279 ], [ -95.9749036, 31.7373117 ], [ -95.929898, 31.7373117 ] ], [ [ -95.659864399999989, 31.7373117 ], [ -95.659864399999989, 31.6990279 ], [ -95.70487, 31.6990279 ], [ -95.70487, 31.7373117 ], [ -95.659864399999989, 31.7373117 ] ], [ [ -95.479842, 31.7373117 ], [ -95.479842, 31.6990279 ], [ -95.5248476, 31.6990279 ], [ -95.5248476, 31.7373117 ], [ -95.479842, 31.7373117 ] ], [ [ -94.939774899999989, 31.7373117 ], [ -94.939774899999989, 31.6990279 ], [ -94.9847805, 31.6990279 ], [ -94.9847805, 31.7373117 ], [ -94.939774899999989, 31.7373117 ] ], [ [ -104.0309052, 31.6990279 ], [ -104.0309052, 31.6607283 ], [ -103.9858996, 31.6607283 ], [ -103.9858996, 31.5840818 ], [ -104.075910799999988, 31.5840818 ], [ -104.075910799999988, 31.5457349 ], [ -104.1209164, 31.5457349 ], [ -104.1209164, 31.5840818 ], [ -104.2109276, 31.5840818 ], [ -104.2109276, 31.622413 ], [ -104.1209164, 31.622413 ], [ -104.1209164, 31.6990279 ], [ -104.0309052, 31.6990279 ] ], [ [ -103.5358437, 31.6990279 ], [ -103.5358437, 31.6607283 ], [ -103.5808493, 31.6607283 ], [ -103.5808493, 31.6990279 ], [ -103.5358437, 31.6990279 ] ], [ [ -103.4458325, 31.6990279 ], [ -103.4458325, 31.6607283 ], [ -103.4008269, 31.6607283 ], [ -103.4008269, 31.622413 ], [ -103.4908381, 31.622413 ], [ -103.4908381, 31.6990279 ], [ -103.4458325, 31.6990279 ] ], [ [ -98.855261700000014, 31.6990279 ], [ -98.855261700000014, 31.6607283 ], [ -98.9002673, 31.6607283 ], [ -98.9002673, 31.6990279 ], [ -98.855261700000014, 31.6990279 ] ], [ [ -97.820133, 31.6990279 ], [ -97.820133, 31.6607283 ], [ -97.8651386, 31.6607283 ], [ -97.8651386, 31.6990279 ], [ -97.820133, 31.6990279 ] ], [ [ -97.6851162, 31.6990279 ], [ -97.6851162, 31.6607283 ], [ -97.7301218, 31.6607283 ], [ -97.7301218, 31.6990279 ], [ -97.6851162, 31.6990279 ] ], [ [ -97.5500994, 31.6990279 ], [ -97.5500994, 31.6607283 ], [ -97.595105, 31.6607283 ], [ -97.595105, 31.6990279 ], [ -97.5500994, 31.6990279 ] ], [ [ -95.299819700000015, 31.6990279 ], [ -95.299819700000015, 31.6607283 ], [ -95.3448253, 31.6607283 ], [ -95.3448253, 31.6990279 ], [ -95.299819700000015, 31.6990279 ] ], [ [ -104.4359556, 31.6607283 ], [ -104.4359556, 31.622413 ], [ -104.4809612, 31.622413 ], [ -104.4809612, 31.6607283 ], [ -104.4359556, 31.6607283 ] ], [ [ -104.3009388, 31.6607283 ], [ -104.3009388, 31.5840818 ], [ -104.3459444, 31.5840818 ], [ -104.3459444, 31.6607283 ], [ -104.3009388, 31.6607283 ] ], [ [ -102.9957765, 31.6607283 ], [ -102.9957765, 31.622413 ], [ -103.0407821, 31.622413 ], [ -103.0407821, 31.6607283 ], [ -102.9957765, 31.6607283 ] ], [ [ -102.9057653, 31.6607283 ], [ -102.9057653, 31.622413 ], [ -102.9507709, 31.622413 ], [ -102.9507709, 31.6607283 ], [ -102.9057653, 31.6607283 ] ], [ [ -102.6357318, 31.6607283 ], [ -102.6357318, 31.622413 ], [ -102.725743, 31.622413 ], [ -102.725743, 31.5840818 ], [ -102.7707485, 31.5840818 ], [ -102.7707485, 31.6607283 ], [ -102.6357318, 31.6607283 ] ], [ [ -100.8355079, 31.6607283 ], [ -100.8355079, 31.622413 ], [ -100.8805135, 31.622413 ], [ -100.8805135, 31.6607283 ], [ -100.8355079, 31.6607283 ] ], [ [ -97.595105, 31.6607283 ], [ -97.595105, 31.622413 ], [ -97.6401106, 31.622413 ], [ -97.6401106, 31.6607283 ], [ -97.595105, 31.6607283 ] ], [ [ -95.5248476, 31.6607283 ], [ -95.5248476, 31.622413 ], [ -95.5698532, 31.622413 ], [ -95.5698532, 31.6607283 ], [ -95.5248476, 31.6607283 ] ], [ [ -95.2548141, 31.6607283 ], [ -95.2548141, 31.622413 ], [ -95.299819700000015, 31.622413 ], [ -95.299819700000015, 31.6607283 ], [ -95.2548141, 31.6607283 ] ], [ [ -103.4908381, 31.622413 ], [ -103.4908381, 31.5457349 ], [ -103.5358437, 31.5457349 ], [ -103.5358437, 31.622413 ], [ -103.4908381, 31.622413 ] ], [ [ -103.0407821, 31.622413 ], [ -103.0407821, 31.5840818 ], [ -103.085787700000012, 31.5840818 ], [ -103.085787700000012, 31.622413 ], [ -103.0407821, 31.622413 ] ], [ [ -102.8157541, 31.622413 ], [ -102.8157541, 31.5840818 ], [ -102.860759699999988, 31.5840818 ], [ -102.860759699999988, 31.622413 ], [ -102.8157541, 31.622413 ] ], [ [ -98.7652505, 31.622413 ], [ -98.7652505, 31.5840818 ], [ -98.810256099999989, 31.5840818 ], [ -98.810256099999989, 31.622413 ], [ -98.7652505, 31.622413 ] ], [ [ -97.6401106, 31.622413 ], [ -97.6401106, 31.5840818 ], [ -97.6851162, 31.5840818 ], [ -97.6851162, 31.622413 ], [ -97.6401106, 31.622413 ] ], [ [ -96.2899428, 31.622413 ], [ -96.2899428, 31.5840818 ], [ -96.3349484, 31.5840818 ], [ -96.3349484, 31.622413 ], [ -96.2899428, 31.622413 ] ], [ [ -104.2109276, 31.5840818 ], [ -104.2109276, 31.5457349 ], [ -104.3009388, 31.5457349 ], [ -104.3009388, 31.5840818 ], [ -104.2109276, 31.5840818 ] ], [ [ -103.3558213, 31.5840818 ], [ -103.3558213, 31.5457349 ], [ -103.4008269, 31.5457349 ], [ -103.4008269, 31.5840818 ], [ -103.3558213, 31.5840818 ] ], [ [ -102.7707485, 31.5840818 ], [ -102.7707485, 31.5457349 ], [ -102.8157541, 31.5457349 ], [ -102.8157541, 31.5840818 ], [ -102.7707485, 31.5840818 ] ], [ [ -102.6357318, 31.5840818 ], [ -102.6357318, 31.5457349 ], [ -102.6807374, 31.5457349 ], [ -102.6807374, 31.5840818 ], [ -102.6357318, 31.5840818 ] ], [ [ -100.8355079, 31.5840818 ], [ -100.8355079, 31.5457349 ], [ -100.8805135, 31.5457349 ], [ -100.8805135, 31.5840818 ], [ -100.8355079, 31.5840818 ] ], [ [ -98.7202449, 31.5840818 ], [ -98.7202449, 31.5457349 ], [ -98.7652505, 31.5457349 ], [ -98.7652505, 31.5840818 ], [ -98.7202449, 31.5840818 ] ], [ [ -98.270189, 31.5840818 ], [ -98.270189, 31.5457349 ], [ -98.3151946, 31.5457349 ], [ -98.3151946, 31.5840818 ], [ -98.270189, 31.5840818 ] ], [ [ -97.6851162, 31.5840818 ], [ -97.6851162, 31.5073723 ], [ -97.7301218, 31.5073723 ], [ -97.7301218, 31.5840818 ], [ -97.6851162, 31.5840818 ] ], [ [ -95.9749036, 31.5840818 ], [ -95.9749036, 31.5457349 ], [ -96.0199092, 31.5457349 ], [ -96.0199092, 31.5840818 ], [ -95.9749036, 31.5840818 ] ], [ [ -104.0309052, 31.5457349 ], [ -104.0309052, 31.5073723 ], [ -104.075910799999988, 31.5073723 ], [ -104.075910799999988, 31.5457349 ], [ -104.0309052, 31.5457349 ] ], [ [ -102.9057653, 31.5457349 ], [ -102.9057653, 31.5073723 ], [ -102.9507709, 31.5073723 ], [ -102.9507709, 31.5457349 ], [ -102.9057653, 31.5457349 ] ], [ [ -98.810256099999989, 31.5457349 ], [ -98.810256099999989, 31.5073723 ], [ -98.855261700000014, 31.5073723 ], [ -98.855261700000014, 31.5457349 ], [ -98.810256099999989, 31.5457349 ] ], [ [ -98.6752393, 31.5457349 ], [ -98.6752393, 31.5073723 ], [ -98.7202449, 31.5073723 ], [ -98.7202449, 31.5457349 ], [ -98.6752393, 31.5457349 ] ], [ [ -98.045161, 31.5457349 ], [ -98.045161, 31.5073723 ], [ -98.090166599999989, 31.5073723 ], [ -98.090166599999989, 31.5457349 ], [ -98.045161, 31.5457349 ] ], [ [ -97.9551498, 31.5457349 ], [ -97.9551498, 31.5073723 ], [ -98.000155400000011, 31.5073723 ], [ -98.000155400000011, 31.5457349 ], [ -97.9551498, 31.5457349 ] ], [ [ -97.8651386, 31.5457349 ], [ -97.8651386, 31.5073723 ], [ -97.9101442, 31.5073723 ], [ -97.9101442, 31.5457349 ], [ -97.8651386, 31.5457349 ] ], [ [ -95.1197973, 31.5457349 ], [ -95.1197973, 31.5073723 ], [ -94.9847805, 31.5073723 ], [ -94.9847805, 31.4689938 ], [ -95.0297861, 31.4689938 ], [ -95.0297861, 31.4305997 ], [ -95.0747917, 31.4305997 ], [ -95.0747917, 31.4689938 ], [ -95.2098085, 31.4689938 ], [ -95.2098085, 31.5073723 ], [ -95.1648029, 31.5073723 ], [ -95.1648029, 31.5457349 ], [ -95.1197973, 31.5457349 ] ], [ [ -104.2559332, 31.5073723 ], [ -104.2559332, 31.4689938 ], [ -104.1209164, 31.4689938 ], [ -104.1209164, 31.3921898 ], [ -104.075910799999988, 31.3921898 ], [ -104.075910799999988, 31.3537642 ], [ -104.2109276, 31.3537642 ], [ -104.2109276, 31.3921898 ], [ -104.3009388, 31.3921898 ], [ -104.3009388, 31.3537642 ], [ -104.3459444, 31.3537642 ], [ -104.3459444, 31.3921898 ], [ -104.39095, 31.3921898 ], [ -104.39095, 31.4689938 ], [ -104.3459444, 31.4689938 ], [ -104.3459444, 31.5073723 ], [ -104.2559332, 31.5073723 ] ], [ [ -103.2658101, 31.5073723 ], [ -103.2658101, 31.4305997 ], [ -103.3558213, 31.4305997 ], [ -103.3558213, 31.5073723 ], [ -103.2658101, 31.5073723 ] ], [ [ -103.1307933, 31.5073723 ], [ -103.1307933, 31.4305997 ], [ -103.1757989, 31.4305997 ], [ -103.1757989, 31.5073723 ], [ -103.1307933, 31.5073723 ] ], [ [ -102.9957765, 31.5073723 ], [ -102.9957765, 31.4689938 ], [ -103.085787700000012, 31.4689938 ], [ -103.085787700000012, 31.5073723 ], [ -102.9957765, 31.5073723 ] ], [ [ -101.1055415, 31.5073723 ], [ -101.1055415, 31.4689938 ], [ -101.1505471, 31.4689938 ], [ -101.1505471, 31.5073723 ], [ -101.1055415, 31.5073723 ] ], [ [ -100.8805135, 31.5073723 ], [ -100.8805135, 31.4689938 ], [ -100.9255191, 31.4689938 ], [ -100.9255191, 31.5073723 ], [ -100.8805135, 31.5073723 ] ], [ [ -98.7202449, 31.5073723 ], [ -98.7202449, 31.4689938 ], [ -98.7652505, 31.4689938 ], [ -98.7652505, 31.5073723 ], [ -98.7202449, 31.5073723 ] ], [ [ -97.820133, 31.5073723 ], [ -97.820133, 31.4689938 ], [ -97.775127400000017, 31.4689938 ], [ -97.775127400000017, 31.4305997 ], [ -97.8651386, 31.4305997 ], [ -97.8651386, 31.5073723 ], [ -97.820133, 31.5073723 ] ], [ [ -97.7301218, 31.5073723 ], [ -97.7301218, 31.4689938 ], [ -97.775127400000017, 31.4689938 ], [ -97.775127400000017, 31.5073723 ], [ -97.7301218, 31.5073723 ] ], [ [ -97.595105, 31.5073723 ], [ -97.595105, 31.4689938 ], [ -97.6401106, 31.4689938 ], [ -97.6401106, 31.3921898 ], [ -97.6851162, 31.3921898 ], [ -97.6851162, 31.5073723 ], [ -97.595105, 31.5073723 ] ], [ [ -95.6148588, 31.5073723 ], [ -95.6148588, 31.4305997 ], [ -95.659864399999989, 31.4305997 ], [ -95.659864399999989, 31.4689938 ], [ -95.70487, 31.4689938 ], [ -95.70487, 31.5073723 ], [ -95.6148588, 31.5073723 ] ], [ [ -95.2548141, 31.5073723 ], [ -95.2548141, 31.4689938 ], [ -95.299819700000015, 31.4689938 ], [ -95.299819700000015, 31.5073723 ], [ -95.2548141, 31.5073723 ] ], [ [ -104.0309052, 31.4689938 ], [ -104.0309052, 31.4305997 ], [ -104.075910799999988, 31.4305997 ], [ -104.075910799999988, 31.4689938 ], [ -104.0309052, 31.4689938 ] ], [ [ -102.9057653, 31.4689938 ], [ -102.9057653, 31.4305997 ], [ -102.9507709, 31.4305997 ], [ -102.9507709, 31.4689938 ], [ -102.9057653, 31.4689938 ] ], [ [ -102.2306814, 31.4689938 ], [ -102.2306814, 31.4305997 ], [ -102.275687, 31.4305997 ], [ -102.275687, 31.4689938 ], [ -102.2306814, 31.4689938 ] ], [ [ -98.000155400000011, 31.4689938 ], [ -98.000155400000011, 31.4305997 ], [ -98.045161, 31.4305997 ], [ -98.045161, 31.4689938 ], [ -98.000155400000011, 31.4689938 ] ], [ [ -95.299819700000015, 31.4689938 ], [ -95.299819700000015, 31.4305997 ], [ -95.3448253, 31.4305997 ], [ -95.3448253, 31.4689938 ], [ -95.299819700000015, 31.4689938 ] ], [ [ -103.1757989, 31.4305997 ], [ -103.1757989, 31.3921898 ], [ -103.2208045, 31.3921898 ], [ -103.2208045, 31.4305997 ], [ -103.1757989, 31.4305997 ] ], [ [ -102.9507709, 31.4305997 ], [ -102.9507709, 31.3921898 ], [ -102.9957765, 31.3921898 ], [ -102.9957765, 31.3537642 ], [ -103.085787700000012, 31.3537642 ], [ -103.085787700000012, 31.3921898 ], [ -103.0407821, 31.3921898 ], [ -103.0407821, 31.4305997 ], [ -102.9507709, 31.4305997 ] ], [ [ -101.1055415, 31.4305997 ], [ -101.1055415, 31.3921898 ], [ -101.1505471, 31.3921898 ], [ -101.1505471, 31.4305997 ], [ -101.1055415, 31.4305997 ] ], [ [ -98.090166599999989, 31.4305997 ], [ -98.090166599999989, 31.3921898 ], [ -98.1801778, 31.3921898 ], [ -98.1801778, 31.4305997 ], [ -98.090166599999989, 31.4305997 ] ], [ [ -97.9551498, 31.4305997 ], [ -97.9551498, 31.3921898 ], [ -97.9101442, 31.3921898 ], [ -97.9101442, 31.3153228 ], [ -97.8651386, 31.3153228 ], [ -97.8651386, 31.3537642 ], [ -97.820133, 31.3537642 ], [ -97.820133, 31.2768658 ], [ -97.8651386, 31.2768658 ], [ -97.8651386, 31.2383931 ], [ -97.9101442, 31.2383931 ], [ -97.9101442, 31.1999047 ], [ -97.9551498, 31.1999047 ], [ -97.9551498, 31.2768658 ], [ -98.000155400000011, 31.2768658 ], [ -98.000155400000011, 31.3153228 ], [ -98.090166599999989, 31.3153228 ], [ -98.090166599999989, 31.3921898 ], [ -98.000155400000011, 31.3921898 ], [ -98.000155400000011, 31.4305997 ], [ -97.9551498, 31.4305997 ] ], [ [ -97.8651386, 31.4305997 ], [ -97.8651386, 31.3921898 ], [ -97.9101442, 31.3921898 ], [ -97.9101442, 31.4305997 ], [ -97.8651386, 31.4305997 ] ], [ [ -95.8398868, 31.4305997 ], [ -95.8398868, 31.3921898 ], [ -95.8848924, 31.3921898 ], [ -95.8848924, 31.4305997 ], [ -95.8398868, 31.4305997 ] ], [ [ -95.2548141, 31.4305997 ], [ -95.2548141, 31.3921898 ], [ -95.2098085, 31.3921898 ], [ -95.2098085, 31.3537642 ], [ -95.1648029, 31.3537642 ], [ -95.1648029, 31.2383931 ], [ -95.299819700000015, 31.2383931 ], [ -95.299819700000015, 31.2768658 ], [ -95.3898308, 31.2768658 ], [ -95.3898308, 31.3537642 ], [ -95.3448253, 31.3537642 ], [ -95.3448253, 31.3921898 ], [ -95.299819700000015, 31.3921898 ], [ -95.299819700000015, 31.4305997 ], [ -95.2548141, 31.4305997 ] ], [ [ -95.1648029, 31.4305997 ], [ -95.1648029, 31.3921898 ], [ -95.2098085, 31.3921898 ], [ -95.2098085, 31.4305997 ], [ -95.1648029, 31.4305997 ] ], [ [ -103.1307933, 31.3921898 ], [ -103.1307933, 31.3537642 ], [ -103.1757989, 31.3537642 ], [ -103.1757989, 31.3921898 ], [ -103.1307933, 31.3921898 ] ], [ [ -100.7454967, 31.3921898 ], [ -100.7454967, 31.3537642 ], [ -100.7905023, 31.3537642 ], [ -100.7905023, 31.3921898 ], [ -100.7454967, 31.3921898 ] ], [ [ -99.2603121, 31.3921898 ], [ -99.2603121, 31.3537642 ], [ -99.305317699999989, 31.3537642 ], [ -99.305317699999989, 31.3921898 ], [ -99.2603121, 31.3921898 ] ], [ [ -98.5402225, 31.3921898 ], [ -98.5402225, 31.3537642 ], [ -98.6302337, 31.3537642 ], [ -98.6302337, 31.3921898 ], [ -98.5402225, 31.3921898 ] ], [ [ -96.46996510000001, 31.3921898 ], [ -96.46996510000001, 31.3537642 ], [ -96.5149707, 31.3537642 ], [ -96.5149707, 31.3153228 ], [ -96.5599763, 31.3153228 ], [ -96.5599763, 31.3921898 ], [ -96.46996510000001, 31.3921898 ] ], [ [ -95.479842, 31.3921898 ], [ -95.479842, 31.3153228 ], [ -95.5248476, 31.3153228 ], [ -95.5248476, 31.3537642 ], [ -95.5698532, 31.3537642 ], [ -95.5698532, 31.3921898 ], [ -95.479842, 31.3921898 ] ], [ [ -103.8058772, 31.3537642 ], [ -103.8058772, 31.2768658 ], [ -103.76087170000001, 31.2768658 ], [ -103.76087170000001, 31.3537642 ], [ -103.7158661, 31.3537642 ], [ -103.7158661, 31.3153228 ], [ -103.670860499999989, 31.3153228 ], [ -103.670860499999989, 31.2768658 ], [ -103.7158661, 31.2768658 ], [ -103.7158661, 31.2383931 ], [ -103.670860499999989, 31.2383931 ], [ -103.670860499999989, 31.1999047 ], [ -103.7158661, 31.1999047 ], [ -103.7158661, 31.122881 ], [ -103.8058772, 31.122881 ], [ -103.8058772, 31.1999047 ], [ -103.8508828, 31.1999047 ], [ -103.8508828, 31.2383931 ], [ -103.8958884, 31.2383931 ], [ -103.8958884, 31.2768658 ], [ -103.8508828, 31.2768658 ], [ -103.8508828, 31.3537642 ], [ -103.8058772, 31.3537642 ] ], [ [ -103.2208045, 31.3537642 ], [ -103.2208045, 31.3153228 ], [ -103.3108157, 31.3153228 ], [ -103.3108157, 31.3537642 ], [ -103.2208045, 31.3537642 ] ], [ [ -102.9507709, 31.3537642 ], [ -102.9507709, 31.2768658 ], [ -102.9957765, 31.2768658 ], [ -102.9957765, 31.3537642 ], [ -102.9507709, 31.3537642 ] ], [ [ -102.725743, 31.3537642 ], [ -102.725743, 31.3153228 ], [ -102.7707485, 31.3153228 ], [ -102.7707485, 31.3537642 ], [ -102.725743, 31.3537642 ] ], [ [ -102.275687, 31.3537642 ], [ -102.275687, 31.3153228 ], [ -102.3206926, 31.3153228 ], [ -102.3206926, 31.3537642 ], [ -102.275687, 31.3537642 ] ], [ [ -101.3305695, 31.3537642 ], [ -101.3305695, 31.3153228 ], [ -101.3755751, 31.3153228 ], [ -101.3755751, 31.3537642 ], [ -101.3305695, 31.3537642 ] ], [ [ -99.2153065, 31.3537642 ], [ -99.2153065, 31.3153228 ], [ -99.2603121, 31.3153228 ], [ -99.2603121, 31.3537642 ], [ -99.2153065, 31.3537642 ] ], [ [ -98.1801778, 31.3537642 ], [ -98.1801778, 31.3153228 ], [ -98.2251834, 31.3153228 ], [ -98.2251834, 31.3537642 ], [ -98.1801778, 31.3537642 ] ], [ [ -97.6851162, 31.3537642 ], [ -97.6851162, 31.3153228 ], [ -97.775127400000017, 31.3153228 ], [ -97.775127400000017, 31.3537642 ], [ -97.6851162, 31.3537642 ] ], [ [ -96.3349484, 31.3537642 ], [ -96.3349484, 31.3153228 ], [ -96.379954, 31.3153228 ], [ -96.379954, 31.3537642 ], [ -96.3349484, 31.3537642 ] ], [ [ -103.3108157, 31.3153228 ], [ -103.3108157, 31.2768658 ], [ -103.3558213, 31.2768658 ], [ -103.3558213, 31.3153228 ], [ -103.3108157, 31.3153228 ] ], [ [ -102.860759699999988, 31.3153228 ], [ -102.860759699999988, 31.2768658 ], [ -102.9057653, 31.2768658 ], [ -102.9057653, 31.3153228 ], [ -102.860759699999988, 31.3153228 ] ], [ [ -102.1856758, 31.3153228 ], [ -102.1856758, 31.1614007 ], [ -102.2306814, 31.1614007 ], [ -102.2306814, 31.2768658 ], [ -102.275687, 31.2768658 ], [ -102.275687, 31.3153228 ], [ -102.1856758, 31.3153228 ] ], [ [ -98.090166599999989, 31.3153228 ], [ -98.090166599999989, 31.2768658 ], [ -98.1351722, 31.2768658 ], [ -98.1351722, 31.3153228 ], [ -98.090166599999989, 31.3153228 ] ], [ [ -97.6401106, 31.3153228 ], [ -97.6401106, 31.2768658 ], [ -97.6851162, 31.2768658 ], [ -97.6851162, 31.3153228 ], [ -97.6401106, 31.3153228 ] ], [ [ -95.5698532, 31.3153228 ], [ -95.5698532, 31.2768658 ], [ -95.6148588, 31.2768658 ], [ -95.6148588, 31.3153228 ], [ -95.5698532, 31.3153228 ] ], [ [ -103.4458325, 31.2768658 ], [ -103.4458325, 31.2383931 ], [ -103.4008269, 31.2383931 ], [ -103.4008269, 31.1614007 ], [ -103.4908381, 31.1614007 ], [ -103.4908381, 31.2768658 ], [ -103.4458325, 31.2768658 ] ], [ [ -103.1307933, 31.2768658 ], [ -103.1307933, 31.2383931 ], [ -103.1757989, 31.2383931 ], [ -103.1757989, 31.2768658 ], [ -103.1307933, 31.2768658 ] ], [ [ -102.4107038, 31.2768658 ], [ -102.4107038, 31.2383931 ], [ -102.500715, 31.2383931 ], [ -102.500715, 31.2768658 ], [ -102.4107038, 31.2768658 ] ], [ [ -100.8805135, 31.2768658 ], [ -100.8805135, 31.1999047 ], [ -100.9255191, 31.1999047 ], [ -100.9255191, 31.2768658 ], [ -100.8805135, 31.2768658 ] ], [ [ -100.7454967, 31.2768658 ], [ -100.7454967, 31.2383931 ], [ -100.7905023, 31.2383931 ], [ -100.7905023, 31.2768658 ], [ -100.7454967, 31.2768658 ] ], [ [ -98.9902785, 31.2768658 ], [ -98.9902785, 31.1614007 ], [ -98.9452729, 31.1614007 ], [ -98.9452729, 31.1999047 ], [ -98.9002673, 31.1999047 ], [ -98.9002673, 31.1614007 ], [ -98.855261700000014, 31.1614007 ], [ -98.855261700000014, 31.122881 ], [ -98.9002673, 31.122881 ], [ -98.9002673, 31.0457947 ], [ -98.855261700000014, 31.0457947 ], [ -98.855261700000014, 31.0843456 ], [ -98.810256099999989, 31.0843456 ], [ -98.810256099999989, 31.122881 ], [ -98.7652505, 31.122881 ], [ -98.7652505, 31.1614007 ], [ -98.7202449, 31.1614007 ], [ -98.7202449, 31.122881 ], [ -98.6752393, 31.122881 ], [ -98.6752393, 31.1614007 ], [ -98.6302337, 31.1614007 ], [ -98.6302337, 31.1999047 ], [ -98.5852281, 31.1999047 ], [ -98.5852281, 31.122881 ], [ -98.6302337, 31.122881 ], [ -98.6302337, 31.0843456 ], [ -98.6752393, 31.0843456 ], [ -98.6752393, 31.0457947 ], [ -98.7202449, 31.0457947 ], [ -98.7202449, 31.0072281 ], [ -98.7652505, 31.0072281 ], [ -98.7652505, 30.9300481 ], [ -98.810256099999989, 30.9300481 ], [ -98.810256099999989, 30.9686459 ], [ -98.855261700000014, 30.9686459 ], [ -98.855261700000014, 31.00722810000001 ], [ -98.9002673, 31.0072281 ], [ -98.9002673, 30.8914347 ], [ -98.9452729, 30.8914347 ], [ -98.9452729, 30.9300481 ], [ -98.9902785, 30.9300481 ], [ -98.9902785, 30.9686459 ], [ -99.0352841, 30.9686459 ], [ -99.0352841, 31.0072281 ], [ -99.1252953, 31.0072281 ], [ -99.1252953, 31.0457947 ], [ -99.0802897, 31.0457947 ], [ -99.0802897, 31.0843456 ], [ -99.2153065, 31.0843456 ], [ -99.2153065, 31.0457947 ], [ -99.2603121, 31.0457947 ], [ -99.2603121, 31.122881 ], [ -99.2153065, 31.122881 ], [ -99.2153065, 31.1614007 ], [ -99.0352841, 31.1614007 ], [ -99.0352841, 31.1999047 ], [ -99.1252953, 31.1999047 ], [ -99.1252953, 31.2383931 ], [ -99.0352841, 31.2383931 ], [ -99.0352841, 31.2768658 ], [ -98.9902785, 31.2768658 ] ], [ [ -98.270189, 31.2768658 ], [ -98.270189, 31.2383931 ], [ -98.3151946, 31.2383931 ], [ -98.3151946, 31.2768658 ], [ -98.270189, 31.2768658 ] ], [ [ -98.1801778, 31.2768658 ], [ -98.1801778, 31.2383931 ], [ -98.2251834, 31.2383931 ], [ -98.2251834, 31.2768658 ], [ -98.1801778, 31.2768658 ] ], [ [ -98.045161, 31.2768658 ], [ -98.045161, 31.1999047 ], [ -98.090166599999989, 31.1999047 ], [ -98.090166599999989, 31.2768658 ], [ -98.045161, 31.2768658 ] ], [ [ -97.775127400000017, 31.2768658 ], [ -97.775127400000017, 31.122881 ], [ -97.820133, 31.122881 ], [ -97.820133, 31.2768658 ], [ -97.775127400000017, 31.2768658 ] ], [ [ -97.5050938, 31.2768658 ], [ -97.5050938, 31.2383931 ], [ -97.5500994, 31.2383931 ], [ -97.5500994, 31.2768658 ], [ -97.5050938, 31.2768658 ] ], [ [ -95.9749036, 31.2768658 ], [ -95.9749036, 31.2383931 ], [ -96.0199092, 31.2383931 ], [ -96.0199092, 31.2768658 ], [ -95.9749036, 31.2768658 ] ], [ [ -103.2208045, 31.2383931 ], [ -103.2208045, 31.1614007 ], [ -103.2658101, 31.1614007 ], [ -103.2658101, 31.1999047 ], [ -103.3108157, 31.1999047 ], [ -103.3108157, 31.2383931 ], [ -103.2208045, 31.2383931 ] ], [ [ -102.8157541, 31.2383931 ], [ -102.8157541, 31.1999047 ], [ -102.860759699999988, 31.1999047 ], [ -102.860759699999988, 31.1614007 ], [ -102.8157541, 31.1614007 ], [ -102.8157541, 31.122881 ], [ -102.860759699999988, 31.122881 ], [ -102.860759699999988, 31.0843456 ], [ -102.9057653, 31.0843456 ], [ -102.9057653, 31.1999047 ], [ -102.9507709, 31.1999047 ], [ -102.9507709, 31.2383931 ], [ -102.8157541, 31.2383931 ] ], [ [ -102.3656982, 31.2383931 ], [ -102.3656982, 31.1999047 ], [ -102.4107038, 31.1999047 ], [ -102.4107038, 31.2383931 ], [ -102.3656982, 31.2383931 ] ], [ [ -102.275687, 31.2383931 ], [ -102.275687, 31.1999047 ], [ -102.3206926, 31.1999047 ], [ -102.3206926, 31.2383931 ], [ -102.275687, 31.2383931 ] ], [ [ -100.025407199999989, 31.2383931 ], [ -100.025407199999989, 31.1999047 ], [ -100.0704128, 31.1999047 ], [ -100.0704128, 31.2383931 ], [ -100.025407199999989, 31.2383931 ] ], [ [ -97.6401106, 31.2383931 ], [ -97.6401106, 31.1999047 ], [ -97.6851162, 31.1999047 ], [ -97.6851162, 31.1614007 ], [ -97.6401106, 31.1614007 ], [ -97.6401106, 31.122881 ], [ -97.6851162, 31.122881 ], [ -97.6851162, 31.0843456 ], [ -97.775127400000017, 31.0843456 ], [ -97.775127400000017, 31.122881 ], [ -97.7301218, 31.122881 ], [ -97.7301218, 31.2383931 ], [ -97.6401106, 31.2383931 ] ], [ [ -96.3349484, 31.2383931 ], [ -96.3349484, 31.1999047 ], [ -96.379954, 31.1999047 ], [ -96.379954, 31.2383931 ], [ -96.3349484, 31.2383931 ] ], [ [ -102.3206926, 31.1999047 ], [ -102.3206926, 31.1614007 ], [ -102.3656982, 31.1614007 ], [ -102.3656982, 31.1999047 ], [ -102.3206926, 31.1999047 ] ], [ [ -100.160424, 31.1999047 ], [ -100.160424, 31.1614007 ], [ -100.2504352, 31.1614007 ], [ -100.2504352, 31.1999047 ], [ -100.160424, 31.1999047 ] ], [ [ -98.495217, 31.1999047 ], [ -98.495217, 31.1614007 ], [ -98.5402225, 31.1614007 ], [ -98.5402225, 31.1999047 ], [ -98.495217, 31.1999047 ] ], [ [ -97.8651386, 31.1999047 ], [ -97.8651386, 31.1614007 ], [ -97.9101442, 31.1614007 ], [ -97.9101442, 31.1999047 ], [ -97.8651386, 31.1999047 ] ], [ [ -95.9749036, 31.1999047 ], [ -95.9749036, 31.1614007 ], [ -96.0199092, 31.1614007 ], [ -96.0199092, 31.1999047 ], [ -95.9749036, 31.1999047 ] ], [ [ -95.2548141, 31.1999047 ], [ -95.2548141, 31.122881 ], [ -95.299819700000015, 31.122881 ], [ -95.299819700000015, 31.1999047 ], [ -95.2548141, 31.1999047 ] ], [ [ -103.1757989, 31.1614007 ], [ -103.1757989, 31.122881 ], [ -103.2208045, 31.122881 ], [ -103.2208045, 31.1614007 ], [ -103.1757989, 31.1614007 ] ], [ [ -102.5907262, 31.1614007 ], [ -102.5907262, 31.122881 ], [ -102.6357318, 31.122881 ], [ -102.6357318, 31.1614007 ], [ -102.5907262, 31.1614007 ] ], [ [ -102.500715, 31.1614007 ], [ -102.500715, 31.122881 ], [ -102.5457206, 31.122881 ], [ -102.5457206, 31.1614007 ], [ -102.500715, 31.1614007 ] ], [ [ -101.1955527, 31.1614007 ], [ -101.1955527, 31.122881 ], [ -101.240558299999989, 31.122881 ], [ -101.240558299999989, 31.1614007 ], [ -101.1955527, 31.1614007 ] ], [ [ -100.385452, 31.1614007 ], [ -100.385452, 31.122881 ], [ -100.4304576, 31.122881 ], [ -100.4304576, 31.1614007 ], [ -100.385452, 31.1614007 ] ], [ [ -98.090166599999989, 31.1614007 ], [ -98.090166599999989, 31.122881 ], [ -98.1351722, 31.122881 ], [ -98.1351722, 31.1614007 ], [ -98.090166599999989, 31.1614007 ] ], [ [ -97.9551498, 31.1614007 ], [ -97.9551498, 31.0843456 ], [ -98.000155400000011, 31.0843456 ], [ -98.000155400000011, 31.122881 ], [ -98.045161, 31.122881 ], [ -98.045161, 31.1614007 ], [ -97.9551498, 31.1614007 ] ], [ [ -95.8398868, 31.1614007 ], [ -95.8398868, 31.122881 ], [ -95.8848924, 31.122881 ], [ -95.8848924, 31.1614007 ], [ -95.8398868, 31.1614007 ] ], [ [ -103.9858996, 31.122881 ], [ -103.9858996, 31.0843456 ], [ -104.0309052, 31.0843456 ], [ -104.0309052, 31.122881 ], [ -103.9858996, 31.122881 ] ], [ [ -103.8958884, 31.122881 ], [ -103.8958884, 31.0843456 ], [ -103.940894, 31.0843456 ], [ -103.940894, 31.122881 ], [ -103.8958884, 31.122881 ] ], [ [ -103.8058772, 31.122881 ], [ -103.8058772, 31.0843456 ], [ -103.8508828, 31.0843456 ], [ -103.8508828, 31.122881 ], [ -103.8058772, 31.122881 ] ], [ [ -103.2658101, 31.122881 ], [ -103.2658101, 31.0843456 ], [ -103.3558213, 31.0843456 ], [ -103.3558213, 31.122881 ], [ -103.2658101, 31.122881 ] ], [ [ -102.1406702, 31.122881 ], [ -102.1406702, 31.0843456 ], [ -102.1856758, 31.0843456 ], [ -102.1856758, 31.122881 ], [ -102.1406702, 31.122881 ] ], [ [ -101.1505471, 31.122881 ], [ -101.1505471, 31.0843456 ], [ -101.1955527, 31.0843456 ], [ -101.1955527, 31.122881 ], [ -101.1505471, 31.122881 ] ], [ [ -99.9804016, 31.122881 ], [ -99.9804016, 31.0843456 ], [ -100.025407199999989, 31.0843456 ], [ -100.025407199999989, 31.122881 ], [ -99.9804016, 31.122881 ] ], [ [ -98.4052058, 31.122881 ], [ -98.4052058, 31.0457947 ], [ -98.5852281, 31.0457947 ], [ -98.5852281, 31.0843456 ], [ -98.4502114, 31.0843456 ], [ -98.4502114, 31.122881 ], [ -98.4052058, 31.122881 ] ], [ [ -98.1351722, 31.122881 ], [ -98.1351722, 31.0843456 ], [ -98.2251834, 31.0843456 ], [ -98.2251834, 31.122881 ], [ -98.1351722, 31.122881 ] ], [ [ -97.8651386, 31.122881 ], [ -97.8651386, 31.0843456 ], [ -97.775127400000017, 31.0843456 ], [ -97.775127400000017, 31.0457947 ], [ -97.6851162, 31.0457947 ], [ -97.6851162, 31.0072281 ], [ -97.7301218, 31.0072281 ], [ -97.7301218, 30.9300481 ], [ -97.775127400000017, 30.9300481 ], [ -97.775127400000017, 30.8528057 ], [ -97.8651386, 30.8528057 ], [ -97.8651386, 30.8914347 ], [ -97.9551498, 30.8914347 ], [ -97.9551498, 30.8528057 ], [ -98.000155400000011, 30.8528057 ], [ -98.000155400000011, 30.8141612 ], [ -97.9551498, 30.8141612 ], [ -97.9551498, 30.7755011 ], [ -98.000155400000011, 30.7755011 ], [ -98.000155400000011, 30.7368255 ], [ -98.045161, 30.7368255 ], [ -98.045161, 30.6981343 ], [ -98.1351722, 30.6981343 ], [ -98.1351722, 30.7755011 ], [ -98.090166599999989, 30.7755011 ], [ -98.090166599999989, 30.8528057 ], [ -98.045161, 30.8528057 ], [ -98.045161, 30.8914347 ], [ -98.000155400000011, 30.8914347 ], [ -98.000155400000011, 30.9300481 ], [ -98.045161, 30.9300481 ], [ -98.045161, 30.9686459 ], [ -98.090166599999989, 30.9686459 ], [ -98.090166599999989, 31.0457947 ], [ -98.000155400000011, 31.0457947 ], [ -98.000155400000011, 31.00722810000001 ], [ -97.9551498, 31.0072281 ], [ -97.9551498, 30.9300481 ], [ -97.9101442, 30.9300481 ], [ -97.9101442, 30.9686459 ], [ -97.8651386, 30.9686459 ], [ -97.8651386, 31.0072281 ], [ -97.9101442, 31.0072281 ], [ -97.9101442, 31.122881 ], [ -97.8651386, 31.122881 ] ], [ [ -96.0649148, 31.122881 ], [ -96.0649148, 31.0843456 ], [ -96.1099204, 31.0843456 ], [ -96.1099204, 31.122881 ], [ -96.0649148, 31.122881 ] ], [ [ -95.3898308, 31.122881 ], [ -95.3898308, 31.0843456 ], [ -95.479842, 31.0843456 ], [ -95.479842, 31.122881 ], [ -95.3898308, 31.122881 ] ], [ [ -103.5358437, 31.0843456 ], [ -103.5358437, 31.0457947 ], [ -103.5808493, 31.0457947 ], [ -103.5808493, 31.0843456 ], [ -103.5358437, 31.0843456 ] ], [ [ -103.4008269, 31.0843456 ], [ -103.4008269, 31.0457947 ], [ -103.3558213, 31.0457947 ], [ -103.3558213, 31.0072281 ], [ -103.4458325, 31.0072281 ], [ -103.4458325, 30.9686459 ], [ -103.4908381, 30.9686459 ], [ -103.4908381, 31.0457947 ], [ -103.4458325, 31.0457947 ], [ -103.4458325, 31.0843456 ], [ -103.4008269, 31.0843456 ] ], [ [ -103.085787700000012, 31.0843456 ], [ -103.085787700000012, 30.9686459 ], [ -103.1307933, 30.9686459 ], [ -103.1307933, 31.0843456 ], [ -103.085787700000012, 31.0843456 ] ], [ [ -102.5907262, 31.0843456 ], [ -102.5907262, 31.0457947 ], [ -102.6807374, 31.0457947 ], [ -102.6807374, 31.0843456 ], [ -102.5907262, 31.0843456 ] ], [ [ -101.825631, 31.0843456 ], [ -101.825631, 31.0457947 ], [ -101.8706366, 31.0457947 ], [ -101.8706366, 31.0843456 ], [ -101.825631, 31.0843456 ] ], [ [ -101.2855639, 31.0843456 ], [ -101.2855639, 31.0457947 ], [ -101.3305695, 31.0457947 ], [ -101.3305695, 31.0843456 ], [ -101.2855639, 31.0843456 ] ], [ [ -101.0605359, 31.0843456 ], [ -101.0605359, 31.0457947 ], [ -101.0155303, 31.0457947 ], [ -101.0155303, 31.0072281 ], [ -100.9705247, 31.0072281 ], [ -100.9705247, 30.9686459 ], [ -101.0155303, 30.9686459 ], [ -101.0155303, 30.9300481 ], [ -101.0605359, 30.9300481 ], [ -101.0605359, 31.0072281 ], [ -101.1055415, 31.00722810000001 ], [ -101.1055415, 31.0843456 ], [ -101.0605359, 31.0843456 ] ], [ [ -100.8805135, 31.0843456 ], [ -100.8805135, 31.0457947 ], [ -100.9705247, 31.0457947 ], [ -100.9705247, 31.0843456 ], [ -100.8805135, 31.0843456 ] ], [ [ -100.7905023, 31.0843456 ], [ -100.7905023, 31.0457947 ], [ -100.8355079, 31.0457947 ], [ -100.8355079, 31.0843456 ], [ -100.7905023, 31.0843456 ] ], [ [ -100.7004911, 31.0843456 ], [ -100.7004911, 31.0457947 ], [ -100.7454967, 31.0457947 ], [ -100.7454967, 31.0843456 ], [ -100.7004911, 31.0843456 ] ], [ [ -99.4853401, 31.0843456 ], [ -99.4853401, 31.0457947 ], [ -99.4403345, 31.0457947 ], [ -99.4403345, 31.0072281 ], [ -99.530345700000012, 31.0072281 ], [ -99.530345700000012, 31.0843456 ], [ -99.4853401, 31.0843456 ] ], [ [ -98.3151946, 31.0843456 ], [ -98.3151946, 31.0457947 ], [ -98.3602002, 31.0457947 ], [ -98.3602002, 31.0843456 ], [ -98.3151946, 31.0843456 ] ], [ [ -95.2548141, 31.0843456 ], [ -95.2548141, 31.0457947 ], [ -95.299819700000015, 31.0457947 ], [ -95.299819700000015, 31.0072281 ], [ -95.3448253, 31.0072281 ], [ -95.3448253, 31.0843456 ], [ -95.2548141, 31.0843456 ] ], [ [ -95.1648029, 31.0843456 ], [ -95.1648029, 31.0457947 ], [ -95.2098085, 31.0457947 ], [ -95.2098085, 31.0843456 ], [ -95.1648029, 31.0843456 ] ], [ [ -102.3656982, 31.0457947 ], [ -102.3656982, 31.0072281 ], [ -102.4107038, 31.0072281 ], [ -102.4107038, 31.0457947 ], [ -102.3656982, 31.0457947 ] ], [ [ -102.0056534, 31.0457947 ], [ -102.0056534, 30.9686459 ], [ -102.050659, 30.9686459 ], [ -102.050659, 31.0457947 ], [ -102.0056534, 31.0457947 ] ], [ [ -101.7806254, 31.0457947 ], [ -101.7806254, 31.0072281 ], [ -101.825631, 31.0072281 ], [ -101.825631, 31.0457947 ], [ -101.7806254, 31.0457947 ] ], [ [ -100.7454967, 31.0457947 ], [ -100.7454967, 31.00722810000001 ], [ -100.7905023, 31.0072281 ], [ -100.7905023, 31.0457947 ], [ -100.7454967, 31.0457947 ] ], [ [ -100.160424, 31.0457947 ], [ -100.160424, 31.0072281 ], [ -100.2054296, 31.0072281 ], [ -100.2054296, 31.0457947 ], [ -100.160424, 31.0457947 ] ], [ [ -99.9804016, 31.0457947 ], [ -99.9804016, 31.0072281 ], [ -100.025407199999989, 31.0072281 ], [ -100.025407199999989, 31.0457947 ], [ -99.9804016, 31.0457947 ] ], [ [ -99.6203568, 31.0457947 ], [ -99.6203568, 30.9686459 ], [ -99.6653624, 30.9686459 ], [ -99.6653624, 31.0072281 ], [ -99.8003792, 31.0072281 ], [ -99.8003792, 31.0457947 ], [ -99.6203568, 31.0457947 ] ], [ [ -99.2603121, 31.0457947 ], [ -99.2603121, 30.9686459 ], [ -99.305317699999989, 30.9686459 ], [ -99.305317699999989, 31.0457947 ], [ -99.2603121, 31.0457947 ] ], [ [ -96.0649148, 31.0457947 ], [ -96.0649148, 30.9686459 ], [ -96.1099204, 30.9686459 ], [ -96.1099204, 31.0457947 ], [ -96.0649148, 31.0457947 ] ], [ [ -95.9749036, 31.0457947 ], [ -95.9749036, 30.9686459 ], [ -96.0199092, 30.9686459 ], [ -96.0199092, 31.0457947 ], [ -95.9749036, 31.0457947 ] ], [ [ -95.4348364, 31.0457947 ], [ -95.4348364, 31.0072281 ], [ -95.479842, 31.0072281 ], [ -95.479842, 31.0457947 ], [ -95.4348364, 31.0457947 ] ], [ [ -95.2098085, 31.0457947 ], [ -95.2098085, 30.9686459 ], [ -95.2548141, 30.9686459 ], [ -95.2548141, 31.0457947 ], [ -95.2098085, 31.0457947 ] ], [ [ -102.9957765, 31.0072281 ], [ -102.9957765, 30.9686459 ], [ -103.0407821, 30.9686459 ], [ -103.0407821, 31.0072281 ], [ -102.9957765, 31.0072281 ] ], [ [ -102.725743, 31.0072281 ], [ -102.725743, 30.9686459 ], [ -102.7707485, 30.9686459 ], [ -102.7707485, 31.0072281 ], [ -102.725743, 31.0072281 ] ], [ [ -101.240558299999989, 31.0072281 ], [ -101.240558299999989, 30.9686459 ], [ -101.2855639, 30.9686459 ], [ -101.2855639, 31.0072281 ], [ -101.240558299999989, 31.0072281 ] ], [ [ -100.3404464, 31.0072281 ], [ -100.3404464, 30.9686459 ], [ -100.385452, 30.9686459 ], [ -100.385452, 31.0072281 ], [ -100.3404464, 31.0072281 ] ], [ [ -99.3503233, 31.0072281 ], [ -99.3503233, 30.9300481 ], [ -99.3953289, 30.9300481 ], [ -99.3953289, 30.8914347 ], [ -99.4403345, 30.8914347 ], [ -99.4403345, 30.9686459 ], [ -99.3953289, 30.9686459 ], [ -99.3953289, 31.00722810000001 ], [ -99.3503233, 31.0072281 ] ], [ [ -98.2251834, 31.0072281 ], [ -98.2251834, 30.9686459 ], [ -98.270189, 30.9686459 ], [ -98.270189, 30.9300481 ], [ -98.1801778, 30.9300481 ], [ -98.1801778, 30.7368255 ], [ -98.270189, 30.7368255 ], [ -98.270189, 30.6594277 ], [ -98.3602002, 30.6594277 ], [ -98.3602002, 30.7368255 ], [ -98.4502114, 30.7368255 ], [ -98.4502114, 30.8141612 ], [ -98.495217, 30.8141612 ], [ -98.495217, 30.7755011 ], [ -98.5852281, 30.7755011 ], [ -98.5852281, 30.8141612 ], [ -98.6302337, 30.8141612 ], [ -98.6302337, 30.8528057 ], [ -98.6752393, 30.8528057 ], [ -98.6752393, 30.9300481 ], [ -98.6302337, 30.9300481 ], [ -98.6302337, 30.9686459 ], [ -98.5852281, 30.9686459 ], [ -98.5852281, 30.9300481 ], [ -98.5402225, 30.9300481 ], [ -98.5402225, 31.00722810000001 ], [ -98.2251834, 31.0072281 ] ], [ [ -95.7948812, 31.0072281 ], [ -95.7948812, 30.9686459 ], [ -95.8398868, 30.9686459 ], [ -95.8398868, 31.0072281 ], [ -95.7948812, 31.0072281 ] ], [ [ -95.3448253, 31.0072281 ], [ -95.3448253, 30.9686459 ], [ -95.3898308, 30.9686459 ], [ -95.3898308, 31.0072281 ], [ -95.3448253, 31.0072281 ] ], [ [ -103.2208045, 30.9686459 ], [ -103.2208045, 30.8914347 ], [ -103.2658101, 30.8914347 ], [ -103.2658101, 30.8528057 ], [ -103.3108157, 30.8528057 ], [ -103.3108157, 30.8914347 ], [ -103.3558213, 30.8914347 ], [ -103.3558213, 30.9300481 ], [ -103.2658101, 30.9300481 ], [ -103.2658101, 30.9686459 ], [ -103.2208045, 30.9686459 ] ], [ [ -103.0407821, 30.9686459 ], [ -103.0407821, 30.8914347 ], [ -103.085787700000012, 30.8914347 ], [ -103.085787700000012, 30.9686459 ], [ -103.0407821, 30.9686459 ] ], [ [ -102.6357318, 30.9686459 ], [ -102.6357318, 30.9300481 ], [ -102.500715, 30.9300481 ], [ -102.500715, 30.8914347 ], [ -102.5907262, 30.8914347 ], [ -102.5907262, 30.8141612 ], [ -102.6357318, 30.8141612 ], [ -102.6357318, 30.8914347 ], [ -102.725743, 30.8914347 ], [ -102.725743, 30.9300481 ], [ -102.6807374, 30.9300481 ], [ -102.6807374, 30.9686459 ], [ -102.6357318, 30.9686459 ] ], [ [ -101.825631, 30.9686459 ], [ -101.825631, 30.9300481 ], [ -101.8706366, 30.9300481 ], [ -101.8706366, 30.9686459 ], [ -101.825631, 30.9686459 ] ], [ [ -99.8453848, 30.9686459 ], [ -99.8453848, 30.9300481 ], [ -99.8903904, 30.9300481 ], [ -99.8903904, 30.9686459 ], [ -99.8453848, 30.9686459 ] ], [ [ -99.5753512, 30.9686459 ], [ -99.5753512, 30.9300481 ], [ -99.6203568, 30.9300481 ], [ -99.6203568, 30.9686459 ], [ -99.5753512, 30.9686459 ] ], [ [ -98.1351722, 30.9686459 ], [ -98.1351722, 30.9300481 ], [ -98.1801778, 30.9300481 ], [ -98.1801778, 30.9686459 ], [ -98.1351722, 30.9686459 ] ], [ [ -96.1099204, 30.9686459 ], [ -96.1099204, 30.9300481 ], [ -96.154926, 30.9300481 ], [ -96.154926, 30.9686459 ], [ -96.1099204, 30.9686459 ] ], [ [ -100.8805135, 30.9300481 ], [ -100.8805135, 30.8914347 ], [ -100.9255191, 30.8914347 ], [ -100.9255191, 30.9300481 ], [ -100.8805135, 30.9300481 ] ], [ [ -100.2504352, 30.9300481 ], [ -100.2504352, 30.8528057 ], [ -100.3404464, 30.8528057 ], [ -100.3404464, 30.9300481 ], [ -100.2504352, 30.9300481 ] ], [ [ -103.940894, 30.8914347 ], [ -103.940894, 30.8141612 ], [ -103.9858996, 30.8141612 ], [ -103.9858996, 30.8914347 ], [ -103.940894, 30.8914347 ] ], [ [ -102.3656982, 30.8914347 ], [ -102.3656982, 30.8141612 ], [ -102.4107038, 30.8141612 ], [ -102.4107038, 30.8914347 ], [ -102.3656982, 30.8914347 ] ], [ [ -102.1406702, 30.8914347 ], [ -102.1406702, 30.8528057 ], [ -102.1856758, 30.8528057 ], [ -102.1856758, 30.8914347 ], [ -102.1406702, 30.8914347 ] ], [ [ -101.0605359, 30.8914347 ], [ -101.0605359, 30.8528057 ], [ -101.0155303, 30.8528057 ], [ -101.0155303, 30.7755011 ], [ -101.1055415, 30.7755011 ], [ -101.1055415, 30.8528057 ], [ -101.1505471, 30.8528057 ], [ -101.1505471, 30.8914347 ], [ -101.0605359, 30.8914347 ] ], [ [ -100.9705247, 30.8914347 ], [ -100.9705247, 30.8528057 ], [ -101.0155303, 30.8528057 ], [ -101.0155303, 30.8914347 ], [ -100.9705247, 30.8914347 ] ], [ [ -99.710368, 30.8914347 ], [ -99.710368, 30.8528057 ], [ -99.7553736, 30.8528057 ], [ -99.7553736, 30.8914347 ], [ -99.710368, 30.8914347 ] ], [ [ -99.1703009, 30.8914347 ], [ -99.1703009, 30.8528057 ], [ -99.2153065, 30.8528057 ], [ -99.2153065, 30.8914347 ], [ -99.1703009, 30.8914347 ] ], [ [ -98.9902785, 30.8914347 ], [ -98.9902785, 30.8528057 ], [ -98.9452729, 30.8528057 ], [ -98.9452729, 30.8141612 ], [ -98.9902785, 30.8141612 ], [ -98.9902785, 30.7755011 ], [ -99.0352841, 30.7755011 ], [ -99.0352841, 30.8914347 ], [ -98.9902785, 30.8914347 ] ], [ [ -98.7652505, 30.8914347 ], [ -98.7652505, 30.8528057 ], [ -98.810256099999989, 30.8528057 ], [ -98.810256099999989, 30.8914347 ], [ -98.7652505, 30.8914347 ] ], [ [ -98.090166599999989, 30.8914347 ], [ -98.090166599999989, 30.8528057 ], [ -98.1351722, 30.8528057 ], [ -98.1351722, 30.8914347 ], [ -98.090166599999989, 30.8914347 ] ], [ [ -95.2548141, 30.8914347 ], [ -95.2548141, 30.8528057 ], [ -95.299819700000015, 30.8528057 ], [ -95.299819700000015, 30.8914347 ], [ -95.2548141, 30.8914347 ] ], [ [ -103.085787700000012, 30.8528057 ], [ -103.085787700000012, 30.8141612 ], [ -103.1307933, 30.8141612 ], [ -103.1307933, 30.7755011 ], [ -103.1757989, 30.7755011 ], [ -103.1757989, 30.8141612 ], [ -103.2658101, 30.8141612 ], [ -103.2658101, 30.8528057 ], [ -103.085787700000012, 30.8528057 ] ], [ [ -102.860759699999988, 30.8528057 ], [ -102.860759699999988, 30.8141612 ], [ -102.9507709, 30.8141612 ], [ -102.9507709, 30.8528057 ], [ -102.860759699999988, 30.8528057 ] ], [ [ -102.275687, 30.8528057 ], [ -102.275687, 30.8141612 ], [ -102.2306814, 30.8141612 ], [ -102.2306814, 30.7755011 ], [ -102.3206926, 30.7755011 ], [ -102.3206926, 30.8528057 ], [ -102.275687, 30.8528057 ] ], [ [ -101.3755751, 30.8528057 ], [ -101.3755751, 30.8141612 ], [ -101.4205807, 30.8141612 ], [ -101.4205807, 30.8528057 ], [ -101.3755751, 30.8528057 ] ], [ [ -101.240558299999989, 30.8528057 ], [ -101.240558299999989, 30.7755011 ], [ -101.2855639, 30.7755011 ], [ -101.2855639, 30.7368255 ], [ -101.3305695, 30.7368255 ], [ -101.3305695, 30.7755011 ], [ -101.3755751, 30.7755011 ], [ -101.3755751, 30.8141612 ], [ -101.2855639, 30.8141612 ], [ -101.2855639, 30.8528057 ], [ -101.240558299999989, 30.8528057 ] ], [ [ -99.7553736, 30.8528057 ], [ -99.7553736, 30.8141612 ], [ -99.8003792, 30.8141612 ], [ -99.8003792, 30.8528057 ], [ -99.7553736, 30.8528057 ] ], [ [ -99.2153065, 30.8528057 ], [ -99.2153065, 30.8141612 ], [ -99.2603121, 30.8141612 ], [ -99.2603121, 30.8528057 ], [ -99.2153065, 30.8528057 ] ], [ [ -98.855261700000014, 30.8528057 ], [ -98.855261700000014, 30.7755011 ], [ -98.9002673, 30.7755011 ], [ -98.9002673, 30.8528057 ], [ -98.855261700000014, 30.8528057 ] ], [ [ -95.7948812, 30.8528057 ], [ -95.7948812, 30.8141612 ], [ -95.8398868, 30.8141612 ], [ -95.8398868, 30.8528057 ], [ -95.7948812, 30.8528057 ] ], [ [ -95.659864399999989, 30.8528057 ], [ -95.659864399999989, 30.8141612 ], [ -95.70487, 30.8141612 ], [ -95.70487, 30.8528057 ], [ -95.659864399999989, 30.8528057 ] ], [ [ -102.7707485, 30.8141612 ], [ -102.7707485, 30.7755011 ], [ -102.8157541, 30.7755011 ], [ -102.8157541, 30.8141612 ], [ -102.7707485, 30.8141612 ] ], [ [ -102.6807374, 30.8141612 ], [ -102.6807374, 30.7755011 ], [ -102.725743, 30.7755011 ], [ -102.725743, 30.8141612 ], [ -102.6807374, 30.8141612 ] ], [ [ -102.500715, 30.8141612 ], [ -102.500715, 30.7755011 ], [ -102.5457206, 30.7755011 ], [ -102.5457206, 30.8141612 ], [ -102.500715, 30.8141612 ] ], [ [ -102.4107038, 30.8141612 ], [ -102.4107038, 30.7755011 ], [ -102.4557094, 30.7755011 ], [ -102.4557094, 30.8141612 ], [ -102.4107038, 30.8141612 ] ], [ [ -102.050659, 30.8141612 ], [ -102.050659, 30.7368255 ], [ -102.0956646, 30.7368255 ], [ -102.0956646, 30.8141612 ], [ -102.050659, 30.8141612 ] ], [ [ -100.4754632, 30.8141612 ], [ -100.4754632, 30.7755011 ], [ -100.520468799999989, 30.7755011 ], [ -100.520468799999989, 30.8141612 ], [ -100.4754632, 30.8141612 ] ], [ [ -100.0704128, 30.8141612 ], [ -100.0704128, 30.7755011 ], [ -100.1154184, 30.7755011 ], [ -100.1154184, 30.8141612 ], [ -100.0704128, 30.8141612 ] ], [ [ -99.935396, 30.8141612 ], [ -99.935396, 30.7755011 ], [ -99.9804016, 30.7755011 ], [ -99.9804016, 30.7368255 ], [ -100.025407199999989, 30.7368255 ], [ -100.025407199999989, 30.8141612 ], [ -99.935396, 30.8141612 ] ], [ [ -99.8453848, 30.8141612 ], [ -99.8453848, 30.7755011 ], [ -99.8003792, 30.7755011 ], [ -99.8003792, 30.7368255 ], [ -99.8453848, 30.7368255 ], [ -99.8453848, 30.6981343 ], [ -99.8903904, 30.6981343 ], [ -99.8903904, 30.8141612 ], [ -99.8453848, 30.8141612 ] ], [ [ -99.710368, 30.8141612 ], [ -99.710368, 30.7755011 ], [ -99.6653624, 30.7755011 ], [ -99.6653624, 30.7368255 ], [ -99.710368, 30.7368255 ], [ -99.710368, 30.6594277 ], [ -99.7553736, 30.6594277 ], [ -99.7553736, 30.6981343 ], [ -99.8003792, 30.6981343 ], [ -99.8003792, 30.7368255 ], [ -99.7553736, 30.7368255 ], [ -99.7553736, 30.8141612 ], [ -99.710368, 30.8141612 ] ], [ [ -99.6203568, 30.8141612 ], [ -99.6203568, 30.7755011 ], [ -99.6653624, 30.7755011 ], [ -99.6653624, 30.8141612 ], [ -99.6203568, 30.8141612 ] ], [ [ -99.530345700000012, 30.8141612 ], [ -99.530345700000012, 30.7755011 ], [ -99.5753512, 30.7755011 ], [ -99.5753512, 30.8141612 ], [ -99.530345700000012, 30.8141612 ] ], [ [ -97.820133, 30.8141612 ], [ -97.820133, 30.7755011 ], [ -97.9101442, 30.7755011 ], [ -97.9101442, 30.8141612 ], [ -97.820133, 30.8141612 ] ], [ [ -103.8508828, 30.7755011 ], [ -103.8508828, 30.7368255 ], [ -103.8958884, 30.7368255 ], [ -103.8958884, 30.7755011 ], [ -103.8508828, 30.7755011 ] ], [ [ -103.1757989, 30.7755011 ], [ -103.1757989, 30.7368255 ], [ -103.2208045, 30.7368255 ], [ -103.2208045, 30.7755011 ], [ -103.1757989, 30.7755011 ] ], [ [ -102.9507709, 30.7755011 ], [ -102.9507709, 30.7368255 ], [ -102.9057653, 30.7368255 ], [ -102.9057653, 30.7755011 ], [ -102.8157541, 30.7755011 ], [ -102.8157541, 30.7368255 ], [ -102.7707485, 30.7368255 ], [ -102.7707485, 30.6981343 ], [ -102.725743, 30.6981343 ], [ -102.725743, 30.6207055 ], [ -102.6807374, 30.6207055 ], [ -102.6807374, 30.5819678 ], [ -102.725743, 30.5819678 ], [ -102.725743, 30.5432147 ], [ -102.6807374, 30.5432147 ], [ -102.6807374, 30.4656619 ], [ -102.725743, 30.4656619 ], [ -102.725743, 30.504446 ], [ -102.7707485, 30.504446 ], [ -102.7707485, 30.5432147 ], [ -102.860759699999988, 30.5432147 ], [ -102.860759699999988, 30.5819678 ], [ -102.8157541, 30.5819678 ], [ -102.8157541, 30.6207055 ], [ -102.9057653, 30.6207055 ], [ -102.9057653, 30.5819678 ], [ -102.9507709, 30.5819678 ], [ -102.9507709, 30.6594277 ], [ -102.9957765, 30.6594277 ], [ -102.9957765, 30.6207055 ], [ -103.0407821, 30.6207055 ], [ -103.0407821, 30.6981343 ], [ -103.085787700000012, 30.6981343 ], [ -103.085787700000012, 30.7368255 ], [ -102.9957765, 30.7368255 ], [ -102.9957765, 30.7755011 ], [ -102.9507709, 30.7755011 ] ], [ [ -102.6357318, 30.7755011 ], [ -102.6357318, 30.6981343 ], [ -102.725743, 30.6981343 ], [ -102.725743, 30.7368255 ], [ -102.6807374, 30.7368255 ], [ -102.6807374, 30.7755011 ], [ -102.6357318, 30.7755011 ] ], [ [ -101.1055415, 30.7755011 ], [ -101.1055415, 30.7368255 ], [ -101.1505471, 30.7368255 ], [ -101.1505471, 30.7755011 ], [ -101.1055415, 30.7755011 ] ], [ [ -100.4304576, 30.7755011 ], [ -100.4304576, 30.7368255 ], [ -100.4754632, 30.7368255 ], [ -100.4754632, 30.7755011 ], [ -100.4304576, 30.7755011 ] ], [ [ -100.1154184, 30.7755011 ], [ -100.1154184, 30.7368255 ], [ -100.160424, 30.7368255 ], [ -100.160424, 30.7755011 ], [ -100.1154184, 30.7755011 ] ], [ [ -99.1252953, 30.7755011 ], [ -99.1252953, 30.7368255 ], [ -99.1703009, 30.7368255 ], [ -99.1703009, 30.7755011 ], [ -99.1252953, 30.7755011 ] ], [ [ -98.810256099999989, 30.7755011 ], [ -98.810256099999989, 30.7368255 ], [ -98.855261700000014, 30.7368255 ], [ -98.855261700000014, 30.7755011 ], [ -98.810256099999989, 30.7755011 ] ], [ [ -97.775127400000017, 30.7755011 ], [ -97.775127400000017, 30.6981343 ], [ -97.820133, 30.6981343 ], [ -97.820133, 30.7755011 ], [ -97.775127400000017, 30.7755011 ] ], [ [ -103.8958884, 30.7368255 ], [ -103.8958884, 30.6981343 ], [ -103.9858996, 30.6981343 ], [ -103.9858996, 30.7368255 ], [ -103.8958884, 30.7368255 ] ], [ [ -102.5457206, 30.7368255 ], [ -102.5457206, 30.6981343 ], [ -102.5907262, 30.6981343 ], [ -102.5907262, 30.7368255 ], [ -102.5457206, 30.7368255 ] ], [ [ -102.4107038, 30.7368255 ], [ -102.4107038, 30.6981343 ], [ -102.4557094, 30.6981343 ], [ -102.4557094, 30.6594277 ], [ -102.500715, 30.6594277 ], [ -102.500715, 30.7368255 ], [ -102.4107038, 30.7368255 ] ], [ [ -102.0056534, 30.7368255 ], [ -102.0056534, 30.6981343 ], [ -102.050659, 30.6981343 ], [ -102.050659, 30.7368255 ], [ -102.0056534, 30.7368255 ] ], [ [ -101.8706366, 30.7368255 ], [ -101.8706366, 30.6981343 ], [ -101.9156422, 30.6981343 ], [ -101.9156422, 30.7368255 ], [ -101.8706366, 30.7368255 ] ], [ [ -101.3305695, 30.7368255 ], [ -101.3305695, 30.6981343 ], [ -101.3755751, 30.6981343 ], [ -101.3755751, 30.7368255 ], [ -101.3305695, 30.7368255 ] ], [ [ -100.9705247, 30.7368255 ], [ -100.9705247, 30.6594277 ], [ -101.0605359, 30.6594277 ], [ -101.0605359, 30.6981343 ], [ -101.1055415, 30.6981343 ], [ -101.1055415, 30.7368255 ], [ -100.9705247, 30.7368255 ] ], [ [ -100.2054296, 30.7368255 ], [ -100.2054296, 30.6981343 ], [ -100.2504352, 30.6981343 ], [ -100.2504352, 30.7368255 ], [ -100.2054296, 30.7368255 ] ], [ [ -99.935396, 30.7368255 ], [ -99.935396, 30.6981343 ], [ -99.9804016, 30.6981343 ], [ -99.9804016, 30.7368255 ], [ -99.935396, 30.7368255 ] ], [ [ -99.6203568, 30.7368255 ], [ -99.6203568, 30.6981343 ], [ -99.6653624, 30.6981343 ], [ -99.6653624, 30.7368255 ], [ -99.6203568, 30.7368255 ] ], [ [ -99.3953289, 30.7368255 ], [ -99.3953289, 30.6594277 ], [ -99.3503233, 30.6594277 ], [ -99.3503233, 30.5432147 ], [ -99.3953289, 30.5432147 ], [ -99.3953289, 30.504446 ], [ -99.4853401, 30.504446 ], [ -99.4853401, 30.5432147 ], [ -99.4403345, 30.5432147 ], [ -99.4403345, 30.5819678 ], [ -99.3953289, 30.5819678 ], [ -99.3953289, 30.6207055 ], [ -99.4853401, 30.6207055 ], [ -99.4853401, 30.6594277 ], [ -99.530345700000012, 30.6594277 ], [ -99.530345700000012, 30.6981343 ], [ -99.4853401, 30.6981343 ], [ -99.4853401, 30.7368255 ], [ -99.3953289, 30.7368255 ] ], [ [ -99.2603121, 30.7368255 ], [ -99.2603121, 30.6981343 ], [ -99.3503233, 30.6981343 ], [ -99.3503233, 30.7368255 ], [ -99.2603121, 30.7368255 ] ], [ [ -98.495217, 30.7368255 ], [ -98.495217, 30.6981343 ], [ -98.5402225, 30.6981343 ], [ -98.5402225, 30.6594277 ], [ -98.5852281, 30.6594277 ], [ -98.5852281, 30.6981343 ], [ -98.6302337, 30.6981343 ], [ -98.6302337, 30.7368255 ], [ -98.495217, 30.7368255 ] ], [ [ -95.8398868, 30.7368255 ], [ -95.8398868, 30.6981343 ], [ -95.8848924, 30.6981343 ], [ -95.8848924, 30.7368255 ], [ -95.8398868, 30.7368255 ] ], [ [ -94.8947693, 30.7368255 ], [ -94.8947693, 30.6594277 ], [ -94.939774899999989, 30.6594277 ], [ -94.939774899999989, 30.7368255 ], [ -94.8947693, 30.7368255 ] ], [ [ -101.5105919, 30.6981343 ], [ -101.5105919, 30.6594277 ], [ -101.6006031, 30.6594277 ], [ -101.6006031, 30.6981343 ], [ -101.5105919, 30.6981343 ] ], [ [ -100.385452, 30.6981343 ], [ -100.385452, 30.6594277 ], [ -100.4304576, 30.6594277 ], [ -100.4304576, 30.6207055 ], [ -100.4754632, 30.6207055 ], [ -100.4754632, 30.6981343 ], [ -100.385452, 30.6981343 ] ], [ [ -99.9804016, 30.6981343 ], [ -99.9804016, 30.6594277 ], [ -100.025407199999989, 30.6594277 ], [ -100.025407199999989, 30.5819678 ], [ -100.160424, 30.5819678 ], [ -100.160424, 30.6207055 ], [ -100.2054296, 30.6207055 ], [ -100.2054296, 30.6594277 ], [ -100.1154184, 30.6594277 ], [ -100.1154184, 30.6207055 ], [ -100.0704128, 30.6207055 ], [ -100.0704128, 30.6981343 ], [ -99.9804016, 30.6981343 ] ], [ [ -99.0352841, 30.6981343 ], [ -99.0352841, 30.6594277 ], [ -99.1252953, 30.6594277 ], [ -99.1252953, 30.6981343 ], [ -99.0352841, 30.6981343 ] ], [ [ -98.9002673, 30.6981343 ], [ -98.9002673, 30.6594277 ], [ -98.9452729, 30.6594277 ], [ -98.9452729, 30.6981343 ], [ -98.9002673, 30.6981343 ] ], [ [ -98.6302337, 30.6981343 ], [ -98.6302337, 30.6594277 ], [ -98.6752393, 30.6594277 ], [ -98.6752393, 30.6207055 ], [ -98.7202449, 30.6207055 ], [ -98.7202449, 30.5819678 ], [ -98.7652505, 30.5819678 ], [ -98.7652505, 30.6594277 ], [ -98.7202449, 30.6594277 ], [ -98.7202449, 30.6981343 ], [ -98.6302337, 30.6981343 ] ], [ [ -98.1801778, 30.6981343 ], [ -98.1801778, 30.6207055 ], [ -98.2251834, 30.6207055 ], [ -98.2251834, 30.6981343 ], [ -98.1801778, 30.6981343 ] ], [ [ -97.9551498, 30.6981343 ], [ -97.9551498, 30.6594277 ], [ -97.9101442, 30.6594277 ], [ -97.9101442, 30.6207055 ], [ -97.9551498, 30.6207055 ], [ -97.9551498, 30.504446 ], [ -97.8651386, 30.504446 ], [ -97.8651386, 30.5432147 ], [ -97.820133, 30.5432147 ], [ -97.820133, 30.4656619 ], [ -97.775127400000017, 30.4656619 ], [ -97.775127400000017, 30.4268624 ], [ -97.6851162, 30.4268624 ], [ -97.6851162, 30.27151 ], [ -97.775127400000017, 30.27151 ], [ -97.775127400000017, 30.154834 ], [ -97.820133, 30.154834 ], [ -97.820133, 30.27151 ], [ -97.9101442, 30.27151 ], [ -97.9101442, 30.1937414 ], [ -97.9551498, 30.1937414 ], [ -97.9551498, 30.2326334 ], [ -98.000155400000011, 30.2326334 ], [ -98.000155400000011, 30.154834 ], [ -97.9101442, 30.154834 ], [ -97.9101442, 30.1159113 ], [ -97.9551498, 30.1159113 ], [ -97.9551498, 29.9600671 ], [ -98.000155400000011, 29.9600671 ], [ -98.000155400000011, 29.8430234 ], [ -98.045161, 29.8430234 ], [ -98.045161, 29.7649179 ], [ -98.090166599999989, 29.7649179 ], [ -98.090166599999989, 29.8039783 ], [ -98.1351722, 29.8039783 ], [ -98.1351722, 29.8430234 ], [ -98.1801778, 29.8430234 ], [ -98.1801778, 29.7258423 ], [ -98.1351722, 29.7258423 ], [ -98.1351722, 29.6867515 ], [ -98.2251834, 29.6867515 ], [ -98.2251834, 29.6476454 ], [ -98.3151946, 29.6476454 ], [ -98.3151946, 29.6085242 ], [ -98.3602002, 29.6085242 ], [ -98.3602002, 29.5302362 ], [ -98.4052058, 29.5302362 ], [ -98.4052058, 29.4518875 ], [ -98.4502114, 29.4518875 ], [ -98.4502114, 29.4126905 ], [ -98.4052058, 29.4126905 ], [ -98.4052058, 29.334251 ], [ -98.5402225, 29.334251 ], [ -98.5402225, 29.3734783 ], [ -98.5852281, 29.3734783 ], [ -98.5852281, 29.4910694 ], [ -98.6752393, 29.4910694 ], [ -98.6752393, 29.5693878 ], [ -98.5852281, 29.5693878 ], [ -98.5852281, 29.6476454 ], [ -98.6302337, 29.6476454 ], [ -98.6302337, 29.8039783 ], [ -98.5852281, 29.8039783 ], [ -98.5852281, 29.7649179 ], [ -98.5402225, 29.7649179 ], [ -98.5402225, 29.7258423 ], [ -98.4502114, 29.7258423 ], [ -98.4502114, 29.6867515 ], [ -98.4052058, 29.6867515 ], [ -98.4052058, 29.7258423 ], [ -98.3602002, 29.7258423 ], [ -98.3602002, 29.7649179 ], [ -98.4052058, 29.7649179 ], [ -98.4052058, 29.8430234 ], [ -98.495217, 29.8430234 ], [ -98.495217, 29.8039783 ], [ -98.5402225, 29.8039783 ], [ -98.5402225, 29.8820532 ], [ -98.5852281, 29.8820532 ], [ -98.5852281, 29.8430234 ], [ -98.6302337, 29.8430234 ], [ -98.6302337, 29.8820532 ], [ -98.6752393, 29.8820532 ], [ -98.6752393, 29.9210678 ], [ -98.7202449, 29.9210678 ], [ -98.7202449, 29.9600671 ], [ -98.5402225, 29.9600671 ], [ -98.5402225, 29.9990512 ], [ -98.495217, 29.9990512 ], [ -98.495217, 29.9600671 ], [ -98.4502114, 29.9600671 ], [ -98.4502114, 29.9990512 ], [ -98.3602002, 29.9990512 ], [ -98.3602002, 30.0380199 ], [ -98.3151946, 30.0380199 ], [ -98.3151946, 30.1937414 ], [ -98.270189, 30.1937414 ], [ -98.270189, 30.27151 ], [ -98.3151946, 30.27151 ], [ -98.3151946, 30.2326334 ], [ -98.4052058, 30.2326334 ], [ -98.4052058, 30.1937414 ], [ -98.3602002, 30.1937414 ], [ -98.3602002, 30.154834 ], [ -98.4052058, 30.154834 ], [ -98.4052058, 30.1159113 ], [ -98.495217, 30.1159113 ], [ -98.495217, 30.0769733 ], [ -98.5852281, 30.0769733 ], [ -98.5852281, 30.0380199 ], [ -98.6752393, 30.0380199 ], [ -98.6752393, 30.0769733 ], [ -98.7652505, 30.0769733 ], [ -98.7652505, 29.9990512 ], [ -98.810256099999989, 29.9990512 ], [ -98.810256099999989, 30.1159113 ], [ -98.7652505, 30.1159113 ], [ -98.7652505, 30.154834 ], [ -98.7202449, 30.154834 ], [ -98.7202449, 30.1159113 ], [ -98.6752393, 30.1159113 ], [ -98.6752393, 30.154834 ], [ -98.5852281, 30.154834 ], [ -98.5852281, 30.1159113 ], [ -98.5402225, 30.1159113 ], [ -98.5402225, 30.154834 ], [ -98.4502114, 30.154834 ], [ -98.4502114, 30.2326334 ], [ -98.495217, 30.2326334 ], [ -98.495217, 30.3103712 ], [ -98.5402225, 30.3103712 ], [ -98.5402225, 30.349217 ], [ -98.495217, 30.349217 ], [ -98.495217, 30.4268624 ], [ -98.4502114, 30.4268624 ], [ -98.4502114, 30.4656619 ], [ -98.4052058, 30.4656619 ], [ -98.4052058, 30.504446 ], [ -98.3602002, 30.504446 ], [ -98.3602002, 30.5432147 ], [ -98.270189, 30.5432147 ], [ -98.270189, 30.4656619 ], [ -98.2251834, 30.4656619 ], [ -98.2251834, 30.5432147 ], [ -98.1351722, 30.5432147 ], [ -98.1351722, 30.6594277 ], [ -98.090166599999989, 30.6594277 ], [ -98.090166599999989, 30.6207055 ], [ -98.045161, 30.6207055 ], [ -98.045161, 30.6981343 ], [ -97.9551498, 30.6981343 ] ], [ [ -95.4348364, 30.6981343 ], [ -95.4348364, 30.6594277 ], [ -95.479842, 30.6594277 ], [ -95.479842, 30.6981343 ], [ -95.4348364, 30.6981343 ] ], [ [ -103.9858996, 30.6594277 ], [ -103.9858996, 30.6207055 ], [ -104.0309052, 30.6207055 ], [ -104.0309052, 30.6594277 ], [ -103.9858996, 30.6594277 ] ], [ [ -103.8958884, 30.6594277 ], [ -103.8958884, 30.6207055 ], [ -103.940894, 30.6207055 ], [ -103.940894, 30.6594277 ], [ -103.8958884, 30.6594277 ] ], [ [ -103.8058772, 30.6594277 ], [ -103.8058772, 30.6207055 ], [ -103.8508828, 30.6207055 ], [ -103.8508828, 30.6594277 ], [ -103.8058772, 30.6594277 ] ], [ [ -102.275687, 30.6594277 ], [ -102.275687, 30.6207055 ], [ -102.3206926, 30.6207055 ], [ -102.3206926, 30.6594277 ], [ -102.275687, 30.6594277 ] ], [ [ -101.3305695, 30.6594277 ], [ -101.3305695, 30.6207055 ], [ -101.3755751, 30.6207055 ], [ -101.3755751, 30.6594277 ], [ -101.3305695, 30.6594277 ] ], [ [ -100.3404464, 30.6594277 ], [ -100.3404464, 30.6207055 ], [ -100.385452, 30.6207055 ], [ -100.385452, 30.6594277 ], [ -100.3404464, 30.6594277 ] ], [ [ -100.2504352, 30.6594277 ], [ -100.2504352, 30.6207055 ], [ -100.2954408, 30.6207055 ], [ -100.2954408, 30.6594277 ], [ -100.2504352, 30.6594277 ] ], [ [ -99.8903904, 30.6594277 ], [ -99.8903904, 30.6207055 ], [ -99.935396, 30.6207055 ], [ -99.935396, 30.6594277 ], [ -99.8903904, 30.6594277 ] ], [ [ -99.6203568, 30.6594277 ], [ -99.6203568, 30.6207055 ], [ -99.6653624, 30.6207055 ], [ -99.6653624, 30.6594277 ], [ -99.6203568, 30.6594277 ] ], [ [ -98.9902785, 30.6594277 ], [ -98.9902785, 30.6207055 ], [ -99.0352841, 30.6207055 ], [ -99.0352841, 30.6594277 ], [ -98.9902785, 30.6594277 ] ], [ [ -98.495217, 30.6594277 ], [ -98.495217, 30.6207055 ], [ -98.5402225, 30.6207055 ], [ -98.5402225, 30.6594277 ], [ -98.495217, 30.6594277 ] ], [ [ -95.7498756, 30.6594277 ], [ -95.7498756, 30.5819678 ], [ -95.7948812, 30.5819678 ], [ -95.7948812, 30.6594277 ], [ -95.7498756, 30.6594277 ] ], [ [ -95.5698532, 30.6594277 ], [ -95.5698532, 30.6207055 ], [ -95.6148588, 30.6207055 ], [ -95.6148588, 30.6594277 ], [ -95.5698532, 30.6594277 ] ], [ [ -103.940894, 30.6207055 ], [ -103.940894, 30.5819678 ], [ -103.9858996, 30.5819678 ], [ -103.9858996, 30.6207055 ], [ -103.940894, 30.6207055 ] ], [ [ -102.0956646, 30.6207055 ], [ -102.0956646, 30.5819678 ], [ -102.1406702, 30.5819678 ], [ -102.1406702, 30.5432147 ], [ -102.1856758, 30.5432147 ], [ -102.1856758, 30.6207055 ], [ -102.0956646, 30.6207055 ] ], [ [ -101.8706366, 30.6207055 ], [ -101.8706366, 30.5819678 ], [ -101.9156422, 30.5819678 ], [ -101.9156422, 30.6207055 ], [ -101.8706366, 30.6207055 ] ], [ [ -101.3755751, 30.6207055 ], [ -101.3755751, 30.5819678 ], [ -101.4205807, 30.5819678 ], [ -101.4205807, 30.6207055 ], [ -101.3755751, 30.6207055 ] ], [ [ -99.8003792, 30.6207055 ], [ -99.8003792, 30.5819678 ], [ -99.8453848, 30.5819678 ], [ -99.8453848, 30.6207055 ], [ -99.8003792, 30.6207055 ] ], [ [ -99.1703009, 30.6207055 ], [ -99.1703009, 30.5432147 ], [ -99.305317699999989, 30.5432147 ], [ -99.305317699999989, 30.5819678 ], [ -99.2603121, 30.5819678 ], [ -99.2603121, 30.6207055 ], [ -99.1703009, 30.6207055 ] ], [ [ -98.855261700000014, 30.6207055 ], [ -98.855261700000014, 30.5819678 ], [ -98.9002673, 30.5819678 ], [ -98.9002673, 30.6207055 ], [ -98.855261700000014, 30.6207055 ] ], [ [ -98.6302337, 30.6207055 ], [ -98.6302337, 30.5819678 ], [ -98.6752393, 30.5819678 ], [ -98.6752393, 30.6207055 ], [ -98.6302337, 30.6207055 ] ], [ [ -98.4052058, 30.6207055 ], [ -98.4052058, 30.5819678 ], [ -98.4502114, 30.5819678 ], [ -98.4502114, 30.6207055 ], [ -98.4052058, 30.6207055 ] ], [ [ -95.8398868, 30.6207055 ], [ -95.8398868, 30.5819678 ], [ -95.8848924, 30.5819678 ], [ -95.8848924, 30.6207055 ], [ -95.8398868, 30.6207055 ] ], [ [ -95.4348364, 30.6207055 ], [ -95.4348364, 30.5819678 ], [ -95.479842, 30.5819678 ], [ -95.479842, 30.6207055 ], [ -95.4348364, 30.6207055 ] ], [ [ -94.8947693, 30.6207055 ], [ -94.8947693, 30.5819678 ], [ -94.939774899999989, 30.5819678 ], [ -94.939774899999989, 30.6207055 ], [ -94.8947693, 30.6207055 ] ], [ [ -103.8058772, 30.5819678 ], [ -103.8058772, 30.5432147 ], [ -103.8508828, 30.5432147 ], [ -103.8508828, 30.5819678 ], [ -103.8058772, 30.5819678 ] ], [ [ -102.9507709, 30.5819678 ], [ -102.9507709, 30.5432147 ], [ -103.0407821, 30.5432147 ], [ -103.0407821, 30.5819678 ], [ -102.9507709, 30.5819678 ] ], [ [ -102.4557094, 30.5819678 ], [ -102.4557094, 30.504446 ], [ -102.4107038, 30.504446 ], [ -102.4107038, 30.5819678 ], [ -102.3656982, 30.5819678 ], [ -102.3656982, 30.5432147 ], [ -102.3206926, 30.5432147 ], [ -102.3206926, 30.504446 ], [ -102.3656982, 30.504446 ], [ -102.3656982, 30.4268624 ], [ -102.4107038, 30.4268624 ], [ -102.4107038, 30.4656619 ], [ -102.4557094, 30.4656619 ], [ -102.4557094, 30.349217 ], [ -102.500715, 30.349217 ], [ -102.500715, 30.3880474 ], [ -102.5457206, 30.3880474 ], [ -102.5457206, 30.4268624 ], [ -102.500715, 30.4268624 ], [ -102.500715, 30.4656619 ], [ -102.5457206, 30.4656619 ], [ -102.5457206, 30.5432147 ], [ -102.500715, 30.5432147 ], [ -102.500715, 30.5819678 ], [ -102.4557094, 30.5819678 ] ], [ [ -101.240558299999989, 30.5819678 ], [ -101.240558299999989, 30.5432147 ], [ -101.2855639, 30.5432147 ], [ -101.2855639, 30.5819678 ], [ -101.240558299999989, 30.5819678 ] ], [ [ -100.2054296, 30.5819678 ], [ -100.2054296, 30.5432147 ], [ -100.160424, 30.5432147 ], [ -100.160424, 30.504446 ], [ -100.2504352, 30.504446 ], [ -100.2504352, 30.5432147 ], [ -100.2954408, 30.5432147 ], [ -100.2954408, 30.5819678 ], [ -100.2054296, 30.5819678 ] ], [ [ -99.8903904, 30.5819678 ], [ -99.8903904, 30.5432147 ], [ -100.025407199999989, 30.5432147 ], [ -100.025407199999989, 30.5819678 ], [ -99.8903904, 30.5819678 ] ], [ [ -99.0802897, 30.5819678 ], [ -99.0802897, 30.4656619 ], [ -99.1252953, 30.4656619 ], [ -99.1252953, 30.504446 ], [ -99.1703009, 30.504446 ], [ -99.1703009, 30.5432147 ], [ -99.1252953, 30.5432147 ], [ -99.1252953, 30.5819678 ], [ -99.0802897, 30.5819678 ] ], [ [ -98.9452729, 30.5819678 ], [ -98.9452729, 30.504446 ], [ -98.9902785, 30.504446 ], [ -98.9902785, 30.5819678 ], [ -98.9452729, 30.5819678 ] ], [ [ -98.810256099999989, 30.5819678 ], [ -98.810256099999989, 30.4656619 ], [ -98.855261700000014, 30.4656619 ], [ -98.855261700000014, 30.4268624 ], [ -98.9002673, 30.4268624 ], [ -98.9002673, 30.4656619 ], [ -98.9452729, 30.4656619 ], [ -98.9452729, 30.504446 ], [ -98.9002673, 30.504446 ], [ -98.9002673, 30.5432147 ], [ -98.855261700000014, 30.5432147 ], [ -98.855261700000014, 30.5819678 ], [ -98.810256099999989, 30.5819678 ] ], [ [ -97.8651386, 30.5819678 ], [ -97.8651386, 30.5432147 ], [ -97.9101442, 30.5432147 ], [ -97.9101442, 30.5819678 ], [ -97.8651386, 30.5819678 ] ], [ [ -95.5698532, 30.5819678 ], [ -95.5698532, 30.504446 ], [ -95.6148588, 30.504446 ], [ -95.6148588, 30.4656619 ], [ -95.659864399999989, 30.4656619 ], [ -95.659864399999989, 30.5432147 ], [ -95.70487, 30.5432147 ], [ -95.70487, 30.504446 ], [ -95.7498756, 30.504446 ], [ -95.7498756, 30.4656619 ], [ -95.8398868, 30.4656619 ], [ -95.8398868, 30.504446 ], [ -95.7948812, 30.504446 ], [ -95.7948812, 30.5432147 ], [ -95.7498756, 30.5432147 ], [ -95.7498756, 30.5819678 ], [ -95.5698532, 30.5819678 ] ], [ [ -94.939774899999989, 30.5819678 ], [ -94.939774899999989, 30.5432147 ], [ -94.9847805, 30.5432147 ], [ -94.9847805, 30.5819678 ], [ -94.939774899999989, 30.5819678 ] ], [ [ -102.9057653, 30.5432147 ], [ -102.9057653, 30.504446 ], [ -102.9507709, 30.504446 ], [ -102.9507709, 30.5432147 ], [ -102.9057653, 30.5432147 ] ], [ [ -101.6906142, 30.5432147 ], [ -101.6906142, 30.504446 ], [ -101.825631, 30.504446 ], [ -101.825631, 30.5432147 ], [ -101.6906142, 30.5432147 ] ], [ [ -101.5105919, 30.5432147 ], [ -101.5105919, 30.504446 ], [ -101.5555975, 30.504446 ], [ -101.5555975, 30.5432147 ], [ -101.5105919, 30.5432147 ] ], [ [ -101.1955527, 30.5432147 ], [ -101.1955527, 30.4268624 ], [ -101.240558299999989, 30.4268624 ], [ -101.240558299999989, 30.4656619 ], [ -101.3305695, 30.4656619 ], [ -101.3305695, 30.504446 ], [ -101.240558299999989, 30.504446 ], [ -101.240558299999989, 30.5432147 ], [ -101.1955527, 30.5432147 ] ], [ [ -100.4754632, 30.5432147 ], [ -100.4754632, 30.504446 ], [ -100.5654744, 30.504446 ], [ -100.5654744, 30.5432147 ], [ -100.4754632, 30.5432147 ] ], [ [ -100.2954408, 30.5432147 ], [ -100.2954408, 30.504446 ], [ -100.3404464, 30.504446 ], [ -100.3404464, 30.5432147 ], [ -100.2954408, 30.5432147 ] ], [ [ -99.305317699999989, 30.5432147 ], [ -99.305317699999989, 30.504446 ], [ -99.3503233, 30.504446 ], [ -99.3503233, 30.5432147 ], [ -99.305317699999989, 30.5432147 ] ], [ [ -98.5402225, 30.5432147 ], [ -98.5402225, 30.504446 ], [ -98.5852281, 30.504446 ], [ -98.5852281, 30.5432147 ], [ -98.5402225, 30.5432147 ] ], [ [ -98.4052058, 30.5432147 ], [ -98.4052058, 30.504446 ], [ -98.4502114, 30.504446 ], [ -98.4502114, 30.5432147 ], [ -98.4052058, 30.5432147 ] ], [ [ -97.6851162, 30.5432147 ], [ -97.6851162, 30.504446 ], [ -97.7301218, 30.504446 ], [ -97.7301218, 30.5432147 ], [ -97.6851162, 30.5432147 ] ], [ [ -95.3448253, 30.5432147 ], [ -95.3448253, 30.504446 ], [ -95.3898308, 30.504446 ], [ -95.3898308, 30.5432147 ], [ -95.3448253, 30.5432147 ] ], [ [ -94.9847805, 30.5432147 ], [ -94.9847805, 30.504446 ], [ -95.0297861, 30.504446 ], [ -95.0297861, 30.5432147 ], [ -94.9847805, 30.5432147 ] ], [ [ -94.8947693, 30.5432147 ], [ -94.8947693, 30.4656619 ], [ -94.939774899999989, 30.4656619 ], [ -94.939774899999989, 30.5432147 ], [ -94.8947693, 30.5432147 ] ], [ [ -102.275687, 30.504446 ], [ -102.275687, 30.4656619 ], [ -102.3206926, 30.4656619 ], [ -102.3206926, 30.504446 ], [ -102.275687, 30.504446 ] ], [ [ -100.3404464, 30.504446 ], [ -100.3404464, 30.4656619 ], [ -100.2504352, 30.4656619 ], [ -100.2504352, 30.4268624 ], [ -100.385452, 30.4268624 ], [ -100.385452, 30.504446 ], [ -100.3404464, 30.504446 ] ], [ [ -99.8003792, 30.504446 ], [ -99.8003792, 30.4656619 ], [ -99.8453848, 30.4656619 ], [ -99.8453848, 30.504446 ], [ -99.8003792, 30.504446 ] ], [ [ -99.4853401, 30.504446 ], [ -99.4853401, 30.4656619 ], [ -99.530345700000012, 30.4656619 ], [ -99.530345700000012, 30.4268624 ], [ -99.4853401, 30.4268624 ], [ -99.4853401, 30.3880474 ], [ -99.4403345, 30.3880474 ], [ -99.4403345, 30.349217 ], [ -99.3953289, 30.349217 ], [ -99.3953289, 30.27151 ], [ -99.3503233, 30.27151 ], [ -99.3503233, 30.2326334 ], [ -99.3953289, 30.2326334 ], [ -99.3953289, 30.1937414 ], [ -99.3503233, 30.1937414 ], [ -99.3503233, 30.0769733 ], [ -99.3953289, 30.0769733 ], [ -99.3953289, 30.0380199 ], [ -99.305317699999989, 30.0380199 ], [ -99.305317699999989, 29.9990512 ], [ -99.2603121, 29.9990512 ], [ -99.2603121, 30.0380199 ], [ -99.2153065, 30.0380199 ], [ -99.2153065, 29.9210678 ], [ -99.1703009, 29.9210678 ], [ -99.1703009, 29.8820532 ], [ -99.1252953, 29.8820532 ], [ -99.1252953, 29.8430234 ], [ -99.2153065, 29.8430234 ], [ -99.2153065, 29.8820532 ], [ -99.2603121, 29.8820532 ], [ -99.2603121, 29.8430234 ], [ -99.305317699999989, 29.8430234 ], [ -99.305317699999989, 29.8039783 ], [ -99.4403345, 29.8039783 ], [ -99.4403345, 29.7649179 ], [ -99.3953289, 29.7649179 ], [ -99.3953289, 29.7258423 ], [ -99.4853401, 29.7258423 ], [ -99.4853401, 29.7649179 ], [ -99.5753512, 29.7649179 ], [ -99.5753512, 29.8039783 ], [ -99.6203568, 29.8039783 ], [ -99.6203568, 29.7258423 ], [ -99.5753512, 29.7258423 ], [ -99.5753512, 29.6867515 ], [ -99.6203568, 29.6867515 ], [ -99.6203568, 29.5693878 ], [ -99.530345700000012, 29.5693878 ], [ -99.530345700000012, 29.4518875 ], [ -99.6653624, 29.4518875 ], [ -99.6653624, 29.4910694 ], [ -99.6203568, 29.4910694 ], [ -99.6203568, 29.5302362 ], [ -99.6653624, 29.5302362 ], [ -99.6653624, 29.6476454 ], [ -99.710368, 29.6476454 ], [ -99.710368, 29.6867515 ], [ -99.7553736, 29.6867515 ], [ -99.7553736, 29.7258423 ], [ -99.710368, 29.7258423 ], [ -99.710368, 29.8039783 ], [ -99.8003792, 29.8039783 ], [ -99.8003792, 29.6867515 ], [ -99.8453848, 29.6867515 ], [ -99.8453848, 29.5693878 ], [ -99.8003792, 29.5693878 ], [ -99.8003792, 29.6085242 ], [ -99.7553736, 29.6085242 ], [ -99.7553736, 29.5302362 ], [ -99.710368, 29.5302362 ], [ -99.710368, 29.4518875 ], [ -99.7553736, 29.4518875 ], [ -99.7553736, 29.4126905 ], [ -99.8003792, 29.4126905 ], [ -99.8003792, 29.334251 ], [ -99.935396, 29.334251 ], [ -99.935396, 29.4518875 ], [ -99.9804016, 29.4518875 ], [ -99.9804016, 29.5302362 ], [ -99.935396, 29.5302362 ], [ -99.935396, 29.5693878 ], [ -99.8903904, 29.5693878 ], [ -99.8903904, 29.6085242 ], [ -99.935396, 29.6085242 ], [ -99.935396, 29.6476454 ], [ -99.9804016, 29.6476454 ], [ -99.9804016, 29.6867515 ], [ -99.935396, 29.6867515 ], [ -99.935396, 29.7258423 ], [ -100.025407199999989, 29.7258423 ], [ -100.025407199999989, 29.7649179 ], [ -99.9804016, 29.7649179 ], [ -99.9804016, 29.8039783 ], [ -99.935396, 29.8039783 ], [ -99.935396, 29.9210678 ], [ -99.8903904, 29.9210678 ], [ -99.8903904, 29.8820532 ], [ -99.8453848, 29.8820532 ], [ -99.8453848, 30.0380199 ], [ -99.8903904, 30.0380199 ], [ -99.8903904, 29.9990512 ], [ -100.025407199999989, 29.9990512 ], [ -100.025407199999989, 30.0380199 ], [ -100.1154184, 30.0380199 ], [ -100.1154184, 29.9990512 ], [ -100.0704128, 29.9990512 ], [ -100.0704128, 29.9600671 ], [ -100.1154184, 29.9600671 ], [ -100.1154184, 29.9210678 ], [ -100.160424, 29.9210678 ], [ -100.160424, 29.8039783 ], [ -100.2054296, 29.8039783 ], [ -100.2054296, 29.7649179 ], [ -100.160424, 29.7649179 ], [ -100.160424, 29.6867515 ], [ -100.1154184, 29.6867515 ], [ -100.1154184, 29.6476454 ], [ -100.0704128, 29.6476454 ], [ -100.0704128, 29.6085242 ], [ -100.025407199999989, 29.6085242 ], [ -100.025407199999989, 29.5693878 ], [ -100.0704128, 29.5693878 ], [ -100.0704128, 29.5302362 ], [ -100.1154184, 29.5302362 ], [ -100.1154184, 29.5693878 ], [ -100.2054296, 29.5693878 ], [ -100.2054296, 29.6476454 ], [ -100.2504352, 29.6476454 ], [ -100.2504352, 29.6085242 ], [ -100.3404464, 29.6085242 ], [ -100.3404464, 29.6476454 ], [ -100.2954408, 29.6476454 ], [ -100.2954408, 29.6867515 ], [ -100.385452, 29.6867515 ], [ -100.385452, 29.7649179 ], [ -100.3404464, 29.7649179 ], [ -100.3404464, 29.8039783 ], [ -100.385452, 29.8039783 ], [ -100.385452, 29.9210678 ], [ -100.3404464, 29.9210678 ], [ -100.3404464, 30.0380199 ], [ -100.385452, 30.0380199 ], [ -100.385452, 30.1937414 ], [ -100.3404464, 30.1937414 ], [ -100.3404464, 30.1159113 ], [ -100.2954408, 30.1159113 ], [ -100.2954408, 30.154834 ], [ -100.2504352, 30.154834 ], [ -100.2504352, 30.1937414 ], [ -100.2054296, 30.1937414 ], [ -100.2054296, 30.27151 ], [ -100.160424, 30.27151 ], [ -100.160424, 30.1937414 ], [ -100.0704128, 30.1937414 ], [ -100.0704128, 30.2326334 ], [ -100.025407199999989, 30.2326334 ], [ -100.025407199999989, 30.27151 ], [ -99.9804016, 30.27151 ], [ -99.9804016, 30.2326334 ], [ -99.935396, 30.2326334 ], [ -99.935396, 30.27151 ], [ -99.8903904, 30.27151 ], [ -99.8903904, 30.349217 ], [ -99.8453848, 30.349217 ], [ -99.8453848, 30.3103712 ], [ -99.7553736, 30.3103712 ], [ -99.7553736, 30.349217 ], [ -99.8003792, 30.349217 ], [ -99.8003792, 30.4268624 ], [ -99.710368, 30.4268624 ], [ -99.710368, 30.3880474 ], [ -99.6653624, 30.3880474 ], [ -99.6653624, 30.2326334 ], [ -99.6203568, 30.2326334 ], [ -99.6203568, 30.27151 ], [ -99.5753512, 30.27151 ], [ -99.5753512, 30.3103712 ], [ -99.530345700000012, 30.3103712 ], [ -99.530345700000012, 30.349217 ], [ -99.6203568, 30.349217 ], [ -99.6203568, 30.4268624 ], [ -99.5753512, 30.4268624 ], [ -99.5753512, 30.504446 ], [ -99.4853401, 30.504446 ] ], [ [ -98.6752393, 30.504446 ], [ -98.6752393, 30.4656619 ], [ -98.7202449, 30.4656619 ], [ -98.7202449, 30.504446 ], [ -98.6752393, 30.504446 ] ], [ [ -94.8047581, 30.504446 ], [ -94.8047581, 30.4656619 ], [ -94.8497637, 30.4656619 ], [ -94.8497637, 30.504446 ], [ -94.8047581, 30.504446 ] ], [ [ -101.8706366, 30.4656619 ], [ -101.8706366, 30.4268624 ], [ -101.9156422, 30.4268624 ], [ -101.9156422, 30.4656619 ], [ -101.8706366, 30.4656619 ] ], [ [ -101.0605359, 30.4656619 ], [ -101.0605359, 30.4268624 ], [ -101.1055415, 30.4268624 ], [ -101.1055415, 30.4656619 ], [ -101.0605359, 30.4656619 ] ], [ [ -100.4754632, 30.4656619 ], [ -100.4754632, 30.4268624 ], [ -100.520468799999989, 30.4268624 ], [ -100.520468799999989, 30.4656619 ], [ -100.4754632, 30.4656619 ] ], [ [ -100.1154184, 30.4656619 ], [ -100.1154184, 30.4268624 ], [ -100.0704128, 30.4268624 ], [ -100.0704128, 30.3880474 ], [ -100.1154184, 30.3880474 ], [ -100.1154184, 30.349217 ], [ -100.025407199999989, 30.349217 ], [ -100.025407199999989, 30.3880474 ], [ -99.9804016, 30.3880474 ], [ -99.9804016, 30.3103712 ], [ -100.0704128, 30.3103712 ], [ -100.0704128, 30.27151 ], [ -100.160424, 30.27151 ], [ -100.160424, 30.3103712 ], [ -100.2054296, 30.3103712 ], [ -100.2054296, 30.349217 ], [ -100.160424, 30.349217 ], [ -100.160424, 30.4656619 ], [ -100.1154184, 30.4656619 ] ], [ [ -99.935396, 30.4656619 ], [ -99.935396, 30.4268624 ], [ -100.025407199999989, 30.4268624 ], [ -100.025407199999989, 30.4656619 ], [ -99.935396, 30.4656619 ] ], [ [ -99.8453848, 30.4656619 ], [ -99.8453848, 30.4268624 ], [ -99.8903904, 30.4268624 ], [ -99.8903904, 30.4656619 ], [ -99.8453848, 30.4656619 ] ], [ [ -99.6203568, 30.4656619 ], [ -99.6203568, 30.4268624 ], [ -99.6653624, 30.4268624 ], [ -99.6653624, 30.4656619 ], [ -99.6203568, 30.4656619 ] ], [ [ -99.1703009, 30.4656619 ], [ -99.1703009, 30.4268624 ], [ -99.2153065, 30.4268624 ], [ -99.2153065, 30.3880474 ], [ -99.0802897, 30.3880474 ], [ -99.0802897, 30.349217 ], [ -98.9902785, 30.349217 ], [ -98.9902785, 30.3103712 ], [ -99.0802897, 30.3103712 ], [ -99.0802897, 30.27151 ], [ -99.2153065, 30.27151 ], [ -99.2153065, 30.2326334 ], [ -99.2603121, 30.2326334 ], [ -99.2603121, 30.27151 ], [ -99.3503233, 30.27151 ], [ -99.3503233, 30.3103712 ], [ -99.2603121, 30.3103712 ], [ -99.2603121, 30.349217 ], [ -99.3503233, 30.349217 ], [ -99.3503233, 30.4268624 ], [ -99.2603121, 30.4268624 ], [ -99.2603121, 30.4656619 ], [ -99.1703009, 30.4656619 ] ], [ [ -98.7202449, 30.4656619 ], [ -98.7202449, 30.4268624 ], [ -98.7652505, 30.4268624 ], [ -98.7652505, 30.4656619 ], [ -98.7202449, 30.4656619 ] ], [ [ -98.495217, 30.4656619 ], [ -98.495217, 30.4268624 ], [ -98.5402225, 30.4268624 ], [ -98.5402225, 30.3880474 ], [ -98.5852281, 30.3880474 ], [ -98.5852281, 30.4268624 ], [ -98.6302337, 30.4268624 ], [ -98.6302337, 30.3880474 ], [ -98.6752393, 30.3880474 ], [ -98.6752393, 30.4656619 ], [ -98.495217, 30.4656619 ] ], [ [ -102.1856758, 30.4268624 ], [ -102.1856758, 30.3880474 ], [ -102.2306814, 30.3880474 ], [ -102.2306814, 30.4268624 ], [ -102.1856758, 30.4268624 ] ], [ [ -101.9606478, 30.4268624 ], [ -101.9606478, 30.3103712 ], [ -102.0056534, 30.3103712 ], [ -102.0056534, 30.349217 ], [ -102.050659, 30.349217 ], [ -102.050659, 30.4268624 ], [ -101.9606478, 30.4268624 ] ], [ [ -101.6456087, 30.4268624 ], [ -101.6456087, 30.3880474 ], [ -101.6906142, 30.3880474 ], [ -101.6906142, 30.4268624 ], [ -101.6456087, 30.4268624 ] ], [ [ -101.5555975, 30.4268624 ], [ -101.5555975, 30.3880474 ], [ -101.6006031, 30.3880474 ], [ -101.6006031, 30.4268624 ], [ -101.5555975, 30.4268624 ] ], [ [ -100.7905023, 30.4268624 ], [ -100.7905023, 30.349217 ], [ -100.8355079, 30.349217 ], [ -100.8355079, 30.4268624 ], [ -100.7905023, 30.4268624 ] ], [ [ -100.2054296, 30.4268624 ], [ -100.2054296, 30.349217 ], [ -100.2954408, 30.349217 ], [ -100.2954408, 30.3880474 ], [ -100.2504352, 30.3880474 ], [ -100.2504352, 30.4268624 ], [ -100.2054296, 30.4268624 ] ], [ [ -99.3953289, 30.4268624 ], [ -99.3953289, 30.3880474 ], [ -99.4403345, 30.3880474 ], [ -99.4403345, 30.4268624 ], [ -99.3953289, 30.4268624 ] ], [ [ -98.7652505, 30.4268624 ], [ -98.7652505, 30.349217 ], [ -98.810256099999989, 30.349217 ], [ -98.810256099999989, 30.3880474 ], [ -98.855261700000014, 30.3880474 ], [ -98.855261700000014, 30.4268624 ], [ -98.7652505, 30.4268624 ] ], [ [ -102.6357318, 30.3880474 ], [ -102.6357318, 30.349217 ], [ -102.6807374, 30.349217 ], [ -102.6807374, 30.3880474 ], [ -102.6357318, 30.3880474 ] ], [ [ -102.5457206, 30.3880474 ], [ -102.5457206, 30.349217 ], [ -102.5907262, 30.349217 ], [ -102.5907262, 30.3880474 ], [ -102.5457206, 30.3880474 ] ], [ [ -102.3656982, 30.3880474 ], [ -102.3656982, 30.3103712 ], [ -102.4107038, 30.3103712 ], [ -102.4107038, 30.3880474 ], [ -102.3656982, 30.3880474 ] ], [ [ -103.2658101, 30.349217 ], [ -103.2658101, 30.3103712 ], [ -103.3108157, 30.3103712 ], [ -103.3108157, 30.349217 ], [ -103.2658101, 30.349217 ] ], [ [ -102.1856758, 30.349217 ], [ -102.1856758, 30.3103712 ], [ -102.1406702, 30.3103712 ], [ -102.1406702, 30.2326334 ], [ -102.1856758, 30.2326334 ], [ -102.1856758, 30.27151 ], [ -102.275687, 30.27151 ], [ -102.275687, 30.349217 ], [ -102.1856758, 30.349217 ] ], [ [ -101.7806254, 30.349217 ], [ -101.7806254, 30.3103712 ], [ -101.825631, 30.3103712 ], [ -101.825631, 30.349217 ], [ -101.7806254, 30.349217 ] ], [ [ -100.9255191, 30.349217 ], [ -100.9255191, 30.3103712 ], [ -100.9705247, 30.3103712 ], [ -100.9705247, 30.349217 ], [ -100.9255191, 30.349217 ] ], [ [ -100.8355079, 30.349217 ], [ -100.8355079, 30.3103712 ], [ -100.8805135, 30.3103712 ], [ -100.8805135, 30.349217 ], [ -100.8355079, 30.349217 ] ], [ [ -100.7004911, 30.349217 ], [ -100.7004911, 30.154834 ], [ -100.7454967, 30.154834 ], [ -100.7454967, 30.349217 ], [ -100.7004911, 30.349217 ] ], [ [ -98.7202449, 30.349217 ], [ -98.7202449, 30.3103712 ], [ -98.7652505, 30.3103712 ], [ -98.7652505, 30.349217 ], [ -98.7202449, 30.349217 ] ], [ [ -103.3558213, 30.3103712 ], [ -103.3558213, 30.27151 ], [ -103.4008269, 30.27151 ], [ -103.4008269, 30.3103712 ], [ -103.3558213, 30.3103712 ] ], [ [ -102.050659, 30.3103712 ], [ -102.050659, 30.2326334 ], [ -102.0056534, 30.2326334 ], [ -102.0056534, 30.1937414 ], [ -102.0956646, 30.1937414 ], [ -102.0956646, 30.3103712 ], [ -102.050659, 30.3103712 ] ], [ [ -101.9156422, 30.3103712 ], [ -101.9156422, 30.27151 ], [ -101.9606478, 30.27151 ], [ -101.9606478, 30.3103712 ], [ -101.9156422, 30.3103712 ] ], [ [ -101.0155303, 30.3103712 ], [ -101.0155303, 30.27151 ], [ -101.1055415, 30.27151 ], [ -101.1055415, 30.3103712 ], [ -101.0155303, 30.3103712 ] ], [ [ -100.8805135, 30.3103712 ], [ -100.8805135, 30.1937414 ], [ -100.9255191, 30.1937414 ], [ -100.9255191, 30.3103712 ], [ -100.8805135, 30.3103712 ] ], [ [ -98.5402225, 30.3103712 ], [ -98.5402225, 30.27151 ], [ -98.5852281, 30.27151 ], [ -98.5852281, 30.3103712 ], [ -98.5402225, 30.3103712 ] ], [ [ -101.8706366, 30.27151 ], [ -101.8706366, 30.2326334 ], [ -101.825631, 30.2326334 ], [ -101.825631, 30.27151 ], [ -101.7806254, 30.27151 ], [ -101.7806254, 30.2326334 ], [ -101.6906142, 30.2326334 ], [ -101.6906142, 30.1937414 ], [ -101.7356198, 30.1937414 ], [ -101.7356198, 30.1159113 ], [ -101.7806254, 30.1159113 ], [ -101.7806254, 30.154834 ], [ -101.825631, 30.154834 ], [ -101.825631, 30.1937414 ], [ -101.8706366, 30.1937414 ], [ -101.8706366, 30.154834 ], [ -101.9156422, 30.154834 ], [ -101.9156422, 30.0769733 ], [ -101.9606478, 30.0769733 ], [ -101.9606478, 30.154834 ], [ -102.0056534, 30.154834 ], [ -102.0056534, 30.1937414 ], [ -101.9606478, 30.1937414 ], [ -101.9606478, 30.2326334 ], [ -101.9156422, 30.2326334 ], [ -101.9156422, 30.27151 ], [ -101.8706366, 30.27151 ] ], [ [ -101.5555975, 30.27151 ], [ -101.5555975, 30.2326334 ], [ -101.6006031, 30.2326334 ], [ -101.6006031, 30.27151 ], [ -101.5555975, 30.27151 ] ], [ [ -101.1505471, 30.27151 ], [ -101.1505471, 30.2326334 ], [ -101.1955527, 30.2326334 ], [ -101.1955527, 30.1937414 ], [ -101.240558299999989, 30.1937414 ], [ -101.240558299999989, 30.27151 ], [ -101.1505471, 30.27151 ] ], [ [ -95.1197973, 30.27151 ], [ -95.1197973, 30.1937414 ], [ -95.0747917, 30.1937414 ], [ -95.0747917, 30.154834 ], [ -95.2098085, 30.154834 ], [ -95.2098085, 30.1937414 ], [ -95.1648029, 30.1937414 ], [ -95.1648029, 30.27151 ], [ -95.1197973, 30.27151 ] ], [ [ -102.2306814, 30.2326334 ], [ -102.2306814, 30.154834 ], [ -102.275687, 30.154834 ], [ -102.275687, 30.0769733 ], [ -102.3206926, 30.0769733 ], [ -102.3206926, 30.1159113 ], [ -102.3656982, 30.1159113 ], [ -102.3656982, 30.154834 ], [ -102.4107038, 30.154834 ], [ -102.4107038, 30.1937414 ], [ -102.3206926, 30.1937414 ], [ -102.3206926, 30.2326334 ], [ -102.2306814, 30.2326334 ] ], [ [ -101.0605359, 30.2326334 ], [ -101.0605359, 30.1937414 ], [ -101.1055415, 30.1937414 ], [ -101.1055415, 30.2326334 ], [ -101.0605359, 30.2326334 ] ], [ [ -100.7905023, 30.2326334 ], [ -100.7905023, 30.154834 ], [ -100.7454967, 30.154834 ], [ -100.7454967, 30.1159113 ], [ -100.8805135, 30.1159113 ], [ -100.8805135, 30.0769733 ], [ -100.9255191, 30.0769733 ], [ -100.9255191, 30.154834 ], [ -100.8355079, 30.154834 ], [ -100.8355079, 30.2326334 ], [ -100.7905023, 30.2326334 ] ], [ [ -100.61048, 30.2326334 ], [ -100.61048, 30.1937414 ], [ -100.6554855, 30.1937414 ], [ -100.6554855, 30.2326334 ], [ -100.61048, 30.2326334 ] ], [ [ -100.520468799999989, 30.2326334 ], [ -100.520468799999989, 30.1937414 ], [ -100.5654744, 30.1937414 ], [ -100.5654744, 30.2326334 ], [ -100.520468799999989, 30.2326334 ] ], [ [ -102.0956646, 30.1937414 ], [ -102.0956646, 30.154834 ], [ -102.1406702, 30.154834 ], [ -102.1406702, 30.1937414 ], [ -102.0956646, 30.1937414 ] ], [ [ -101.6006031, 30.1937414 ], [ -101.6006031, 30.1159113 ], [ -101.6906142, 30.1159113 ], [ -101.6906142, 30.1937414 ], [ -101.6006031, 30.1937414 ] ], [ [ -99.1703009, 30.1937414 ], [ -99.1703009, 30.154834 ], [ -99.2603121, 30.154834 ], [ -99.2603121, 30.1159113 ], [ -99.305317699999989, 30.1159113 ], [ -99.305317699999989, 30.1937414 ], [ -99.1703009, 30.1937414 ] ], [ [ -99.0802897, 30.1937414 ], [ -99.0802897, 30.1159113 ], [ -99.1252953, 30.1159113 ], [ -99.1252953, 30.1937414 ], [ -99.0802897, 30.1937414 ] ], [ [ -102.1856758, 30.154834 ], [ -102.1856758, 30.1159113 ], [ -102.2306814, 30.1159113 ], [ -102.2306814, 30.154834 ], [ -102.1856758, 30.154834 ] ], [ [ -101.4205807, 30.154834 ], [ -101.4205807, 30.1159113 ], [ -101.3305695, 30.1159113 ], [ -101.3305695, 30.154834 ], [ -101.2855639, 30.154834 ], [ -101.2855639, 30.1159113 ], [ -101.240558299999989, 30.1159113 ], [ -101.240558299999989, 30.0380199 ], [ -101.1955527, 30.0380199 ], [ -101.1955527, 29.9990512 ], [ -101.240558299999989, 29.9990512 ], [ -101.240558299999989, 29.9600671 ], [ -101.2855639, 29.9600671 ], [ -101.2855639, 29.9210678 ], [ -101.3305695, 29.9210678 ], [ -101.3305695, 29.8820532 ], [ -101.4655863, 29.8820532 ], [ -101.4655863, 29.8430234 ], [ -101.5105919, 29.8430234 ], [ -101.5105919, 29.8820532 ], [ -101.5555975, 29.8820532 ], [ -101.5555975, 29.9210678 ], [ -101.5105919, 29.9210678 ], [ -101.5105919, 29.9600671 ], [ -101.4655863, 29.9600671 ], [ -101.4655863, 30.0769733 ], [ -101.5105919, 30.0769733 ], [ -101.5105919, 30.1159113 ], [ -101.4655863, 30.1159113 ], [ -101.4655863, 30.154834 ], [ -101.4205807, 30.154834 ] ], [ [ -101.1055415, 30.154834 ], [ -101.1055415, 30.1159113 ], [ -101.1505471, 30.1159113 ], [ -101.1505471, 30.154834 ], [ -101.1055415, 30.154834 ] ], [ [ -101.0155303, 30.154834 ], [ -101.0155303, 30.1159113 ], [ -101.0605359, 30.1159113 ], [ -101.0605359, 30.154834 ], [ -101.0155303, 30.154834 ] ], [ [ -98.9452729, 30.154834 ], [ -98.9452729, 30.1159113 ], [ -98.9002673, 30.1159113 ], [ -98.9002673, 30.0769733 ], [ -99.0802897, 30.0769733 ], [ -99.0802897, 30.1159113 ], [ -99.0352841, 30.1159113 ], [ -99.0352841, 30.154834 ], [ -98.9452729, 30.154834 ] ], [ [ -98.810256099999989, 30.154834 ], [ -98.810256099999989, 30.1159113 ], [ -98.9002673, 30.1159113 ], [ -98.9002673, 30.154834 ], [ -98.810256099999989, 30.154834 ] ], [ [ -94.8947693, 30.154834 ], [ -94.8947693, 30.1159113 ], [ -94.939774899999989, 30.1159113 ], [ -94.939774899999989, 30.154834 ], [ -94.8947693, 30.154834 ] ], [ [ -101.5555975, 30.1159113 ], [ -101.5555975, 30.0769733 ], [ -101.5105919, 30.0769733 ], [ -101.5105919, 30.0380199 ], [ -101.6006031, 30.0380199 ], [ -101.6006031, 30.1159113 ], [ -101.5555975, 30.1159113 ] ], [ [ -100.61048, 30.1159113 ], [ -100.61048, 30.0769733 ], [ -100.6554855, 30.0769733 ], [ -100.6554855, 30.0380199 ], [ -100.520468799999989, 30.0380199 ], [ -100.520468799999989, 29.9990512 ], [ -100.5654744, 29.9990512 ], [ -100.5654744, 29.8430234 ], [ -100.61048, 29.8430234 ], [ -100.61048, 29.8039783 ], [ -100.6554855, 29.8039783 ], [ -100.6554855, 29.8430234 ], [ -100.7905023, 29.8430234 ], [ -100.7905023, 29.9210678 ], [ -100.7454967, 29.9210678 ], [ -100.7454967, 29.9600671 ], [ -100.7004911, 29.9600671 ], [ -100.7004911, 30.1159113 ], [ -100.61048, 30.1159113 ] ], [ [ -100.520468799999989, 30.1159113 ], [ -100.520468799999989, 30.0769733 ], [ -100.5654744, 30.0769733 ], [ -100.5654744, 30.1159113 ], [ -100.520468799999989, 30.1159113 ] ], [ [ -94.8497637, 30.1159113 ], [ -94.8497637, 29.9990512 ], [ -94.8947693, 29.9990512 ], [ -94.8947693, 30.1159113 ], [ -94.8497637, 30.1159113 ] ], [ [ -103.4458325, 30.0769733 ], [ -103.4458325, 30.0380199 ], [ -103.4908381, 30.0380199 ], [ -103.4908381, 30.0769733 ], [ -103.4458325, 30.0769733 ] ], [ [ -101.0155303, 30.0769733 ], [ -101.0155303, 30.0380199 ], [ -100.9705247, 30.0380199 ], [ -100.9705247, 29.9990512 ], [ -101.0605359, 29.9990512 ], [ -101.0605359, 29.9600671 ], [ -101.1055415, 29.9600671 ], [ -101.1055415, 29.9990512 ], [ -101.1505471, 29.9990512 ], [ -101.1505471, 30.0769733 ], [ -101.0155303, 30.0769733 ] ], [ [ -100.7454967, 30.0769733 ], [ -100.7454967, 30.0380199 ], [ -100.7905023, 30.0380199 ], [ -100.7905023, 30.0769733 ], [ -100.7454967, 30.0769733 ] ], [ [ -98.855261700000014, 30.0769733 ], [ -98.855261700000014, 30.0380199 ], [ -98.9002673, 30.0380199 ], [ -98.9002673, 30.0769733 ], [ -98.855261700000014, 30.0769733 ] ], [ [ -95.0747917, 30.0769733 ], [ -95.0747917, 30.0380199 ], [ -95.1197973, 30.0380199 ], [ -95.1197973, 29.9990512 ], [ -95.1648029, 29.9990512 ], [ -95.1648029, 29.9600671 ], [ -95.2098085, 29.9600671 ], [ -95.2098085, 30.0769733 ], [ -95.0747917, 30.0769733 ] ], [ [ -103.4908381, 30.0380199 ], [ -103.4908381, 29.9990512 ], [ -103.5358437, 29.9990512 ], [ -103.5358437, 30.0380199 ], [ -103.4908381, 30.0380199 ] ], [ [ -99.0352841, 30.0380199 ], [ -99.0352841, 29.9990512 ], [ -99.0802897, 29.9990512 ], [ -99.0802897, 30.0380199 ], [ -99.0352841, 30.0380199 ] ], [ [ -101.8706366, 29.9990512 ], [ -101.8706366, 29.9600671 ], [ -101.9156422, 29.9600671 ], [ -101.9156422, 29.9990512 ], [ -101.8706366, 29.9990512 ] ], [ [ -101.5555975, 29.9990512 ], [ -101.5555975, 29.9210678 ], [ -101.6456087, 29.9210678 ], [ -101.6456087, 29.9600671 ], [ -101.6006031, 29.9600671 ], [ -101.6006031, 29.9990512 ], [ -101.5555975, 29.9990512 ] ], [ [ -100.385452, 29.9990512 ], [ -100.385452, 29.9210678 ], [ -100.4754632, 29.9210678 ], [ -100.4754632, 29.9600671 ], [ -100.4304576, 29.9600671 ], [ -100.4304576, 29.9990512 ], [ -100.385452, 29.9990512 ] ], [ [ -95.299819700000015, 29.9990512 ], [ -95.299819700000015, 29.9210678 ], [ -95.3448253, 29.9210678 ], [ -95.3448253, 29.8820532 ], [ -95.299819700000015, 29.8820532 ], [ -95.299819700000015, 29.8039783 ], [ -95.1648029, 29.8039783 ], [ -95.1648029, 29.7649179 ], [ -95.299819700000015, 29.7649179 ], [ -95.299819700000015, 29.7258423 ], [ -95.2548141, 29.7258423 ], [ -95.2548141, 29.6867515 ], [ -95.1197973, 29.6867515 ], [ -95.1197973, 29.6476454 ], [ -95.299819700000015, 29.6476454 ], [ -95.299819700000015, 29.6867515 ], [ -95.479842, 29.6867515 ], [ -95.479842, 29.7649179 ], [ -95.5248476, 29.7649179 ], [ -95.5248476, 29.7258423 ], [ -95.5698532, 29.7258423 ], [ -95.5698532, 29.8039783 ], [ -95.479842, 29.8039783 ], [ -95.479842, 29.8820532 ], [ -95.3898308, 29.8820532 ], [ -95.3898308, 29.9600671 ], [ -95.3448253, 29.9600671 ], [ -95.3448253, 29.9990512 ], [ -95.299819700000015, 29.9990512 ] ], [ [ -101.7356198, 29.9600671 ], [ -101.7356198, 29.8820532 ], [ -101.7806254, 29.8820532 ], [ -101.7806254, 29.9600671 ], [ -101.7356198, 29.9600671 ] ], [ [ -101.1505471, 29.9600671 ], [ -101.1505471, 29.9210678 ], [ -101.1055415, 29.9210678 ], [ -101.1055415, 29.8820532 ], [ -100.9705247, 29.8820532 ], [ -100.9705247, 29.9600671 ], [ -100.9255191, 29.9600671 ], [ -100.9255191, 29.9210678 ], [ -100.8355079, 29.9210678 ], [ -100.8355079, 29.8039783 ], [ -100.7905023, 29.8039783 ], [ -100.7905023, 29.7649179 ], [ -100.8355079, 29.7649179 ], [ -100.8355079, 29.6476454 ], [ -100.7905023, 29.6476454 ], [ -100.7905023, 29.6085242 ], [ -100.9255191, 29.6085242 ], [ -100.9255191, 29.6476454 ], [ -100.8805135, 29.6476454 ], [ -100.8805135, 29.6867515 ], [ -101.0605359, 29.6867515 ], [ -101.0605359, 29.6476454 ], [ -101.1055415, 29.6476454 ], [ -101.1055415, 29.6867515 ], [ -101.1505471, 29.6867515 ], [ -101.1505471, 29.7258423 ], [ -101.1955527, 29.7258423 ], [ -101.1955527, 29.8039783 ], [ -101.1505471, 29.8039783 ], [ -101.1505471, 29.8430234 ], [ -101.1955527, 29.8430234 ], [ -101.1955527, 29.8820532 ], [ -101.240558299999989, 29.8820532 ], [ -101.240558299999989, 29.9600671 ], [ -101.1505471, 29.9600671 ] ], [ [ -101.0155303, 29.9600671 ], [ -101.0155303, 29.9210678 ], [ -101.0605359, 29.9210678 ], [ -101.0605359, 29.9600671 ], [ -101.0155303, 29.9600671 ] ], [ [ -99.935396, 29.9600671 ], [ -99.935396, 29.9210678 ], [ -99.9804016, 29.9210678 ], [ -99.9804016, 29.9600671 ], [ -99.935396, 29.9600671 ] ], [ [ -95.1197973, 29.9600671 ], [ -95.1197973, 29.9210678 ], [ -95.1648029, 29.9210678 ], [ -95.1648029, 29.9600671 ], [ -95.1197973, 29.9600671 ] ], [ [ -94.9847805, 29.9600671 ], [ -94.9847805, 29.9210678 ], [ -95.0297861, 29.9210678 ], [ -95.0297861, 29.9600671 ], [ -94.9847805, 29.9600671 ] ], [ [ -100.4754632, 29.9210678 ], [ -100.4754632, 29.8820532 ], [ -100.4304576, 29.8820532 ], [ -100.4304576, 29.7649179 ], [ -100.4754632, 29.7649179 ], [ -100.4754632, 29.8430234 ], [ -100.520468799999989, 29.8430234 ], [ -100.520468799999989, 29.9210678 ], [ -100.4754632, 29.9210678 ] ], [ [ -98.9002673, 29.9210678 ], [ -98.9002673, 29.8430234 ], [ -99.0352841, 29.8430234 ], [ -99.0352841, 29.8820532 ], [ -98.9452729, 29.8820532 ], [ -98.9452729, 29.9210678 ], [ -98.9002673, 29.9210678 ] ], [ [ -103.3558213, 29.8820532 ], [ -103.3558213, 29.8039783 ], [ -103.4458325, 29.8039783 ], [ -103.4458325, 29.8820532 ], [ -103.3558213, 29.8820532 ] ], [ [ -101.9606478, 29.8820532 ], [ -101.9606478, 29.8430234 ], [ -102.0056534, 29.8430234 ], [ -102.0056534, 29.8820532 ], [ -101.9606478, 29.8820532 ] ], [ [ -101.6006031, 29.8820532 ], [ -101.6006031, 29.8430234 ], [ -101.7356198, 29.8430234 ], [ -101.7356198, 29.8820532 ], [ -101.6006031, 29.8820532 ] ], [ [ -101.240558299999989, 29.8820532 ], [ -101.240558299999989, 29.8039783 ], [ -101.2855639, 29.8039783 ], [ -101.2855639, 29.7649179 ], [ -101.240558299999989, 29.7649179 ], [ -101.240558299999989, 29.7258423 ], [ -101.3305695, 29.7258423 ], [ -101.3305695, 29.8430234 ], [ -101.2855639, 29.8430234 ], [ -101.2855639, 29.8820532 ], [ -101.240558299999989, 29.8820532 ] ], [ [ -98.7202449, 29.8820532 ], [ -98.7202449, 29.8430234 ], [ -98.7652505, 29.8430234 ], [ -98.7652505, 29.8820532 ], [ -98.7202449, 29.8820532 ] ], [ [ -101.5105919, 29.8430234 ], [ -101.5105919, 29.8039783 ], [ -101.5555975, 29.8039783 ], [ -101.5555975, 29.8430234 ], [ -101.5105919, 29.8430234 ] ], [ [ -98.810256099999989, 29.8430234 ], [ -98.810256099999989, 29.7649179 ], [ -98.9002673, 29.7649179 ], [ -98.9002673, 29.8430234 ], [ -98.810256099999989, 29.8430234 ] ], [ [ -98.6752393, 29.8430234 ], [ -98.6752393, 29.8039783 ], [ -98.7202449, 29.8039783 ], [ -98.7202449, 29.8430234 ], [ -98.6752393, 29.8430234 ] ], [ [ -95.1197973, 29.8430234 ], [ -95.1197973, 29.8039783 ], [ -95.1648029, 29.8039783 ], [ -95.1648029, 29.8430234 ], [ -95.1197973, 29.8430234 ] ], [ [ -100.5654744, 29.8039783 ], [ -100.5654744, 29.7649179 ], [ -100.61048, 29.7649179 ], [ -100.61048, 29.8039783 ], [ -100.5654744, 29.8039783 ] ], [ [ -103.4458325, 29.7649179 ], [ -103.4458325, 29.7258423 ], [ -103.5358437, 29.7258423 ], [ -103.5358437, 29.7649179 ], [ -103.4458325, 29.7649179 ] ], [ [ -100.61048, 29.7649179 ], [ -100.61048, 29.7258423 ], [ -100.6554855, 29.7258423 ], [ -100.6554855, 29.7649179 ], [ -100.61048, 29.7649179 ] ], [ [ -100.4754632, 29.7649179 ], [ -100.4754632, 29.7258423 ], [ -100.520468799999989, 29.7258423 ], [ -100.520468799999989, 29.6867515 ], [ -100.5654744, 29.6867515 ], [ -100.5654744, 29.7649179 ], [ -100.4754632, 29.7649179 ] ], [ [ -99.2603121, 29.7649179 ], [ -99.2603121, 29.7258423 ], [ -99.3503233, 29.7258423 ], [ -99.3503233, 29.7649179 ], [ -99.2603121, 29.7649179 ] ], [ [ -98.7202449, 29.7649179 ], [ -98.7202449, 29.7258423 ], [ -98.7652505, 29.7258423 ], [ -98.7652505, 29.6867515 ], [ -98.7202449, 29.6867515 ], [ -98.7202449, 29.6476454 ], [ -98.9452729, 29.6476454 ], [ -98.9452729, 29.6867515 ], [ -98.810256099999989, 29.6867515 ], [ -98.810256099999989, 29.7649179 ], [ -98.7202449, 29.7649179 ] ], [ [ -94.939774899999989, 29.7649179 ], [ -94.939774899999989, 29.7258423 ], [ -95.0297861, 29.7258423 ], [ -95.0297861, 29.7649179 ], [ -94.939774899999989, 29.7649179 ] ], [ [ -100.6554855, 29.7258423 ], [ -100.6554855, 29.6867515 ], [ -100.7454967, 29.6867515 ], [ -100.7454967, 29.7258423 ], [ -100.6554855, 29.7258423 ] ], [ [ -95.0747917, 29.7258423 ], [ -95.0747917, 29.6867515 ], [ -95.1197973, 29.6867515 ], [ -95.1197973, 29.7258423 ], [ -95.0747917, 29.7258423 ] ], [ [ -103.4458325, 29.6867515 ], [ -103.4458325, 29.6476454 ], [ -103.4008269, 29.6476454 ], [ -103.4008269, 29.6867515 ], [ -103.3558213, 29.6867515 ], [ -103.3558213, 29.6476454 ], [ -103.3108157, 29.6476454 ], [ -103.3108157, 29.6085242 ], [ -103.4908381, 29.6085242 ], [ -103.4908381, 29.6476454 ], [ -103.5358437, 29.6476454 ], [ -103.5358437, 29.6867515 ], [ -103.4458325, 29.6867515 ] ], [ [ -101.1955527, 29.6867515 ], [ -101.1955527, 29.6085242 ], [ -101.240558299999989, 29.6085242 ], [ -101.240558299999989, 29.6867515 ], [ -101.1955527, 29.6867515 ] ], [ [ -100.7454967, 29.6867515 ], [ -100.7454967, 29.6476454 ], [ -100.7905023, 29.6476454 ], [ -100.7905023, 29.6867515 ], [ -100.7454967, 29.6867515 ] ], [ [ -99.4403345, 29.6867515 ], [ -99.4403345, 29.6476454 ], [ -99.4853401, 29.6476454 ], [ -99.4853401, 29.6867515 ], [ -99.4403345, 29.6867515 ] ], [ [ -100.5654744, 29.6476454 ], [ -100.5654744, 29.6085242 ], [ -100.520468799999989, 29.6085242 ], [ -100.520468799999989, 29.6476454 ], [ -100.385452, 29.6476454 ], [ -100.385452, 29.6085242 ], [ -100.4304576, 29.6085242 ], [ -100.4304576, 29.5693878 ], [ -100.4754632, 29.5693878 ], [ -100.4754632, 29.5302362 ], [ -100.4304576, 29.5302362 ], [ -100.4304576, 29.4910694 ], [ -100.520468799999989, 29.4910694 ], [ -100.520468799999989, 29.5302362 ], [ -100.61048, 29.5302362 ], [ -100.61048, 29.6476454 ], [ -100.5654744, 29.6476454 ] ], [ [ -99.0802897, 29.6476454 ], [ -99.0802897, 29.6085242 ], [ -99.0352841, 29.6085242 ], [ -99.0352841, 29.5693878 ], [ -98.9902785, 29.5693878 ], [ -98.9902785, 29.5302362 ], [ -98.9452729, 29.5302362 ], [ -98.9452729, 29.4910694 ], [ -99.1252953, 29.4910694 ], [ -99.1252953, 29.4518875 ], [ -99.1703009, 29.4518875 ], [ -99.1703009, 29.4910694 ], [ -99.3503233, 29.4910694 ], [ -99.3503233, 29.5302362 ], [ -99.305317699999989, 29.5302362 ], [ -99.305317699999989, 29.5693878 ], [ -99.2603121, 29.5693878 ], [ -99.2603121, 29.5302362 ], [ -99.2153065, 29.5302362 ], [ -99.2153065, 29.6085242 ], [ -99.1252953, 29.6085242 ], [ -99.1252953, 29.6476454 ], [ -99.0802897, 29.6476454 ] ], [ [ -101.1055415, 29.6085242 ], [ -101.1055415, 29.5693878 ], [ -101.1505471, 29.5693878 ], [ -101.1505471, 29.6085242 ], [ -101.1055415, 29.6085242 ] ], [ [ -100.3404464, 29.6085242 ], [ -100.3404464, 29.5693878 ], [ -100.385452, 29.5693878 ], [ -100.385452, 29.6085242 ], [ -100.3404464, 29.6085242 ] ], [ [ -99.3503233, 29.6085242 ], [ -99.3503233, 29.5302362 ], [ -99.3953289, 29.5302362 ], [ -99.3953289, 29.6085242 ], [ -99.3503233, 29.6085242 ] ], [ [ -98.6752393, 29.6085242 ], [ -98.6752393, 29.5693878 ], [ -98.9002673, 29.5693878 ], [ -98.9002673, 29.6085242 ], [ -98.6752393, 29.6085242 ] ], [ [ -103.6258549, 29.5693878 ], [ -103.6258549, 29.5302362 ], [ -103.670860499999989, 29.5302362 ], [ -103.670860499999989, 29.5693878 ], [ -103.6258549, 29.5693878 ] ], [ [ -100.7905023, 29.5693878 ], [ -100.7905023, 29.5302362 ], [ -100.7454967, 29.5302362 ], [ -100.7454967, 29.4910694 ], [ -100.8355079, 29.4910694 ], [ -100.8355079, 29.5693878 ], [ -100.7905023, 29.5693878 ] ], [ [ -98.9002673, 29.5693878 ], [ -98.9002673, 29.5302362 ], [ -98.9452729, 29.5302362 ], [ -98.9452729, 29.5693878 ], [ -98.9002673, 29.5693878 ] ], [ [ -103.5358437, 29.5302362 ], [ -103.5358437, 29.4910694 ], [ -103.6258549, 29.4910694 ], [ -103.6258549, 29.5302362 ], [ -103.5358437, 29.5302362 ] ], [ [ -103.4008269, 29.5302362 ], [ -103.4008269, 29.4910694 ], [ -103.4458325, 29.4910694 ], [ -103.4458325, 29.5302362 ], [ -103.4008269, 29.5302362 ] ], [ [ -100.2054296, 29.5302362 ], [ -100.2054296, 29.4910694 ], [ -100.2504352, 29.4910694 ], [ -100.2504352, 29.5302362 ], [ -100.2054296, 29.5302362 ] ], [ [ -95.1648029, 29.5302362 ], [ -95.1648029, 29.4910694 ], [ -95.2098085, 29.4910694 ], [ -95.2098085, 29.5302362 ], [ -95.1648029, 29.5302362 ] ], [ [ -103.6258549, 29.4910694 ], [ -103.6258549, 29.2950087 ], [ -103.670860499999989, 29.2950087 ], [ -103.670860499999989, 29.334251 ], [ -103.7158661, 29.334251 ], [ -103.7158661, 29.2950087 ], [ -103.76087170000001, 29.2950087 ], [ -103.76087170000001, 29.334251 ], [ -103.8058772, 29.334251 ], [ -103.8058772, 29.4126905 ], [ -103.76087170000001, 29.4126905 ], [ -103.76087170000001, 29.4518875 ], [ -103.7158661, 29.4518875 ], [ -103.7158661, 29.4126905 ], [ -103.670860499999989, 29.4126905 ], [ -103.670860499999989, 29.4910694 ], [ -103.6258549, 29.4910694 ] ], [ [ -103.4908381, 29.4910694 ], [ -103.4908381, 29.3734783 ], [ -103.5358437, 29.3734783 ], [ -103.5358437, 29.334251 ], [ -103.5808493, 29.334251 ], [ -103.5808493, 29.4518875 ], [ -103.5358437, 29.4518875 ], [ -103.5358437, 29.4910694 ], [ -103.4908381, 29.4910694 ] ], [ [ -100.385452, 29.4910694 ], [ -100.385452, 29.4518875 ], [ -100.4304576, 29.4518875 ], [ -100.4304576, 29.4910694 ], [ -100.385452, 29.4910694 ] ], [ [ -100.2954408, 29.4910694 ], [ -100.2954408, 29.4518875 ], [ -100.3404464, 29.4518875 ], [ -100.3404464, 29.4910694 ], [ -100.2954408, 29.4910694 ] ], [ [ -99.4403345, 29.4910694 ], [ -99.4403345, 29.4126905 ], [ -99.4853401, 29.4126905 ], [ -99.4853401, 29.4910694 ], [ -99.4403345, 29.4910694 ] ], [ [ -97.7301218, 29.4910694 ], [ -97.7301218, 29.4518875 ], [ -97.775127400000017, 29.4518875 ], [ -97.775127400000017, 29.4910694 ], [ -97.7301218, 29.4910694 ] ], [ [ -100.520468799999989, 29.4518875 ], [ -100.520468799999989, 29.4126905 ], [ -100.61048, 29.4126905 ], [ -100.61048, 29.4518875 ], [ -100.520468799999989, 29.4518875 ] ], [ [ -100.4304576, 29.4518875 ], [ -100.4304576, 29.4126905 ], [ -100.4754632, 29.4126905 ], [ -100.4754632, 29.4518875 ], [ -100.4304576, 29.4518875 ] ], [ [ -100.3404464, 29.4518875 ], [ -100.3404464, 29.4126905 ], [ -100.385452, 29.4126905 ], [ -100.385452, 29.4518875 ], [ -100.3404464, 29.4518875 ] ], [ [ -100.025407199999989, 29.4518875 ], [ -100.025407199999989, 29.4126905 ], [ -100.0704128, 29.4126905 ], [ -100.0704128, 29.4518875 ], [ -100.025407199999989, 29.4518875 ] ], [ [ -98.1801778, 29.4518875 ], [ -98.1801778, 29.4126905 ], [ -98.2251834, 29.4126905 ], [ -98.2251834, 29.4518875 ], [ -98.1801778, 29.4518875 ] ], [ [ -97.820133, 29.4518875 ], [ -97.820133, 29.4126905 ], [ -97.8651386, 29.4126905 ], [ -97.8651386, 29.4518875 ], [ -97.820133, 29.4518875 ] ], [ [ -100.2954408, 29.4126905 ], [ -100.2954408, 29.3734783 ], [ -100.3404464, 29.3734783 ], [ -100.3404464, 29.4126905 ], [ -100.2954408, 29.4126905 ] ], [ [ -100.160424, 29.4126905 ], [ -100.160424, 29.3734783 ], [ -100.2504352, 29.3734783 ], [ -100.2504352, 29.4126905 ], [ -100.160424, 29.4126905 ] ], [ [ -100.025407199999989, 29.3734783 ], [ -100.025407199999989, 29.334251 ], [ -100.0704128, 29.334251 ], [ -100.0704128, 29.3734783 ], [ -100.025407199999989, 29.3734783 ] ], [ [ -98.5852281, 29.3734783 ], [ -98.5852281, 29.334251 ], [ -98.6302337, 29.334251 ], [ -98.6302337, 29.3734783 ], [ -98.5852281, 29.3734783 ] ], [ [ -98.1351722, 29.3734783 ], [ -98.1351722, 29.334251 ], [ -98.1801778, 29.334251 ], [ -98.1801778, 29.3734783 ], [ -98.1351722, 29.3734783 ] ], [ [ -100.1154184, 29.334251 ], [ -100.1154184, 29.2950087 ], [ -100.0704128, 29.2950087 ], [ -100.0704128, 29.2557512 ], [ -100.160424, 29.2557512 ], [ -100.160424, 29.334251 ], [ -100.1154184, 29.334251 ] ], [ [ -99.9804016, 29.334251 ], [ -99.9804016, 29.2950087 ], [ -100.025407199999989, 29.2950087 ], [ -100.025407199999989, 29.334251 ], [ -99.9804016, 29.334251 ] ], [ [ -98.3151946, 29.334251 ], [ -98.3151946, 29.2950087 ], [ -98.3602002, 29.2950087 ], [ -98.3602002, 29.334251 ], [ -98.3151946, 29.334251 ] ], [ [ -98.1801778, 29.334251 ], [ -98.1801778, 29.2950087 ], [ -98.2251834, 29.2950087 ], [ -98.2251834, 29.334251 ], [ -98.1801778, 29.334251 ] ], [ [ -98.270189, 29.2950087 ], [ -98.270189, 29.2164787 ], [ -98.3151946, 29.2164787 ], [ -98.3151946, 29.2950087 ], [ -98.270189, 29.2950087 ] ], [ [ -100.4304576, 29.2557512 ], [ -100.4304576, 29.1771911 ], [ -100.4754632, 29.1771911 ], [ -100.4754632, 29.2557512 ], [ -100.4304576, 29.2557512 ] ], [ [ -100.025407199999989, 29.2557512 ], [ -100.025407199999989, 29.2164787 ], [ -100.0704128, 29.2164787 ], [ -100.0704128, 29.2557512 ], [ -100.025407199999989, 29.2557512 ] ], [ [ -99.3503233, 29.2557512 ], [ -99.3503233, 29.2164787 ], [ -99.3953289, 29.2164787 ], [ -99.3953289, 29.2557512 ], [ -99.3503233, 29.2557512 ] ], [ [ -98.1801778, 29.2557512 ], [ -98.1801778, 29.2164787 ], [ -98.2251834, 29.2164787 ], [ -98.2251834, 29.2557512 ], [ -98.1801778, 29.2557512 ] ], [ [ -98.5852281, 29.2164787 ], [ -98.5852281, 29.1771911 ], [ -98.6302337, 29.1771911 ], [ -98.6302337, 29.2164787 ], [ -98.5852281, 29.2164787 ] ], [ [ -100.1154184, 29.1771911 ], [ -100.1154184, 29.1378885 ], [ -100.2504352, 29.1378885 ], [ -100.2504352, 29.1771911 ], [ -100.1154184, 29.1771911 ] ], [ [ -100.025407199999989, 29.1771911 ], [ -100.025407199999989, 29.1378885 ], [ -100.0704128, 29.1378885 ], [ -100.0704128, 29.1771911 ], [ -100.025407199999989, 29.1771911 ] ], [ [ -99.3953289, 29.1771911 ], [ -99.3953289, 29.1378885 ], [ -99.4403345, 29.1378885 ], [ -99.4403345, 29.1771911 ], [ -99.3953289, 29.1771911 ] ], [ [ -98.495217, 29.1771911 ], [ -98.495217, 29.1378885 ], [ -98.5402225, 29.1378885 ], [ -98.5402225, 29.1771911 ], [ -98.495217, 29.1771911 ] ], [ [ -98.3602002, 29.1771911 ], [ -98.3602002, 29.1378885 ], [ -98.4052058, 29.1378885 ], [ -98.4052058, 29.1771911 ], [ -98.3602002, 29.1771911 ] ], [ [ -98.3151946, 29.1378885 ], [ -98.3151946, 29.0985708 ], [ -98.3602002, 29.0985708 ], [ -98.3602002, 29.1378885 ], [ -98.3151946, 29.1378885 ] ], [ [ -100.4754632, 29.0985708 ], [ -100.4754632, 28.9805277 ], [ -100.520468799999989, 28.9805277 ], [ -100.520468799999989, 29.0985708 ], [ -100.4754632, 29.0985708 ] ], [ [ -99.5753512, 29.0985708 ], [ -99.5753512, 29.0592381 ], [ -99.530345700000012, 29.0592381 ], [ -99.530345700000012, 29.0198904 ], [ -99.6203568, 29.0198904 ], [ -99.6203568, 29.0985708 ], [ -99.5753512, 29.0985708 ] ], [ [ -95.3898308, 29.0985708 ], [ -95.3898308, 29.0592381 ], [ -95.4348364, 29.0592381 ], [ -95.4348364, 29.0985708 ], [ -95.3898308, 29.0985708 ] ], [ [ -95.299819700000015, 29.0985708 ], [ -95.299819700000015, 29.0592381 ], [ -95.3448253, 29.0592381 ], [ -95.3448253, 29.0985708 ], [ -95.299819700000015, 29.0985708 ] ], [ [ -100.0704128, 29.0592381 ], [ -100.0704128, 29.0198904 ], [ -100.1154184, 29.0198904 ], [ -100.1154184, 29.0592381 ], [ -100.0704128, 29.0592381 ] ], [ [ -99.0352841, 29.0592381 ], [ -99.0352841, 28.94115 ], [ -99.1252953, 28.94115 ], [ -99.1252953, 28.9805277 ], [ -99.0802897, 28.9805277 ], [ -99.0802897, 29.0592381 ], [ -99.0352841, 29.0592381 ] ], [ [ -99.935396, 29.0198904 ], [ -99.935396, 28.94115 ], [ -100.0704128, 28.94115 ], [ -100.0704128, 28.9805277 ], [ -99.9804016, 28.9805277 ], [ -99.9804016, 29.0198904 ], [ -99.935396, 29.0198904 ] ], [ [ -100.3404464, 28.9805277 ], [ -100.3404464, 28.94115 ], [ -100.385452, 28.94115 ], [ -100.385452, 28.9805277 ], [ -100.3404464, 28.9805277 ] ], [ [ -99.305317699999989, 28.9805277 ], [ -99.305317699999989, 28.9017574 ], [ -99.2603121, 28.9017574 ], [ -99.2603121, 28.8623497 ], [ -99.3953289, 28.8623497 ], [ -99.3953289, 28.9017574 ], [ -99.3503233, 28.9017574 ], [ -99.3503233, 28.9805277 ], [ -99.305317699999989, 28.9805277 ] ], [ [ -98.9452729, 28.9805277 ], [ -98.9452729, 28.94115 ], [ -98.9902785, 28.94115 ], [ -98.9902785, 28.9805277 ], [ -98.9452729, 28.9805277 ] ], [ [ -99.4403345, 28.94115 ], [ -99.4403345, 28.9017574 ], [ -99.4853401, 28.9017574 ], [ -99.4853401, 28.94115 ], [ -99.4403345, 28.94115 ] ], [ [ -98.495217, 28.94115 ], [ -98.495217, 28.9017574 ], [ -98.5402225, 28.9017574 ], [ -98.5402225, 28.94115 ], [ -98.495217, 28.94115 ] ], [ [ -95.6148588, 28.94115 ], [ -95.6148588, 28.9017574 ], [ -95.659864399999989, 28.9017574 ], [ -95.659864399999989, 28.94115 ], [ -95.6148588, 28.94115 ] ], [ [ -100.4304576, 28.9017574 ], [ -100.4304576, 28.8623497 ], [ -100.520468799999989, 28.8623497 ], [ -100.520468799999989, 28.9017574 ], [ -100.4304576, 28.9017574 ] ], [ [ -100.025407199999989, 28.9017574 ], [ -100.025407199999989, 28.8623497 ], [ -100.0704128, 28.8623497 ], [ -100.0704128, 28.9017574 ], [ -100.025407199999989, 28.9017574 ] ], [ [ -99.8903904, 28.9017574 ], [ -99.8903904, 28.8623497 ], [ -99.935396, 28.8623497 ], [ -99.935396, 28.9017574 ], [ -99.8903904, 28.9017574 ] ], [ [ -99.6653624, 28.9017574 ], [ -99.6653624, 28.8623497 ], [ -99.710368, 28.8623497 ], [ -99.710368, 28.9017574 ], [ -99.6653624, 28.9017574 ] ], [ [ -98.4502114, 28.9017574 ], [ -98.4502114, 28.8229272 ], [ -98.495217, 28.8229272 ], [ -98.495217, 28.9017574 ], [ -98.4502114, 28.9017574 ] ], [ [ -100.385452, 28.8623497 ], [ -100.385452, 28.8229272 ], [ -100.4304576, 28.8229272 ], [ -100.4304576, 28.8623497 ], [ -100.385452, 28.8623497 ] ], [ [ -99.5753512, 28.8623497 ], [ -99.5753512, 28.8229272 ], [ -99.6203568, 28.8229272 ], [ -99.6203568, 28.8623497 ], [ -99.5753512, 28.8623497 ] ], [ [ -98.6752393, 28.8623497 ], [ -98.6752393, 28.8229272 ], [ -98.7202449, 28.8229272 ], [ -98.7202449, 28.8623497 ], [ -98.6752393, 28.8623497 ] ], [ [ -98.3602002, 28.8623497 ], [ -98.3602002, 28.7834897 ], [ -98.4502114, 28.7834897 ], [ -98.4502114, 28.8229272 ], [ -98.4052058, 28.8229272 ], [ -98.4052058, 28.8623497 ], [ -98.3602002, 28.8623497 ] ], [ [ -95.6148588, 28.8623497 ], [ -95.6148588, 28.8229272 ], [ -95.659864399999989, 28.8229272 ], [ -95.659864399999989, 28.8623497 ], [ -95.6148588, 28.8623497 ] ], [ [ -100.2054296, 28.8229272 ], [ -100.2054296, 28.7834897 ], [ -100.2504352, 28.7834897 ], [ -100.2504352, 28.8229272 ], [ -100.2054296, 28.8229272 ] ], [ [ -95.70487, 28.8229272 ], [ -95.70487, 28.7834897 ], [ -95.7498756, 28.7834897 ], [ -95.7498756, 28.8229272 ], [ -95.70487, 28.8229272 ] ], [ [ -100.160424, 28.7834897 ], [ -100.160424, 28.7440373 ], [ -100.2054296, 28.7440373 ], [ -100.2054296, 28.7834897 ], [ -100.160424, 28.7834897 ] ], [ [ -98.855261700000014, 28.7834897 ], [ -98.855261700000014, 28.7440373 ], [ -98.9002673, 28.7440373 ], [ -98.9002673, 28.7834897 ], [ -98.855261700000014, 28.7834897 ] ], [ [ -98.5852281, 28.7834897 ], [ -98.5852281, 28.7440373 ], [ -98.5402225, 28.7440373 ], [ -98.5402225, 28.70457 ], [ -98.6752393, 28.70457 ], [ -98.6752393, 28.7440373 ], [ -98.7202449, 28.7440373 ], [ -98.7202449, 28.70457 ], [ -98.7652505, 28.70457 ], [ -98.7652505, 28.7440373 ], [ -98.810256099999989, 28.7440373 ], [ -98.810256099999989, 28.7834897 ], [ -98.5852281, 28.7834897 ] ], [ [ -98.495217, 28.7834897 ], [ -98.495217, 28.7440373 ], [ -98.5402225, 28.7440373 ], [ -98.5402225, 28.7834897 ], [ -98.495217, 28.7834897 ] ], [ [ -98.2251834, 28.7834897 ], [ -98.2251834, 28.7440373 ], [ -98.3151946, 28.7440373 ], [ -98.3151946, 28.7834897 ], [ -98.2251834, 28.7834897 ] ], [ [ -100.0704128, 28.7440373 ], [ -100.0704128, 28.6650878 ], [ -100.1154184, 28.6650878 ], [ -100.1154184, 28.7440373 ], [ -100.0704128, 28.7440373 ] ], [ [ -96.5599763, 28.7440373 ], [ -96.5599763, 28.70457 ], [ -96.6049819, 28.70457 ], [ -96.6049819, 28.7440373 ], [ -96.5599763, 28.7440373 ] ], [ [ -95.7498756, 28.7440373 ], [ -95.7498756, 28.70457 ], [ -95.7948812, 28.70457 ], [ -95.7948812, 28.7440373 ], [ -95.7498756, 28.7440373 ] ], [ [ -99.3953289, 28.70457 ], [ -99.3953289, 28.6650878 ], [ -99.4403345, 28.6650878 ], [ -99.4403345, 28.70457 ], [ -99.3953289, 28.70457 ] ], [ [ -98.495217, 28.70457 ], [ -98.495217, 28.6650878 ], [ -98.5402225, 28.6650878 ], [ -98.5402225, 28.70457 ], [ -98.495217, 28.70457 ] ], [ [ -98.270189, 28.70457 ], [ -98.270189, 28.6650878 ], [ -98.3151946, 28.6650878 ], [ -98.3151946, 28.70457 ], [ -98.270189, 28.70457 ] ], [ [ -95.8398868, 28.70457 ], [ -95.8398868, 28.6650878 ], [ -95.929898, 28.6650878 ], [ -95.929898, 28.70457 ], [ -95.8398868, 28.70457 ] ], [ [ -100.1154184, 28.6650878 ], [ -100.1154184, 28.6255907 ], [ -100.160424, 28.6255907 ], [ -100.160424, 28.6650878 ], [ -100.1154184, 28.6650878 ] ], [ [ -99.4403345, 28.6650878 ], [ -99.4403345, 28.6255907 ], [ -99.530345700000012, 28.6255907 ], [ -99.530345700000012, 28.6650878 ], [ -99.4403345, 28.6650878 ] ], [ [ -98.9902785, 28.6650878 ], [ -98.9902785, 28.6255907 ], [ -98.9452729, 28.6255907 ], [ -98.9452729, 28.5860787 ], [ -99.0352841, 28.5860787 ], [ -99.0352841, 28.6650878 ], [ -98.9902785, 28.6650878 ] ], [ [ -98.855261700000014, 28.6650878 ], [ -98.855261700000014, 28.6255907 ], [ -98.9002673, 28.6255907 ], [ -98.9002673, 28.6650878 ], [ -98.855261700000014, 28.6650878 ] ], [ [ -98.7202449, 28.6650878 ], [ -98.7202449, 28.6255907 ], [ -98.6302337, 28.6255907 ], [ -98.6302337, 28.6650878 ], [ -98.5852281, 28.6650878 ], [ -98.5852281, 28.5860787 ], [ -98.5402225, 28.5860787 ], [ -98.5402225, 28.5070103 ], [ -98.6302337, 28.5070103 ], [ -98.6302337, 28.4674538 ], [ -98.4052058, 28.4674538 ], [ -98.4052058, 28.5070103 ], [ -98.3602002, 28.5070103 ], [ -98.3602002, 28.6650878 ], [ -98.3151946, 28.6650878 ], [ -98.3151946, 28.4674538 ], [ -98.3602002, 28.4674538 ], [ -98.3602002, 28.4278825 ], [ -98.3151946, 28.4278825 ], [ -98.3151946, 28.3882964 ], [ -98.3602002, 28.3882964 ], [ -98.3602002, 28.2298044 ], [ -98.4052058, 28.2298044 ], [ -98.4052058, 28.1901445 ], [ -98.4502114, 28.1901445 ], [ -98.4502114, 28.2298044 ], [ -98.495217, 28.2298044 ], [ -98.495217, 28.1504699 ], [ -98.4502114, 28.1504699 ], [ -98.4502114, 28.1107806 ], [ -98.4052058, 28.1107806 ], [ -98.4052058, 28.1504699 ], [ -98.3602002, 28.1504699 ], [ -98.3602002, 28.1107806 ], [ -98.3151946, 28.1107806 ], [ -98.3151946, 28.0710766 ], [ -98.4502114, 28.0710766 ], [ -98.4502114, 28.0313579 ], [ -98.495217, 28.0313579 ], [ -98.495217, 27.9121139 ], [ -98.5402225, 27.9121139 ], [ -98.5402225, 27.7927384 ], [ -98.495217, 27.7927384 ], [ -98.495217, 27.7130817 ], [ -98.5402225, 27.7130817 ], [ -98.5402225, 27.6333668 ], [ -98.5852281, 27.6333668 ], [ -98.5852281, 27.5535939 ], [ -98.495217, 27.5535939 ], [ -98.495217, 27.5136856 ], [ -98.5402225, 27.5136856 ], [ -98.5402225, 27.4737629 ], [ -98.6302337, 27.4737629 ], [ -98.6302337, 27.4338257 ], [ -98.5852281, 27.4338257 ], [ -98.5852281, 27.393874 ], [ -98.5402225, 27.393874 ], [ -98.5402225, 27.353908 ], [ -98.5852281, 27.353908 ], [ -98.5852281, 27.3139274 ], [ -98.6302337, 27.3139274 ], [ -98.6302337, 27.2339232 ], [ -98.6752393, 27.2339232 ], [ -98.6752393, 27.1938995 ], [ -98.7202449, 27.1938995 ], [ -98.7202449, 27.1538614 ], [ -98.6302337, 27.1538614 ], [ -98.6302337, 27.1138089 ], [ -98.6752393, 27.1138089 ], [ -98.6752393, 26.9935656 ], [ -98.7202449, 26.9935656 ], [ -98.7202449, 26.9133319 ], [ -98.7652505, 26.9133319 ], [ -98.7652505, 26.8330411 ], [ -98.855261700000014, 26.8330411 ], [ -98.855261700000014, 26.7928743 ], [ -98.9002673, 26.7928743 ], [ -98.9002673, 26.8731936 ], [ -98.9452729, 26.8731936 ], [ -98.9452729, 26.7928743 ], [ -98.9902785, 26.7928743 ], [ -98.9902785, 26.9133319 ], [ -99.0352841, 26.9133319 ], [ -99.0352841, 26.8330411 ], [ -99.1252953, 26.8330411 ], [ -99.1252953, 26.8731936 ], [ -99.1703009, 26.8731936 ], [ -99.1703009, 26.9133319 ], [ -99.1252953, 26.9133319 ], [ -99.1252953, 26.9935656 ], [ -99.0802897, 26.9935656 ], [ -99.0802897, 27.0737421 ], [ -99.1252953, 27.0737421 ], [ -99.1252953, 27.033661 ], [ -99.2603121, 27.033661 ], [ -99.2603121, 27.0737421 ], [ -99.305317699999989, 27.0737421 ], [ -99.305317699999989, 27.1538614 ], [ -99.2603121, 27.1538614 ], [ -99.2603121, 27.1938995 ], [ -99.305317699999989, 27.1938995 ], [ -99.305317699999989, 27.2339232 ], [ -99.2603121, 27.2339232 ], [ -99.2603121, 27.2739325 ], [ -99.2153065, 27.2739325 ], [ -99.2153065, 27.2339232 ], [ -99.1703009, 27.2339232 ], [ -99.1703009, 27.4338257 ], [ -99.1252953, 27.4338257 ], [ -99.1252953, 27.4737629 ], [ -99.1703009, 27.4737629 ], [ -99.1703009, 27.5136856 ], [ -99.0352841, 27.5136856 ], [ -99.0352841, 27.5535939 ], [ -99.0802897, 27.5535939 ], [ -99.0802897, 27.5934876 ], [ -99.1252953, 27.5934876 ], [ -99.1252953, 27.6732315 ], [ -99.1703009, 27.6732315 ], [ -99.1703009, 27.7130817 ], [ -99.1252953, 27.7130817 ], [ -99.1252953, 27.7529173 ], [ -99.2153065, 27.7529173 ], [ -99.2153065, 27.7130817 ], [ -99.2603121, 27.7130817 ], [ -99.2603121, 27.7927384 ], [ -99.305317699999989, 27.7927384 ], [ -99.305317699999989, 27.8325448 ], [ -99.2603121, 27.8325448 ], [ -99.2603121, 27.8723367 ], [ -99.305317699999989, 27.8723367 ], [ -99.305317699999989, 27.9121139 ], [ -99.2603121, 27.9121139 ], [ -99.2603121, 27.9518766 ], [ -99.2153065, 27.9518766 ], [ -99.2153065, 27.9121139 ], [ -99.1703009, 27.9121139 ], [ -99.1703009, 27.9916246 ], [ -99.1252953, 27.9916246 ], [ -99.1252953, 28.0313579 ], [ -99.2153065, 28.0313579 ], [ -99.2153065, 27.9916246 ], [ -99.2603121, 27.9916246 ], [ -99.2603121, 28.1107806 ], [ -99.305317699999989, 28.1107806 ], [ -99.305317699999989, 28.2298044 ], [ -99.2603121, 28.2298044 ], [ -99.2603121, 28.2694495 ], [ -99.2153065, 28.2694495 ], [ -99.2153065, 28.1901445 ], [ -99.2603121, 28.1901445 ], [ -99.2603121, 28.1504699 ], [ -99.2153065, 28.1504699 ], [ -99.2153065, 28.1107806 ], [ -99.1703009, 28.1107806 ], [ -99.1703009, 28.0710766 ], [ -99.0352841, 28.0710766 ], [ -99.0352841, 28.0313579 ], [ -98.9902785, 28.0313579 ], [ -98.9902785, 28.0710766 ], [ -98.855261700000014, 28.0710766 ], [ -98.855261700000014, 28.1504699 ], [ -98.9002673, 28.1504699 ], [ -98.9002673, 28.1107806 ], [ -98.9452729, 28.1107806 ], [ -98.9452729, 28.1504699 ], [ -98.9902785, 28.1504699 ], [ -98.9902785, 28.1107806 ], [ -99.0802897, 28.1107806 ], [ -99.0802897, 28.1504699 ], [ -99.0352841, 28.1504699 ], [ -99.0352841, 28.2694495 ], [ -98.9452729, 28.2694495 ], [ -98.9452729, 28.1901445 ], [ -98.9002673, 28.1901445 ], [ -98.9002673, 28.3090799 ], [ -99.0352841, 28.3090799 ], [ -99.0352841, 28.3486956 ], [ -98.9002673, 28.3486956 ], [ -98.9002673, 28.3882964 ], [ -98.855261700000014, 28.3882964 ], [ -98.855261700000014, 28.4674538 ], [ -98.7652505, 28.4674538 ], [ -98.7652505, 28.5070103 ], [ -98.855261700000014, 28.5070103 ], [ -98.855261700000014, 28.6255907 ], [ -98.810256099999989, 28.6255907 ], [ -98.810256099999989, 28.6650878 ], [ -98.7202449, 28.6650878 ] ], [ [ -98.4052058, 28.6650878 ], [ -98.4052058, 28.5465519 ], [ -98.4502114, 28.5465519 ], [ -98.4502114, 28.6255907 ], [ -98.495217, 28.6255907 ], [ -98.495217, 28.6650878 ], [ -98.4052058, 28.6650878 ] ], [ [ -96.2449372, 28.6650878 ], [ -96.2449372, 28.5860787 ], [ -96.154926, 28.5860787 ], [ -96.154926, 28.5465519 ], [ -96.1999316, 28.5465519 ], [ -96.1999316, 28.5070103 ], [ -96.2899428, 28.5070103 ], [ -96.2899428, 28.4674538 ], [ -96.379954, 28.4674538 ], [ -96.379954, 28.5070103 ], [ -96.46996510000001, 28.5070103 ], [ -96.46996510000001, 28.5465519 ], [ -96.4249595, 28.5465519 ], [ -96.4249595, 28.5860787 ], [ -96.379954, 28.5860787 ], [ -96.379954, 28.6255907 ], [ -96.2899428, 28.6255907 ], [ -96.2899428, 28.6650878 ], [ -96.2449372, 28.6650878 ] ], [ [ -96.5149707, 28.6255907 ], [ -96.5149707, 28.5860787 ], [ -96.6049819, 28.5860787 ], [ -96.6049819, 28.6255907 ], [ -96.5149707, 28.6255907 ] ], [ [ -99.9804016, 28.5860787 ], [ -99.9804016, 28.5465519 ], [ -100.025407199999989, 28.5465519 ], [ -100.025407199999989, 28.5860787 ], [ -99.9804016, 28.5860787 ] ], [ [ -99.4853401, 28.5860787 ], [ -99.4853401, 28.5465519 ], [ -99.530345700000012, 28.5465519 ], [ -99.530345700000012, 28.5860787 ], [ -99.4853401, 28.5860787 ] ], [ [ -99.8903904, 28.5465519 ], [ -99.8903904, 28.5070103 ], [ -99.935396, 28.5070103 ], [ -99.935396, 28.5465519 ], [ -99.8903904, 28.5465519 ] ], [ [ -98.9902785, 28.5465519 ], [ -98.9902785, 28.5070103 ], [ -99.0802897, 28.5070103 ], [ -99.0802897, 28.5465519 ], [ -98.9902785, 28.5465519 ] ], [ [ -97.820133, 28.5465519 ], [ -97.820133, 28.4674538 ], [ -97.8651386, 28.4674538 ], [ -97.8651386, 28.5465519 ], [ -97.820133, 28.5465519 ] ], [ [ -99.6653624, 28.5070103 ], [ -99.6653624, 28.4674538 ], [ -99.710368, 28.4674538 ], [ -99.710368, 28.5070103 ], [ -99.6653624, 28.5070103 ] ], [ [ -98.9452729, 28.5070103 ], [ -98.9452729, 28.4674538 ], [ -98.9902785, 28.4674538 ], [ -98.9902785, 28.5070103 ], [ -98.9452729, 28.5070103 ] ], [ [ -97.9101442, 28.5070103 ], [ -97.9101442, 28.4674538 ], [ -97.9551498, 28.4674538 ], [ -97.9551498, 28.5070103 ], [ -97.9101442, 28.5070103 ] ], [ [ -99.305317699999989, 28.4674538 ], [ -99.305317699999989, 28.4278825 ], [ -99.3503233, 28.4278825 ], [ -99.3503233, 28.4674538 ], [ -99.305317699999989, 28.4674538 ] ], [ [ -99.0802897, 28.4674538 ], [ -99.0802897, 28.4278825 ], [ -99.0352841, 28.4278825 ], [ -99.0352841, 28.3486956 ], [ -99.1252953, 28.3486956 ], [ -99.1252953, 28.3882964 ], [ -99.1703009, 28.3882964 ], [ -99.1703009, 28.4278825 ], [ -99.1252953, 28.4278825 ], [ -99.1252953, 28.4674538 ], [ -99.0802897, 28.4674538 ] ], [ [ -99.3503233, 28.4278825 ], [ -99.3503233, 28.3882964 ], [ -99.305317699999989, 28.3882964 ], [ -99.305317699999989, 28.3090799 ], [ -99.3953289, 28.3090799 ], [ -99.3953289, 28.4278825 ], [ -99.3503233, 28.4278825 ] ], [ [ -96.7850043, 28.4278825 ], [ -96.7850043, 28.3882964 ], [ -96.8300099, 28.3882964 ], [ -96.8300099, 28.4278825 ], [ -96.7850043, 28.4278825 ] ], [ [ -96.379954, 28.4278825 ], [ -96.379954, 28.3882964 ], [ -96.4249595, 28.3882964 ], [ -96.4249595, 28.4278825 ], [ -96.379954, 28.4278825 ] ], [ [ -99.7553736, 28.3882964 ], [ -99.7553736, 28.3486956 ], [ -99.8003792, 28.3486956 ], [ -99.8003792, 28.3882964 ], [ -99.7553736, 28.3882964 ] ], [ [ -99.2153065, 28.3882964 ], [ -99.2153065, 28.3486956 ], [ -99.2603121, 28.3486956 ], [ -99.2603121, 28.3882964 ], [ -99.2153065, 28.3882964 ] ], [ [ -96.7399987, 28.3882964 ], [ -96.7399987, 28.3486956 ], [ -96.6949931, 28.3486956 ], [ -96.6949931, 28.3090799 ], [ -96.6049819, 28.3090799 ], [ -96.6049819, 28.2694495 ], [ -96.6499875, 28.2694495 ], [ -96.6499875, 28.2298044 ], [ -96.6949931, 28.2298044 ], [ -96.6949931, 28.1901445 ], [ -96.7850043, 28.1901445 ], [ -96.7850043, 28.3882964 ], [ -96.7399987, 28.3882964 ] ], [ [ -96.4249595, 28.3882964 ], [ -96.4249595, 28.3486956 ], [ -96.5149707, 28.3486956 ], [ -96.5149707, 28.3882964 ], [ -96.4249595, 28.3882964 ] ], [ [ -99.5753512, 28.3486956 ], [ -99.5753512, 28.3090799 ], [ -99.6653624, 28.3090799 ], [ -99.6653624, 28.3486956 ], [ -99.5753512, 28.3486956 ] ], [ [ -99.4853401, 28.3486956 ], [ -99.4853401, 28.3090799 ], [ -99.3953289, 28.3090799 ], [ -99.3953289, 28.2298044 ], [ -99.4853401, 28.2298044 ], [ -99.4853401, 28.1901445 ], [ -99.530345700000012, 28.1901445 ], [ -99.530345700000012, 28.2298044 ], [ -99.5753512, 28.2298044 ], [ -99.5753512, 28.2694495 ], [ -99.530345700000012, 28.2694495 ], [ -99.530345700000012, 28.3486956 ], [ -99.4853401, 28.3486956 ] ], [ [ -96.5149707, 28.3486956 ], [ -96.5149707, 28.3090799 ], [ -96.6049819, 28.3090799 ], [ -96.6049819, 28.3486956 ], [ -96.5149707, 28.3486956 ] ], [ [ -99.1252953, 28.3090799 ], [ -99.1252953, 28.2694495 ], [ -99.1703009, 28.2694495 ], [ -99.1703009, 28.3090799 ], [ -99.1252953, 28.3090799 ] ], [ [ -98.270189, 28.3090799 ], [ -98.270189, 28.2694495 ], [ -98.3151946, 28.2694495 ], [ -98.3151946, 28.3090799 ], [ -98.270189, 28.3090799 ] ], [ [ -98.1351722, 28.2694495 ], [ -98.1351722, 28.1901445 ], [ -98.1801778, 28.1901445 ], [ -98.1801778, 28.2694495 ], [ -98.1351722, 28.2694495 ] ], [ [ -99.0802897, 28.2298044 ], [ -99.0802897, 28.1504699 ], [ -99.1252953, 28.1504699 ], [ -99.1252953, 28.2298044 ], [ -99.0802897, 28.2298044 ] ], [ [ -98.045161, 28.2298044 ], [ -98.045161, 28.1901445 ], [ -98.090166599999989, 28.1901445 ], [ -98.090166599999989, 28.2298044 ], [ -98.045161, 28.2298044 ] ], [ [ -99.6653624, 28.1901445 ], [ -99.6653624, 28.1504699 ], [ -99.7553736, 28.1504699 ], [ -99.7553736, 28.1901445 ], [ -99.6653624, 28.1901445 ] ], [ [ -99.5753512, 28.1901445 ], [ -99.5753512, 28.1504699 ], [ -99.6203568, 28.1504699 ], [ -99.6203568, 28.1901445 ], [ -99.5753512, 28.1901445 ] ], [ [ -99.3503233, 28.1504699 ], [ -99.3503233, 28.0313579 ], [ -99.3953289, 28.0313579 ], [ -99.3953289, 28.1504699 ], [ -99.3503233, 28.1504699 ] ], [ [ -98.1351722, 28.1504699 ], [ -98.1351722, 28.1107806 ], [ -98.1801778, 28.1107806 ], [ -98.1801778, 28.1504699 ], [ -98.1351722, 28.1504699 ] ], [ [ -97.0550379, 28.1504699 ], [ -97.0550379, 28.1107806 ], [ -97.1000435, 28.1107806 ], [ -97.1000435, 28.1504699 ], [ -97.0550379, 28.1504699 ] ], [ [ -96.8300099, 28.1504699 ], [ -96.8300099, 28.1107806 ], [ -96.875015499999989, 28.1107806 ], [ -96.875015499999989, 28.0710766 ], [ -96.9200211, 28.0710766 ], [ -96.9200211, 28.0313579 ], [ -96.9650267, 28.0313579 ], [ -96.9650267, 27.9916246 ], [ -97.0100323, 27.9916246 ], [ -97.0100323, 28.1107806 ], [ -96.9200211, 28.1107806 ], [ -96.9200211, 28.1504699 ], [ -96.8300099, 28.1504699 ] ], [ [ -99.6653624, 28.1107806 ], [ -99.6653624, 28.0710766 ], [ -99.710368, 28.0710766 ], [ -99.710368, 28.1107806 ], [ -99.6653624, 28.1107806 ] ], [ [ -99.4403345, 28.1107806 ], [ -99.4403345, 28.0710766 ], [ -99.4853401, 28.0710766 ], [ -99.4853401, 28.0313579 ], [ -99.530345700000012, 28.0313579 ], [ -99.530345700000012, 28.1107806 ], [ -99.4403345, 28.1107806 ] ], [ [ -97.1450491, 28.1107806 ], [ -97.1450491, 28.0710766 ], [ -97.1900547, 28.0710766 ], [ -97.1900547, 28.1107806 ], [ -97.1450491, 28.1107806 ] ], [ [ -98.3602002, 28.0313579 ], [ -98.3602002, 27.9916246 ], [ -98.4052058, 27.9916246 ], [ -98.4052058, 28.0313579 ], [ -98.3602002, 28.0313579 ] ], [ [ -98.3151946, 27.9916246 ], [ -98.3151946, 27.9121139 ], [ -98.3602002, 27.9121139 ], [ -98.3602002, 27.9916246 ], [ -98.3151946, 27.9916246 ] ], [ [ -97.0100323, 27.9916246 ], [ -97.0100323, 27.9518766 ], [ -97.0550379, 27.9518766 ], [ -97.0550379, 27.9916246 ], [ -97.0100323, 27.9916246 ] ], [ [ -97.0550379, 27.9518766 ], [ -97.0550379, 27.8723367 ], [ -97.1000435, 27.8723367 ], [ -97.1000435, 27.9518766 ], [ -97.0550379, 27.9518766 ] ], [ [ -98.270189, 27.8723367 ], [ -98.270189, 27.8325448 ], [ -98.3602002, 27.8325448 ], [ -98.3602002, 27.8723367 ], [ -98.270189, 27.8723367 ] ], [ [ -97.2800659, 27.8723367 ], [ -97.2800659, 27.8325448 ], [ -97.2350603, 27.8325448 ], [ -97.2350603, 27.7927384 ], [ -97.1900547, 27.7927384 ], [ -97.1900547, 27.8325448 ], [ -97.1450491, 27.8325448 ], [ -97.1450491, 27.8723367 ], [ -97.1000435, 27.8723367 ], [ -97.1000435, 27.7927384 ], [ -97.1450491, 27.7927384 ], [ -97.1450491, 27.7529173 ], [ -97.1900547, 27.7529173 ], [ -97.1900547, 27.6732315 ], [ -97.2350603, 27.6732315 ], [ -97.2350603, 27.7130817 ], [ -97.3250715, 27.7130817 ], [ -97.3250715, 27.7529173 ], [ -97.3700771, 27.7529173 ], [ -97.3700771, 27.8325448 ], [ -97.3250715, 27.8325448 ], [ -97.3250715, 27.8723367 ], [ -97.2800659, 27.8723367 ] ], [ [ -99.305317699999989, 27.7927384 ], [ -99.305317699999989, 27.6732315 ], [ -99.2603121, 27.6732315 ], [ -99.2603121, 27.6333668 ], [ -99.305317699999989, 27.6333668 ], [ -99.305317699999989, 27.5934876 ], [ -99.3953289, 27.5934876 ], [ -99.3953289, 27.7130817 ], [ -99.3503233, 27.7130817 ], [ -99.3503233, 27.7529173 ], [ -99.3953289, 27.7529173 ], [ -99.3953289, 27.7927384 ], [ -99.305317699999989, 27.7927384 ] ], [ [ -97.3700771, 27.7529173 ], [ -97.3700771, 27.7130817 ], [ -97.4150827, 27.7130817 ], [ -97.4150827, 27.7529173 ], [ -97.3700771, 27.7529173 ] ], [ [ -98.4502114, 27.7130817 ], [ -98.4502114, 27.6732315 ], [ -98.495217, 27.6732315 ], [ -98.495217, 27.7130817 ], [ -98.4502114, 27.7130817 ] ], [ [ -99.1703009, 27.6732315 ], [ -99.1703009, 27.6333668 ], [ -99.2153065, 27.6333668 ], [ -99.2153065, 27.6732315 ], [ -99.1703009, 27.6732315 ] ], [ [ -98.4502114, 27.6333668 ], [ -98.4502114, 27.5934876 ], [ -98.495217, 27.5934876 ], [ -98.495217, 27.6333668 ], [ -98.4502114, 27.6333668 ] ], [ [ -99.1703009, 27.5934876 ], [ -99.1703009, 27.5136856 ], [ -99.2603121, 27.5136856 ], [ -99.2603121, 27.5934876 ], [ -99.1703009, 27.5934876 ] ], [ [ -98.3602002, 27.5934876 ], [ -98.3602002, 27.5535939 ], [ -98.4052058, 27.5535939 ], [ -98.4052058, 27.5934876 ], [ -98.3602002, 27.5934876 ] ], [ [ -98.045161, 27.5934876 ], [ -98.045161, 27.5535939 ], [ -98.090166599999989, 27.5535939 ], [ -98.090166599999989, 27.5934876 ], [ -98.045161, 27.5934876 ] ], [ [ -99.4403345, 27.5535939 ], [ -99.4403345, 27.5136856 ], [ -99.4853401, 27.5136856 ], [ -99.4853401, 27.5535939 ], [ -99.4403345, 27.5535939 ] ], [ [ -99.3503233, 27.5535939 ], [ -99.3503233, 27.5136856 ], [ -99.3953289, 27.5136856 ], [ -99.3953289, 27.5535939 ], [ -99.3503233, 27.5535939 ] ], [ [ -98.4502114, 27.5136856 ], [ -98.4502114, 27.4737629 ], [ -98.495217, 27.4737629 ], [ -98.495217, 27.5136856 ], [ -98.4502114, 27.5136856 ] ], [ [ -99.2603121, 27.4338257 ], [ -99.2603121, 27.393874 ], [ -99.305317699999989, 27.393874 ], [ -99.305317699999989, 27.4338257 ], [ -99.2603121, 27.4338257 ] ], [ [ -98.495217, 27.4338257 ], [ -98.495217, 27.393874 ], [ -98.5402225, 27.393874 ], [ -98.5402225, 27.4338257 ], [ -98.495217, 27.4338257 ] ], [ [ -99.2153065, 27.393874 ], [ -99.2153065, 27.353908 ], [ -99.2603121, 27.353908 ], [ -99.2603121, 27.393874 ], [ -99.2153065, 27.393874 ] ], [ [ -99.3953289, 27.3139274 ], [ -99.3953289, 27.2739325 ], [ -99.4403345, 27.2739325 ], [ -99.4403345, 27.3139274 ], [ -99.3953289, 27.3139274 ] ], [ [ -98.4052058, 27.3139274 ], [ -98.4052058, 27.2739325 ], [ -98.4502114, 27.2739325 ], [ -98.4502114, 27.3139274 ], [ -98.4052058, 27.3139274 ] ], [ [ -97.5500994, 27.3139274 ], [ -97.5500994, 27.2739325 ], [ -97.595105, 27.2739325 ], [ -97.595105, 27.3139274 ], [ -97.5500994, 27.3139274 ] ], [ [ -98.5402225, 27.2739325 ], [ -98.5402225, 27.2339232 ], [ -98.5852281, 27.2339232 ], [ -98.5852281, 27.2739325 ], [ -98.5402225, 27.2739325 ] ], [ [ -97.3700771, 27.2739325 ], [ -97.3700771, 27.2339232 ], [ -97.4150827, 27.2339232 ], [ -97.4150827, 27.2739325 ], [ -97.3700771, 27.2739325 ] ], [ [ -98.5852281, 27.2339232 ], [ -98.5852281, 27.1938995 ], [ -98.6302337, 27.1938995 ], [ -98.6302337, 27.2339232 ], [ -98.5852281, 27.2339232 ] ], [ [ -98.3602002, 27.2339232 ], [ -98.3602002, 27.1938995 ], [ -98.4052058, 27.1938995 ], [ -98.4052058, 27.2339232 ], [ -98.3602002, 27.2339232 ] ], [ [ -98.3602002, 27.1138089 ], [ -98.3602002, 27.0737421 ], [ -98.3151946, 27.0737421 ], [ -98.3151946, 26.9935656 ], [ -98.4052058, 26.9935656 ], [ -98.4052058, 26.9534559 ], [ -98.3602002, 26.9534559 ], [ -98.3602002, 26.8731936 ], [ -98.4052058, 26.8731936 ], [ -98.4052058, 26.9133319 ], [ -98.495217, 26.9133319 ], [ -98.495217, 26.8731936 ], [ -98.4502114, 26.8731936 ], [ -98.4502114, 26.8330411 ], [ -98.4052058, 26.8330411 ], [ -98.4052058, 26.7928743 ], [ -98.5852281, 26.7928743 ], [ -98.5852281, 26.8330411 ], [ -98.6302337, 26.8330411 ], [ -98.6302337, 26.8731936 ], [ -98.7202449, 26.8731936 ], [ -98.7202449, 26.9133319 ], [ -98.6752393, 26.9133319 ], [ -98.6752393, 26.9534559 ], [ -98.5852281, 26.9534559 ], [ -98.5852281, 26.9935656 ], [ -98.5402225, 26.9935656 ], [ -98.5402225, 27.033661 ], [ -98.6302337, 27.033661 ], [ -98.6302337, 27.0737421 ], [ -98.5402225, 27.0737421 ], [ -98.5402225, 27.1138089 ], [ -98.3602002, 27.1138089 ] ], [ [ -99.1703009, 26.9534559 ], [ -99.1703009, 26.9133319 ], [ -99.2153065, 26.9133319 ], [ -99.2153065, 26.9534559 ], [ -99.1703009, 26.9534559 ] ], [ [ -98.270189, 26.9534559 ], [ -98.270189, 26.9133319 ], [ -98.3151946, 26.9133319 ], [ -98.3151946, 26.9534559 ], [ -98.270189, 26.9534559 ] ], [ [ -99.1703009, 26.8330411 ], [ -99.1703009, 26.7928743 ], [ -99.2153065, 26.7928743 ], [ -99.2153065, 26.8330411 ], [ -99.1703009, 26.8330411 ] ], [ [ -98.6752393, 26.8330411 ], [ -98.6752393, 26.7124981 ], [ -98.7202449, 26.7124981 ], [ -98.7202449, 26.7526933 ], [ -98.810256099999989, 26.7526933 ], [ -98.810256099999989, 26.7928743 ], [ -98.7202449, 26.7928743 ], [ -98.7202449, 26.8330411 ], [ -98.6752393, 26.8330411 ] ], [ [ -98.5852281, 26.7928743 ], [ -98.5852281, 26.7526933 ], [ -98.6302337, 26.7526933 ], [ -98.6302337, 26.7928743 ], [ -98.5852281, 26.7928743 ] ], [ [ -98.2251834, 26.7526933 ], [ -98.2251834, 26.7124981 ], [ -98.270189, 26.7124981 ], [ -98.270189, 26.7526933 ], [ -98.2251834, 26.7526933 ] ], [ [ -98.9002673, 26.7124981 ], [ -98.9002673, 26.6722887 ], [ -98.855261700000014, 26.6722887 ], [ -98.855261700000014, 26.6320652 ], [ -98.9452729, 26.6320652 ], [ -98.9452729, 26.6722887 ], [ -99.0352841, 26.6722887 ], [ -99.0352841, 26.7124981 ], [ -98.9002673, 26.7124981 ] ], [ [ -98.810256099999989, 26.7124981 ], [ -98.810256099999989, 26.6722887 ], [ -98.855261700000014, 26.6722887 ], [ -98.855261700000014, 26.7124981 ], [ -98.810256099999989, 26.7124981 ] ], [ [ -98.5852281, 26.7124981 ], [ -98.5852281, 26.6722887 ], [ -98.6752393, 26.6722887 ], [ -98.6752393, 26.7124981 ], [ -98.5852281, 26.7124981 ] ], [ [ -98.270189, 26.5918274 ], [ -98.270189, 26.5515755 ], [ -98.3151946, 26.5515755 ], [ -98.3151946, 26.5918274 ], [ -98.270189, 26.5918274 ] ], [ [ -98.9452729, 26.5515755 ], [ -98.9452729, 26.5113095 ], [ -98.9902785, 26.5113095 ], [ -98.9902785, 26.5515755 ], [ -98.9452729, 26.5515755 ] ], [ [ -98.6752393, 26.5113095 ], [ -98.6752393, 26.4710294 ], [ -98.7202449, 26.4710294 ], [ -98.7202449, 26.5113095 ], [ -98.6752393, 26.5113095 ] ] ], [ [ [ -98.045161, 33.4059953 ], [ -98.045161, 33.368417 ], [ -97.9551498, 33.368417 ], [ -97.9551498, 33.4059953 ], [ -98.045161, 33.4059953 ] ] ], [ [ [ -98.000155400000011, 33.3308224 ], [ -98.000155400000011, 33.2932116 ], [ -97.9551498, 33.2932116 ], [ -97.9551498, 33.3308224 ], [ -98.000155400000011, 33.3308224 ] ] ], [ [ [ -98.000155400000011, 33.2555845 ], [ -98.000155400000011, 33.2179413 ], [ -97.9551498, 33.2179413 ], [ -97.9551498, 33.2555845 ], [ -98.000155400000011, 33.2555845 ] ] ], [ [ [ -97.4600882, 33.2555845 ], [ -97.4600882, 33.2179413 ], [ -97.4150827, 33.2179413 ], [ -97.4150827, 33.2555845 ], [ -97.4600882, 33.2555845 ] ] ], [ [ [ -97.4600882, 33.1802818 ], [ -97.4600882, 33.142606199999989 ], [ -97.4150827, 33.1426062 ], [ -97.4150827, 33.1802818 ], [ -97.4600882, 33.1802818 ] ] ], [ [ [ -96.875015499999989, 32.9917418 ], [ -96.875015499999989, 32.9539854 ], [ -96.8300099, 32.9539854 ], [ -96.8300099, 32.9917418 ], [ -96.875015499999989, 32.9917418 ] ] ], [ [ [ -96.8300099, 32.7649611 ], [ -96.8300099, 32.727108 ], [ -96.7850043, 32.727108 ], [ -96.7850043, 32.7649611 ], [ -96.8300099, 32.7649611 ] ] ], [ [ [ -96.9200211, 32.6892388 ], [ -96.9200211, 32.6513535 ], [ -96.875015499999989, 32.6513535 ], [ -96.875015499999989, 32.6892388 ], [ -96.9200211, 32.6892388 ] ] ], [ [ [ -97.4600882, 32.9162127 ], [ -97.4600882, 32.878424 ], [ -97.4150827, 32.878424 ], [ -97.4150827, 32.9162127 ], [ -97.4600882, 32.9162127 ] ] ], [ [ [ -97.5050938, 32.878424 ], [ -97.5050938, 32.8406192 ], [ -97.4600882, 32.8406192 ], [ -97.4600882, 32.878424 ], [ -97.5050938, 32.878424 ] ] ], [ [ [ -97.4150827, 32.878424 ], [ -97.4150827, 32.8406192 ], [ -97.3700771, 32.8406192 ], [ -97.3700771, 32.878424 ], [ -97.4150827, 32.878424 ] ] ], [ [ [ -97.3250715, 32.8406192 ], [ -97.3250715, 32.8027982 ], [ -97.2800659, 32.8027982 ], [ -97.2800659, 32.8406192 ], [ -97.3250715, 32.8406192 ] ] ], [ [ [ -97.5500994, 32.8027982 ], [ -97.5500994, 32.7649611 ], [ -97.5050938, 32.7649611 ], [ -97.5050938, 32.6892388 ], [ -97.4600882, 32.6892388 ], [ -97.4600882, 32.8027982 ], [ -97.5500994, 32.8027982 ] ] ], [ [ [ -97.4150827, 32.8027982 ], [ -97.4150827, 32.7649611 ], [ -97.3700771, 32.7649611 ], [ -97.3700771, 32.8027982 ], [ -97.4150827, 32.8027982 ] ] ], [ [ [ -97.4150827, 32.727108 ], [ -97.4150827, 32.6892388 ], [ -97.3700771, 32.6892388 ], [ -97.3700771, 32.727108 ], [ -97.4150827, 32.727108 ] ] ], [ [ [ -103.7158661, 31.5840818 ], [ -103.7158661, 31.5457349 ], [ -103.670860499999989, 31.5457349 ], [ -103.670860499999989, 31.5840818 ], [ -103.7158661, 31.5840818 ] ] ], [ [ [ -103.76087170000001, 31.5073723 ], [ -103.76087170000001, 31.4689938 ], [ -103.7158661, 31.4689938 ], [ -103.7158661, 31.5073723 ], [ -103.76087170000001, 31.5073723 ] ] ], [ [ [ -104.075910799999988, 31.6607283 ], [ -104.075910799999988, 31.622413 ], [ -104.0309052, 31.622413 ], [ -104.0309052, 31.6607283 ], [ -104.075910799999988, 31.6607283 ] ] ], [ [ [ -104.3459444, 31.4305997 ], [ -104.3459444, 31.3921898 ], [ -104.3009388, 31.3921898 ], [ -104.3009388, 31.4305997 ], [ -104.3459444, 31.4305997 ] ] ], [ [ [ -98.000155400000011, 31.3537642 ], [ -98.000155400000011, 31.3153228 ], [ -97.9551498, 31.3153228 ], [ -97.9551498, 31.3537642 ], [ -98.000155400000011, 31.3537642 ] ] ], [ [ [ -95.299819700000015, 31.3921898 ], [ -95.299819700000015, 31.3153228 ], [ -95.2548141, 31.3153228 ], [ -95.2548141, 31.3921898 ], [ -95.299819700000015, 31.3921898 ] ] ], [ [ [ -98.9452729, 31.1614007 ], [ -98.9452729, 31.122881 ], [ -98.9002673, 31.122881 ], [ -98.9002673, 31.1614007 ], [ -98.9452729, 31.1614007 ] ] ], [ [ [ -99.0352841, 31.1614007 ], [ -99.0352841, 31.0457947 ], [ -98.9902785, 31.0457947 ], [ -98.9902785, 31.1614007 ], [ -99.0352841, 31.1614007 ] ] ], [ [ [ -98.9902785, 31.00722810000001 ], [ -98.9902785, 30.9686459 ], [ -98.9452729, 30.9686459 ], [ -98.9452729, 31.00722810000001 ], [ -98.9902785, 31.00722810000001 ] ] ], [ [ [ -97.820133, 30.9686459 ], [ -97.8651386, 30.9686459 ], [ -97.8651386, 30.9300481 ], [ -97.775127400000017, 30.9300481 ], [ -97.775127400000017, 31.0072281 ], [ -97.820133, 31.0072281 ], [ -97.820133, 30.9686459 ] ] ], [ [ [ -98.495217, 30.9686459 ], [ -98.495217, 30.8528057 ], [ -98.4502114, 30.8528057 ], [ -98.4502114, 30.8141612 ], [ -98.4052058, 30.8141612 ], [ -98.4052058, 30.9300481 ], [ -98.4502114, 30.9300481 ], [ -98.4502114, 30.9686459 ], [ -98.495217, 30.9686459 ] ] ], [ [ [ -98.3602002, 30.9686459 ], [ -98.3602002, 30.8914347 ], [ -98.3151946, 30.8914347 ], [ -98.3151946, 30.9686459 ], [ -98.3602002, 30.9686459 ] ] ], [ [ [ -98.6302337, 30.8914347 ], [ -98.6302337, 30.8528057 ], [ -98.5852281, 30.8528057 ], [ -98.5852281, 30.8914347 ], [ -98.6302337, 30.8914347 ] ] ], [ [ [ -98.5852281, 30.8528057 ], [ -98.5852281, 30.8141612 ], [ -98.495217, 30.8141612 ], [ -98.495217, 30.8528057 ], [ -98.5852281, 30.8528057 ] ] ], [ [ [ -98.3602002, 30.8141612 ], [ -98.3602002, 30.7755011 ], [ -98.3151946, 30.7755011 ], [ -98.3151946, 30.8141612 ], [ -98.3602002, 30.8141612 ] ] ], [ [ [ -102.9507709, 30.6981343 ], [ -102.9507709, 30.6594277 ], [ -102.860759699999988, 30.6594277 ], [ -102.860759699999988, 30.6981343 ], [ -102.9507709, 30.6981343 ] ] ], [ [ [ -102.8157541, 30.6594277 ], [ -102.8157541, 30.6207055 ], [ -102.7707485, 30.6207055 ], [ -102.7707485, 30.6594277 ], [ -102.8157541, 30.6594277 ] ] ], [ [ [ -98.045161, 30.5432147 ], [ -98.045161, 30.504446 ], [ -98.000155400000011, 30.504446 ], [ -98.000155400000011, 30.5432147 ], [ -98.045161, 30.5432147 ] ] ], [ [ [ -98.1801778, 30.504446 ], [ -98.1801778, 30.4656619 ], [ -98.090166599999989, 30.4656619 ], [ -98.090166599999989, 30.504446 ], [ -98.1801778, 30.504446 ] ] ], [ [ [ -98.090166599999989, 30.4656619 ], [ -98.090166599999989, 30.4268624 ], [ -97.9551498, 30.4268624 ], [ -97.9551498, 30.4656619 ], [ -98.090166599999989, 30.4656619 ] ] ], [ [ [ -98.270189, 30.4268624 ], [ -98.270189, 30.349217 ], [ -98.2251834, 30.349217 ], [ -98.2251834, 30.4268624 ], [ -98.270189, 30.4268624 ] ] ], [ [ [ -97.9101442, 30.4268624 ], [ -97.9101442, 30.3880474 ], [ -97.8651386, 30.3880474 ], [ -97.8651386, 30.4268624 ], [ -97.9101442, 30.4268624 ] ] ], [ [ [ -98.045161, 30.3880474 ], [ -98.045161, 30.27151 ], [ -98.000155400000011, 30.27151 ], [ -98.000155400000011, 30.349217 ], [ -97.9101442, 30.349217 ], [ -97.9101442, 30.3880474 ], [ -98.045161, 30.3880474 ] ] ], [ [ [ -98.4052058, 30.3880474 ], [ -98.4502114, 30.3880474 ], [ -98.4502114, 30.349217 ], [ -98.495217, 30.349217 ], [ -98.495217, 30.3103712 ], [ -98.4052058, 30.3103712 ], [ -98.4052058, 30.349217 ], [ -98.3151946, 30.349217 ], [ -98.3151946, 30.4268624 ], [ -98.270189, 30.4268624 ], [ -98.270189, 30.4656619 ], [ -98.4052058, 30.4656619 ], [ -98.4052058, 30.3880474 ] ] ], [ [ [ -98.4052058, 30.3103712 ], [ -98.4052058, 30.27151 ], [ -98.3602002, 30.27151 ], [ -98.3602002, 30.3103712 ], [ -98.4052058, 30.3103712 ] ] ], [ [ [ -97.820133, 30.3103712 ], [ -97.820133, 30.27151 ], [ -97.775127400000017, 30.27151 ], [ -97.775127400000017, 30.3103712 ], [ -97.820133, 30.3103712 ] ] ], [ [ [ -98.1801778, 30.27151 ], [ -98.2251834, 30.27151 ], [ -98.2251834, 30.2326334 ], [ -98.1351722, 30.2326334 ], [ -98.1351722, 30.3103712 ], [ -98.1801778, 30.3103712 ], [ -98.1801778, 30.27151 ] ] ], [ [ [ -98.1351722, 30.1937414 ], [ -98.2251834, 30.1937414 ], [ -98.2251834, 30.1159113 ], [ -98.1801778, 30.1159113 ], [ -98.1801778, 30.154834 ], [ -98.090166599999989, 30.154834 ], [ -98.090166599999989, 30.1937414 ], [ -98.045161, 30.1937414 ], [ -98.045161, 30.2326334 ], [ -98.1351722, 30.2326334 ], [ -98.1351722, 30.1937414 ] ] ], [ [ [ -98.090166599999989, 30.154834 ], [ -98.090166599999989, 30.1159113 ], [ -98.045161, 30.1159113 ], [ -98.045161, 30.154834 ], [ -98.090166599999989, 30.154834 ] ] ], [ [ [ -98.6752393, 30.1159113 ], [ -98.6752393, 30.0769733 ], [ -98.5852281, 30.0769733 ], [ -98.5852281, 30.1159113 ], [ -98.6752393, 30.1159113 ] ] ], [ [ [ -98.045161, 30.1159113 ], [ -98.045161, 30.0769733 ], [ -98.000155400000011, 30.0769733 ], [ -98.000155400000011, 30.1159113 ], [ -98.045161, 30.1159113 ] ] ], [ [ [ -98.270189, 30.0769733 ], [ -98.270189, 30.0380199 ], [ -98.2251834, 30.0380199 ], [ -98.2251834, 30.0769733 ], [ -98.270189, 30.0769733 ] ] ], [ [ [ -98.045161, 29.9990512 ], [ -98.045161, 29.9600671 ], [ -98.000155400000011, 29.9600671 ], [ -98.000155400000011, 29.9990512 ], [ -98.045161, 29.9990512 ] ] ], [ [ [ -98.5402225, 29.9600671 ], [ -98.5402225, 29.8820532 ], [ -98.495217, 29.8820532 ], [ -98.495217, 29.9600671 ], [ -98.5402225, 29.9600671 ] ] ], [ [ [ -98.3602002, 29.9600671 ], [ -98.3602002, 29.9210678 ], [ -98.3151946, 29.9210678 ], [ -98.3151946, 29.9600671 ], [ -98.3602002, 29.9600671 ] ] ], [ [ [ -98.6302337, 29.9210678 ], [ -98.6302337, 29.8820532 ], [ -98.5852281, 29.8820532 ], [ -98.5852281, 29.9210678 ], [ -98.6302337, 29.9210678 ] ] ], [ [ [ -98.3151946, 29.9210678 ], [ -98.3151946, 29.8820532 ], [ -98.270189, 29.8820532 ], [ -98.270189, 29.9210678 ], [ -98.3151946, 29.9210678 ] ] ], [ [ [ -98.4502114, 29.9600671 ], [ -98.4502114, 29.8820532 ], [ -98.4052058, 29.8820532 ], [ -98.4052058, 29.8430234 ], [ -98.3602002, 29.8430234 ], [ -98.3602002, 29.9210678 ], [ -98.4052058, 29.9210678 ], [ -98.4052058, 29.9600671 ], [ -98.4502114, 29.9600671 ] ] ], [ [ [ -98.3602002, 29.8039783 ], [ -98.3602002, 29.7649179 ], [ -98.3151946, 29.7649179 ], [ -98.3151946, 29.7258423 ], [ -98.270189, 29.7258423 ], [ -98.270189, 29.8039783 ], [ -98.3602002, 29.8039783 ] ] ], [ [ [ -98.5852281, 29.7258423 ], [ -98.5852281, 29.6867515 ], [ -98.5402225, 29.6867515 ], [ -98.5402225, 29.7258423 ], [ -98.5852281, 29.7258423 ] ] ], [ [ [ -98.4052058, 29.6867515 ], [ -98.4052058, 29.6476454 ], [ -98.3602002, 29.6476454 ], [ -98.3602002, 29.6867515 ], [ -98.4052058, 29.6867515 ] ] ], [ [ [ -98.495217, 29.6476454 ], [ -98.5402225, 29.6476454 ], [ -98.5402225, 29.6085242 ], [ -98.4502114, 29.6085242 ], [ -98.4502114, 29.5693878 ], [ -98.4052058, 29.5693878 ], [ -98.4052058, 29.6476454 ], [ -98.4502114, 29.6476454 ], [ -98.4502114, 29.6867515 ], [ -98.495217, 29.6867515 ], [ -98.495217, 29.6476454 ] ] ], [ [ [ -98.5852281, 29.5693878 ], [ -98.5852281, 29.5302362 ], [ -98.495217, 29.5302362 ], [ -98.495217, 29.5693878 ], [ -98.5852281, 29.5693878 ] ] ], [ [ [ -102.500715, 30.504446 ], [ -102.500715, 30.4656619 ], [ -102.4557094, 30.4656619 ], [ -102.4557094, 30.504446 ], [ -102.500715, 30.504446 ] ] ], [ [ [ -99.5753512, 30.4268624 ], [ -99.5753512, 30.3880474 ], [ -99.530345700000012, 30.3880474 ], [ -99.530345700000012, 30.4268624 ], [ -99.5753512, 30.4268624 ] ] ], [ [ [ -99.530345700000012, 30.3880474 ], [ -99.530345700000012, 30.349217 ], [ -99.4853401, 30.349217 ], [ -99.4853401, 30.3880474 ], [ -99.530345700000012, 30.3880474 ] ] ], [ [ [ -99.4853401, 30.349217 ], [ -99.4853401, 30.3103712 ], [ -99.4403345, 30.3103712 ], [ -99.4403345, 30.349217 ], [ -99.4853401, 30.349217 ] ] ], [ [ [ -99.8003792, 30.27151 ], [ -99.8003792, 30.154834 ], [ -99.7553736, 30.154834 ], [ -99.7553736, 30.1937414 ], [ -99.710368, 30.1937414 ], [ -99.710368, 30.2326334 ], [ -99.7553736, 30.2326334 ], [ -99.7553736, 30.27151 ], [ -99.8003792, 30.27151 ] ] ], [ [ [ -99.4853401, 30.1937414 ], [ -99.4853401, 30.154834 ], [ -99.4403345, 30.154834 ], [ -99.4403345, 30.1937414 ], [ -99.4853401, 30.1937414 ] ] ], [ [ [ -99.8453848, 30.154834 ], [ -99.8453848, 30.1159113 ], [ -99.8003792, 30.1159113 ], [ -99.8003792, 30.154834 ], [ -99.8453848, 30.154834 ] ] ], [ [ [ -99.710368, 30.154834 ], [ -99.710368, 30.1159113 ], [ -99.6203568, 30.1159113 ], [ -99.6203568, 30.154834 ], [ -99.710368, 30.154834 ] ] ], [ [ [ -99.4853401, 30.1159113 ], [ -99.4853401, 30.0769733 ], [ -99.3953289, 30.0769733 ], [ -99.3953289, 30.1159113 ], [ -99.4853401, 30.1159113 ] ] ], [ [ [ -100.3404464, 30.0769733 ], [ -100.3404464, 30.0380199 ], [ -100.2954408, 30.0380199 ], [ -100.2954408, 30.0769733 ], [ -100.3404464, 30.0769733 ] ] ], [ [ [ -99.8903904, 30.2326334 ], [ -99.935396, 30.2326334 ], [ -99.935396, 30.1937414 ], [ -99.9804016, 30.1937414 ], [ -99.9804016, 30.2326334 ], [ -100.025407199999989, 30.2326334 ], [ -100.025407199999989, 30.154834 ], [ -100.0704128, 30.154834 ], [ -100.0704128, 30.1159113 ], [ -100.1154184, 30.1159113 ], [ -100.1154184, 30.154834 ], [ -100.160424, 30.154834 ], [ -100.160424, 30.1937414 ], [ -100.2054296, 30.1937414 ], [ -100.2054296, 30.154834 ], [ -100.2504352, 30.154834 ], [ -100.2504352, 30.1159113 ], [ -100.2954408, 30.1159113 ], [ -100.2954408, 30.0769733 ], [ -100.2504352, 30.0769733 ], [ -100.2504352, 30.0380199 ], [ -100.2954408, 30.0380199 ], [ -100.2954408, 29.9990512 ], [ -100.2504352, 29.9990512 ], [ -100.2504352, 29.9600671 ], [ -100.2054296, 29.9600671 ], [ -100.2054296, 29.9990512 ], [ -100.160424, 29.9990512 ], [ -100.160424, 30.0380199 ], [ -100.1154184, 30.0380199 ], [ -100.1154184, 30.0769733 ], [ -100.025407199999989, 30.0769733 ], [ -100.025407199999989, 30.0380199 ], [ -99.935396, 30.0380199 ], [ -99.935396, 30.0769733 ], [ -99.9804016, 30.0769733 ], [ -99.9804016, 30.154834 ], [ -99.8903904, 30.154834 ], [ -99.8903904, 30.1937414 ], [ -99.8453848, 30.1937414 ], [ -99.8453848, 30.27151 ], [ -99.8903904, 30.27151 ], [ -99.8903904, 30.2326334 ] ], [ [ -100.160424, 30.1159113 ], [ -100.160424, 30.0769733 ], [ -100.2054296, 30.0769733 ], [ -100.2054296, 30.1159113 ], [ -100.160424, 30.1159113 ] ] ], [ [ [ -99.710368, 30.0380199 ], [ -99.710368, 29.9990512 ], [ -99.6653624, 29.9990512 ], [ -99.6653624, 30.0380199 ], [ -99.710368, 30.0380199 ] ] ], [ [ [ -100.160424, 29.9990512 ], [ -100.160424, 29.9600671 ], [ -100.1154184, 29.9600671 ], [ -100.1154184, 29.9990512 ], [ -100.160424, 29.9990512 ] ] ], [ [ [ -99.4853401, 29.9990512 ], [ -99.4853401, 29.9600671 ], [ -99.4403345, 29.9600671 ], [ -99.4403345, 29.9990512 ], [ -99.4853401, 29.9990512 ] ] ], [ [ [ -99.710368, 29.9600671 ], [ -99.710368, 29.8820532 ], [ -99.6653624, 29.8820532 ], [ -99.6653624, 29.9600671 ], [ -99.710368, 29.9600671 ] ] ], [ [ [ -100.3404464, 29.9210678 ], [ -100.3404464, 29.8820532 ], [ -100.2954408, 29.8820532 ], [ -100.2954408, 29.9210678 ], [ -100.3404464, 29.9210678 ] ] ], [ [ [ -99.3953289, 29.9210678 ], [ -99.3953289, 29.8820532 ], [ -99.3503233, 29.8820532 ], [ -99.3503233, 29.9210678 ], [ -99.3953289, 29.9210678 ] ] ], [ [ [ -99.305317699999989, 29.9210678 ], [ -99.305317699999989, 29.8820532 ], [ -99.2603121, 29.8820532 ], [ -99.2603121, 29.9210678 ], [ -99.305317699999989, 29.9210678 ] ] ], [ [ [ -100.2504352, 29.8820532 ], [ -100.2504352, 29.8039783 ], [ -100.2054296, 29.8039783 ], [ -100.2054296, 29.8820532 ], [ -100.2504352, 29.8820532 ] ] ], [ [ [ -99.8003792, 29.8820532 ], [ -99.8003792, 29.8430234 ], [ -99.7553736, 29.8430234 ], [ -99.7553736, 29.8820532 ], [ -99.8003792, 29.8820532 ] ] ], [ [ [ -99.6653624, 29.8820532 ], [ -99.6653624, 29.8430234 ], [ -99.6203568, 29.8430234 ], [ -99.6203568, 29.8820532 ], [ -99.6653624, 29.8820532 ] ] ], [ [ [ -99.4403345, 29.8820532 ], [ -99.4403345, 29.8430234 ], [ -99.3953289, 29.8430234 ], [ -99.3953289, 29.8820532 ], [ -99.4403345, 29.8820532 ] ] ], [ [ [ -99.3503233, 29.8820532 ], [ -99.3503233, 29.8430234 ], [ -99.305317699999989, 29.8430234 ], [ -99.305317699999989, 29.8820532 ], [ -99.3503233, 29.8820532 ] ] ], [ [ [ -99.8903904, 29.8430234 ], [ -99.8903904, 29.8039783 ], [ -99.8453848, 29.8039783 ], [ -99.8453848, 29.8430234 ], [ -99.8903904, 29.8430234 ] ] ], [ [ [ -99.710368, 29.7258423 ], [ -99.710368, 29.6867515 ], [ -99.6203568, 29.6867515 ], [ -99.6203568, 29.7258423 ], [ -99.710368, 29.7258423 ] ] ], [ [ [ -100.160424, 29.6476454 ], [ -100.160424, 29.6085242 ], [ -100.1154184, 29.6085242 ], [ -100.1154184, 29.6476454 ], [ -100.160424, 29.6476454 ] ] ], [ [ [ -99.8003792, 29.4910694 ], [ -99.8003792, 29.4518875 ], [ -99.7553736, 29.4518875 ], [ -99.7553736, 29.4910694 ], [ -99.8003792, 29.4910694 ] ] ], [ [ [ -99.1703009, 30.349217 ], [ -99.1703009, 30.3103712 ], [ -99.0802897, 30.3103712 ], [ -99.0802897, 30.349217 ], [ -99.1703009, 30.349217 ] ] ], [ [ [ -101.825631, 30.2326334 ], [ -101.825631, 30.1937414 ], [ -101.7806254, 30.1937414 ], [ -101.7806254, 30.2326334 ], [ -101.825631, 30.2326334 ] ] ], [ [ [ -101.9606478, 30.1937414 ], [ -101.9606478, 30.154834 ], [ -101.9156422, 30.154834 ], [ -101.9156422, 30.1937414 ], [ -101.9606478, 30.1937414 ] ] ], [ [ [ -101.3755751, 29.9990512 ], [ -101.3755751, 29.9600671 ], [ -101.3305695, 29.9600671 ], [ -101.3305695, 29.9990512 ], [ -101.3755751, 29.9990512 ] ] ], [ [ [ -100.6554855, 29.9600671 ], [ -100.7004911, 29.9600671 ], [ -100.7004911, 29.8820532 ], [ -100.61048, 29.8820532 ], [ -100.61048, 29.9990512 ], [ -100.6554855, 29.9990512 ], [ -100.6554855, 29.9600671 ] ] ], [ [ [ -95.479842, 29.8039783 ], [ -95.479842, 29.7649179 ], [ -95.4348364, 29.7649179 ], [ -95.4348364, 29.8039783 ], [ -95.479842, 29.8039783 ] ] ], [ [ [ -95.3448253, 29.8039783 ], [ -95.3448253, 29.7649179 ], [ -95.299819700000015, 29.7649179 ], [ -95.299819700000015, 29.8039783 ], [ -95.3448253, 29.8039783 ] ] ], [ [ [ -100.9255191, 29.8820532 ], [ -100.9255191, 29.8430234 ], [ -100.8805135, 29.8430234 ], [ -100.8805135, 29.8820532 ], [ -100.9255191, 29.8820532 ] ] ], [ [ [ -101.0605359, 29.8430234 ], [ -101.0605359, 29.8039783 ], [ -101.0155303, 29.8039783 ], [ -101.0155303, 29.8430234 ], [ -101.0605359, 29.8430234 ] ] ], [ [ [ -100.9705247, 29.8430234 ], [ -100.9705247, 29.7649179 ], [ -100.9255191, 29.7649179 ], [ -100.9255191, 29.8430234 ], [ -100.9705247, 29.8430234 ] ] ], [ [ [ -100.520468799999989, 29.6085242 ], [ -100.520468799999989, 29.5693878 ], [ -100.4754632, 29.5693878 ], [ -100.4754632, 29.6085242 ], [ -100.520468799999989, 29.6085242 ] ] ], [ [ [ -99.1252953, 29.6085242 ], [ -99.1252953, 29.5693878 ], [ -99.0802897, 29.5693878 ], [ -99.0802897, 29.6085242 ], [ -99.1252953, 29.6085242 ] ] ], [ [ [ -99.1703009, 29.5693878 ], [ -99.1703009, 29.5302362 ], [ -99.1252953, 29.5302362 ], [ -99.1252953, 29.5693878 ], [ -99.1703009, 29.5693878 ] ] ], [ [ [ -98.810256099999989, 28.5860787 ], [ -98.810256099999989, 28.5465519 ], [ -98.7652505, 28.5465519 ], [ -98.7652505, 28.5860787 ], [ -98.810256099999989, 28.5860787 ] ] ], [ [ [ -98.7202449, 28.5860787 ], [ -98.7202449, 28.5070103 ], [ -98.6302337, 28.5070103 ], [ -98.6302337, 28.5465519 ], [ -98.6752393, 28.5465519 ], [ -98.6752393, 28.5860787 ], [ -98.7202449, 28.5860787 ] ] ], [ [ [ -98.7652505, 28.4674538 ], [ -98.7652505, 28.3882964 ], [ -98.7202449, 28.3882964 ], [ -98.7202449, 28.4278825 ], [ -98.6302337, 28.4278825 ], [ -98.6302337, 28.4674538 ], [ -98.7652505, 28.4674538 ] ] ], [ [ [ -98.4502114, 28.3882964 ], [ -98.4502114, 28.3486956 ], [ -98.4052058, 28.3486956 ], [ -98.4052058, 28.3882964 ], [ -98.4502114, 28.3882964 ] ] ], [ [ [ -98.6302337, 28.4278825 ], [ -98.6302337, 28.3486956 ], [ -98.5402225, 28.3486956 ], [ -98.5402225, 28.3090799 ], [ -98.495217, 28.3090799 ], [ -98.495217, 28.2694495 ], [ -98.4502114, 28.2694495 ], [ -98.4502114, 28.3486956 ], [ -98.495217, 28.3486956 ], [ -98.495217, 28.3882964 ], [ -98.5852281, 28.3882964 ], [ -98.5852281, 28.4278825 ], [ -98.6302337, 28.4278825 ] ] ], [ [ [ -98.855261700000014, 28.3882964 ], [ -98.855261700000014, 28.1504699 ], [ -98.810256099999989, 28.1504699 ], [ -98.810256099999989, 28.3882964 ], [ -98.855261700000014, 28.3882964 ] ] ], [ [ [ -98.7652505, 28.3486956 ], [ -98.7652505, 28.3090799 ], [ -98.7202449, 28.3090799 ], [ -98.7202449, 28.2298044 ], [ -98.6752393, 28.2298044 ], [ -98.6752393, 28.3486956 ], [ -98.7652505, 28.3486956 ] ] ], [ [ [ -98.5852281, 28.2694495 ], [ -98.5852281, 28.2298044 ], [ -98.495217, 28.2298044 ], [ -98.495217, 28.2694495 ], [ -98.5852281, 28.2694495 ] ] ], [ [ [ -98.6752393, 28.2298044 ], [ -98.6752393, 28.1901445 ], [ -98.5852281, 28.1901445 ], [ -98.5852281, 28.2298044 ], [ -98.6752393, 28.2298044 ] ] ], [ [ [ -98.7652505, 28.1901445 ], [ -98.7652505, 28.1504699 ], [ -98.7202449, 28.1504699 ], [ -98.7202449, 28.1901445 ], [ -98.7652505, 28.1901445 ] ] ], [ [ [ -98.810256099999989, 28.1504699 ], [ -98.810256099999989, 28.0710766 ], [ -98.7652505, 28.0710766 ], [ -98.7652505, 28.1504699 ], [ -98.810256099999989, 28.1504699 ] ] ], [ [ [ -98.6752393, 28.1504699 ], [ -98.6752393, 28.0710766 ], [ -98.6302337, 28.0710766 ], [ -98.6302337, 28.1504699 ], [ -98.6752393, 28.1504699 ] ] ], [ [ [ -98.7202449, 28.0710766 ], [ -98.7202449, 28.0313579 ], [ -98.6752393, 28.0313579 ], [ -98.6752393, 28.0710766 ], [ -98.7202449, 28.0710766 ] ] ], [ [ [ -98.5402225, 28.0710766 ], [ -98.5402225, 28.0313579 ], [ -98.495217, 28.0313579 ], [ -98.495217, 28.0710766 ], [ -98.5402225, 28.0710766 ] ] ], [ [ [ -98.9452729, 28.0313579 ], [ -98.9452729, 27.9916246 ], [ -98.9002673, 27.9916246 ], [ -98.9002673, 28.0313579 ], [ -98.9452729, 28.0313579 ] ] ], [ [ [ -99.1252953, 27.9916246 ], [ -99.1252953, 27.9518766 ], [ -99.0802897, 27.9518766 ], [ -99.0802897, 27.9916246 ], [ -99.1252953, 27.9916246 ] ] ], [ [ [ -98.9452729, 27.9518766 ], [ -98.9452729, 27.9121139 ], [ -98.9002673, 27.9121139 ], [ -98.9002673, 27.9518766 ], [ -98.9452729, 27.9518766 ] ] ], [ [ [ -99.2603121, 27.9121139 ], [ -99.2603121, 27.8723367 ], [ -99.2153065, 27.8723367 ], [ -99.2153065, 27.9121139 ], [ -99.2603121, 27.9121139 ] ] ], [ [ [ -99.1252953, 27.9121139 ], [ -99.1252953, 27.8723367 ], [ -99.0802897, 27.8723367 ], [ -99.0802897, 27.9121139 ], [ -99.1252953, 27.9121139 ] ] ], [ [ [ -98.9002673, 27.9121139 ], [ -98.9002673, 27.7529173 ], [ -98.855261700000014, 27.7529173 ], [ -98.855261700000014, 27.7130817 ], [ -98.810256099999989, 27.7130817 ], [ -98.810256099999989, 27.8325448 ], [ -98.855261700000014, 27.8325448 ], [ -98.855261700000014, 27.9121139 ], [ -98.9002673, 27.9121139 ] ] ], [ [ [ -98.7202449, 27.8723367 ], [ -98.7202449, 27.8325448 ], [ -98.6752393, 27.8325448 ], [ -98.6752393, 27.8723367 ], [ -98.7202449, 27.8723367 ] ] ], [ [ [ -98.6302337, 27.8723367 ], [ -98.6302337, 27.8325448 ], [ -98.5852281, 27.8325448 ], [ -98.5852281, 27.8723367 ], [ -98.6302337, 27.8723367 ] ] ], [ [ [ -99.0352841, 27.7927384 ], [ -99.0352841, 27.7529173 ], [ -98.9452729, 27.7529173 ], [ -98.9452729, 27.7927384 ], [ -99.0352841, 27.7927384 ] ] ], [ [ [ -98.6302337, 27.7529173 ], [ -98.6302337, 27.7130817 ], [ -98.5852281, 27.7130817 ], [ -98.5852281, 27.7529173 ], [ -98.6302337, 27.7529173 ] ] ], [ [ [ -98.855261700000014, 27.6333668 ], [ -98.855261700000014, 27.5934876 ], [ -98.810256099999989, 27.5934876 ], [ -98.810256099999989, 27.6333668 ], [ -98.855261700000014, 27.6333668 ] ] ], [ [ [ -98.7652505, 27.6333668 ], [ -98.7652505, 27.5934876 ], [ -98.7202449, 27.5934876 ], [ -98.7202449, 27.6333668 ], [ -98.7652505, 27.6333668 ] ] ], [ [ [ -98.810256099999989, 27.5535939 ], [ -98.810256099999989, 27.5136856 ], [ -98.7652505, 27.5136856 ], [ -98.7652505, 27.5535939 ], [ -98.810256099999989, 27.5535939 ] ] ], [ [ [ -99.0352841, 27.4737629 ], [ -99.0352841, 27.393874 ], [ -98.9902785, 27.393874 ], [ -98.9902785, 27.4737629 ], [ -99.0352841, 27.4737629 ] ] ], [ [ [ -98.7652505, 27.4737629 ], [ -98.7652505, 27.4338257 ], [ -98.7202449, 27.4338257 ], [ -98.7202449, 27.4737629 ], [ -98.7652505, 27.4737629 ] ] ], [ [ [ -98.6752393, 27.4338257 ], [ -98.6752393, 27.393874 ], [ -98.6302337, 27.393874 ], [ -98.6302337, 27.4338257 ], [ -98.6752393, 27.4338257 ] ] ], [ [ [ -98.6302337, 27.393874 ], [ -98.6302337, 27.353908 ], [ -98.5852281, 27.353908 ], [ -98.5852281, 27.393874 ], [ -98.6302337, 27.393874 ] ] ], [ [ [ -99.2603121, 27.2339232 ], [ -99.2603121, 27.1938995 ], [ -99.2153065, 27.1938995 ], [ -99.2153065, 27.2339232 ], [ -99.2603121, 27.2339232 ] ] ], [ [ [ -99.1703009, 27.2339232 ], [ -99.1703009, 27.1938995 ], [ -99.1252953, 27.1938995 ], [ -99.1252953, 27.2339232 ], [ -99.1703009, 27.2339232 ] ] ], [ [ [ -98.9902785, 27.2339232 ], [ -99.0352841, 27.2339232 ], [ -99.0352841, 27.1938995 ], [ -98.9902785, 27.1938995 ], [ -98.9902785, 27.0737421 ], [ -98.9452729, 27.0737421 ], [ -98.9452729, 27.1138089 ], [ -98.9002673, 27.1138089 ], [ -98.9002673, 27.1538614 ], [ -98.9452729, 27.1538614 ], [ -98.9452729, 27.1938995 ], [ -98.9002673, 27.1938995 ], [ -98.9002673, 27.2339232 ], [ -98.9452729, 27.2339232 ], [ -98.9452729, 27.2739325 ], [ -98.9902785, 27.2739325 ], [ -98.9902785, 27.2339232 ] ] ], [ [ [ -99.2153065, 27.1938995 ], [ -99.2153065, 27.1538614 ], [ -99.1703009, 27.1538614 ], [ -99.1703009, 27.1938995 ], [ -99.2153065, 27.1938995 ] ] ], [ [ [ -99.2603121, 27.1538614 ], [ -99.2603121, 27.1138089 ], [ -99.2153065, 27.1138089 ], [ -99.2153065, 27.1538614 ], [ -99.2603121, 27.1538614 ] ] ], [ [ [ -99.2153065, 27.1138089 ], [ -99.2153065, 27.0737421 ], [ -99.1703009, 27.0737421 ], [ -99.1703009, 27.1138089 ], [ -99.2153065, 27.1138089 ] ] ], [ [ [ -99.0802897, 27.1138089 ], [ -99.0802897, 27.0737421 ], [ -99.0352841, 27.0737421 ], [ -99.0352841, 27.1138089 ], [ -99.0802897, 27.1138089 ] ] ], [ [ [ -98.9002673, 27.0737421 ], [ -98.9002673, 27.033661 ], [ -98.855261700000014, 27.033661 ], [ -98.855261700000014, 27.0737421 ], [ -98.9002673, 27.0737421 ] ] ], [ [ [ -99.0352841, 26.9935656 ], [ -99.0802897, 26.9935656 ], [ -99.0802897, 26.9133319 ], [ -99.0352841, 26.9133319 ], [ -99.0352841, 26.9534559 ], [ -98.9902785, 26.9534559 ], [ -98.9902785, 26.9133319 ], [ -98.9452729, 26.9133319 ], [ -98.9452729, 26.9935656 ], [ -98.9002673, 26.9935656 ], [ -98.9002673, 27.033661 ], [ -99.0352841, 27.033661 ], [ -99.0352841, 26.9935656 ] ] ], [ [ [ -99.1252953, 26.9133319 ], [ -99.1252953, 26.8731936 ], [ -99.0802897, 26.8731936 ], [ -99.0802897, 26.9133319 ], [ -99.1252953, 26.9133319 ] ] ], [ [ [ -98.5402225, 27.0737421 ], [ -98.5402225, 27.033661 ], [ -98.3602002, 27.033661 ], [ -98.3602002, 27.0737421 ], [ -98.5402225, 27.0737421 ] ] ], [ [ [ -98.6302337, 26.9133319 ], [ -98.6302337, 26.8731936 ], [ -98.5852281, 26.8731936 ], [ -98.5852281, 26.8330411 ], [ -98.5402225, 26.8330411 ], [ -98.5402225, 26.9133319 ], [ -98.6302337, 26.9133319 ] ] ] ] } }
]
}
